Site,Product,Period,ForecastDemand,ForecastRisk,CapacityMultiplier,CostMultiplier,ResilienceInvestment,InventoryBuffer,WorkforceFlexibility,SupplierRedundancy,OptimizedCapacity,ServiceLevel,Utilization,ExpectedCost,ResidualRisk,StrategicScore
21,7,264,97.4890096767155,0.230318233606,1.22626526542688,0.949999994869238,0.910763861361295,0.658516415019483,0.562337918968981,0.838717490649352,113.315862107831,0.999999992895868,0.770784153845965,8899.9917678973,0.0573103131944148,0.788049015463951
21,7,265,95.9746634070686,0.24672021467636,1.2608773777465,0.948162653746002,0.92537982538361,0.532971080653259,0.581142511172751,0.853329086581414,101.687739461978,0.997455982109849,0.852348617540231,8413.08814188056,0.064605322929618,0.785071312412057
21,7,266,90.9037052046222,0.258321906089088,1.1298821001885,0.950041633224162,0.739600152170678,0.413379229842182,0.601752582105023,0.525524597451055,100.610043257558,1,0.842157637010925,7831.65287657663,0.107203596086181,0.770306891778846
21,7,267,87.3500194143977,0.286959202318733,1.16778235665407,0.95092875785164,0.928458807425663,0.718435738705312,0.309846849933373,1,93.4388632300293,1,0.825941047563037,7488.33666544625,0.0675217357388901,0.774315320021528
21,7,268,82.7609277308139,0.300009732391943,1.04638452544038,0.950000181923042,0.834688120433335,0.47200565978616,0.908853068620879,0.954375568271598,94.0666445556771,1,0.796596670731513,7472.96558414312,0.0607620611251254,0.787009750509127
21,7,269,81.9165051414262,0.285818899941517,0.938985341346904,0.949982447108399,0.888159023247833,0.773495903442471,0.728554414683853,0.391904165069319,95.6399944191307,0.999975695996244,0.778014536189528,7185.4511754445,0.0875257944045139,0.773615197876573
21,7,270,90.1511327607435,0.322244007837823,1.03902594414152,0.956849635498746,0.912949858688481,0.300256829427897,0.842860687867239,0.381519100997084,109.534801106818,1,0.781672794417166,7491.27929948028,0.116803594539614,0.783702017889778
21,7,271,95.9914016777858,0.301930658205338,1.05132762082011,0.949999999993728,0.84302274819396,0.672821865187667,0.841813527613828,0.72608181890391,108.70098107784,0.999999999991315,0.794958734820666,8540.96811590731,0.0706369619509848,0.779066272490712
21,7,272,101.628885714522,0.269411331776572,1.15552159146277,0.949380935994661,0.924038857878923,0.880383184215782,0.661442947403669,0.479493597392234,117.072855422671,0.999142834454145,0.776622628220683,8267.36973023919,0.0717894484652961,0.784217374461559
21,7,273,111.20729783062,0.237304652416274,1.25837895613604,0.95580944742596,0.923357100545566,0.596926107087692,0.486665309113837,0.86416618531987,124.287128020904,1,0.804972475802279,9608.91738185385,0.0634603447006156,0.798597577955095
21,7,274,115.336386416803,0.237708597918108,1.32966822968541,0.949999992511373,0.955759848434092,0.408624228964501,0.652374902201684,0.561363013054544,129.173138751649,0.999999989631132,0.830940329024695,8835.67712508868,0.0808237299184625,0.780873272179539
21,7,275,119.639174956702,0.205573241182389,1.28481063878573,0.949997542868002,0.717821283536939,0.760977604813777,0.638644406187411,0.664250802262181,127.260608520356,0.999996597817233,0.842426668515154,9479.46033571146,0.0687415288184658,0.790038348562047
21,7,276,116.094059500163,0.191199895572167,1.25707890522766,0.94974870109458,0.749831421508002,0.585393767740835,0.62468285980194,0.735847182275454,125.767925646218,0.999652047669418,0.836826532788284,9628.15930155594,0.0644899403607658,0.791964107315549
21,7,277,104.795956968584,0.187191791224112,1.14617510543855,0.950000098424008,0.856410939096103,0.737340385047993,0.632758058736072,0.601718827447255,119.532915220577,1,0.789946631215226,8683.73141784595,0.0543892457229865,0.784788902534864
21,7,278,96.8071671060337,0.200851676417498,1.05017080397354,0.94886284275196,0.670730174538891,0.693554609205695,0.605494420663058,0.494703719454104,104.275553817874,0.998425474579637,0.84338927860739,8234.06188729605,0.0794629076183259,0.776354149017592
21,7,279,91.0371047447109,0.191236808813185,1.24038355937791,0.950000040058035,0.677927025222205,0.444811847010247,0.393024774414483,0.55233732409848,105.872576760965,1,0.797937245470694,7882.31789919361,0.0913702282715558,0.791627960337307
21,7,280,90.6341136281813,0.244173937600808,1.1464735582413,0.950009102525587,0.868775130444113,0.708859661296499,0.376171040090124,0.495832789658557,100.836365226186,1,0.816640325969543,7839.23691623043,0.0901347482076442,0.778649327537459
21,7,281,87.0856390035815,0.268335056738578,1.0731371538031,0.950000003187346,0.921446460350495,0.595985782620195,0.544266160115038,0.542478575007948,104.682086882094,1,0.761715788272552,7448.99061531588,0.0874083796864925,0.786544589741246
21,7,282,91.6126442723582,0.292638242012238,1.07021876559233,0.953197409444554,0.931784471621733,0.299999999694157,0.999999915857733,0.721706486322204,101.115778273308,1,0.844139832086352,7852.05428552851,0.070071884731959,0.787439967229537
21,7,283,101.045401932861,0.314098026402818,1.23286419465699,0.949529014575868,0.964083790961277,0.884690416154844,0.536694927134771,0.793758214628703,110.921481377857,0.999347866335818,0.801314707095139,9032.4988208608,0.0641209975523108,0.782654826765437
21,7,284,109.052686739549,0.308972747005023,1.21160356829645,0.949999999684987,0.662628297876498,0.910686006769002,0.531286521450974,0.775374411923525,113.502527232327,0.999999999563828,0.844587531187313,9191.87867548351,0.095485016320151,0.774828562705723
21,7,285,114.505290147318,0.275777809256282,1.28518027296211,0.950088494068279,0.934783900320343,0.53691957715589,0.863192424185436,0.692035994984221,126.227254597501,1,0.828272765921941,9989.81377091275,0.0669552897751187,0.790437987241612
21,7,286,110.945208616873,0.254957691739187,1.38051063760605,0.94999999999958,0.937715016714736,0.475874626642938,0.640889195916701,0.642564255398329,122.92927523269,0.999999999999419,0.830934698854189,9581.56063797579,0.0815676558257501,0.779800601916689
21,7,287,105.214631344834,0.229180111655203,1.14767812586717,0.950001925054381,0.938984860942142,0.784931337297846,0.329823849709404,0.863613383493128,114.134035223632,1,0.81557408994325,9110.70557947938,0.0568823987807535,0.794649298916096
21,7,288,107.723543487932,0.228511413503003,1.19775125072102,0.950091729077372,0.620062962820209,0.692355554934863,0.406911981214684,0.807979241111945,116.047056850352,1,0.830511573902591,9101.67177759847,0.0868802499503151,0.78561591751327
21,7,289,99.501828789416,0.215350140018811,1.19974743243025,0.949707946644589,0.784843771140102,0.656452165507906,0.581715635630779,0.69287851997344,115.110561782513,0.999595618430969,0.780381785392712,7945.49573982618,0.0696346981004769,0.780597025840248
21,7,290,93.9512603047349,0.217762358353642,1.17505229936624,0.954862614878149,0.974619203453194,0.754099315039281,0.433333606522406,0.66224551634428,110.614687559984,1,0.761655536439121,8021.87728766504,0.0596218980197945,0.795369049348517
21,7,291,91.3890026201805,0.203551781215085,0.993468220132812,0.949993374325346,0.72303539844659,0.482016146949764,0.644087617288727,0.651291915483554,103.378793462499,0.999990825988941,0.813050352439242,7561.99694303614,0.0750157932077626,0.778196538598944
21,7,292,90.8842283717091,0.189287615811241,1.04654520887918,0.950390530325944,0.68731312994782,0.591627398292229,0.449342206253485,0.499557086888802,105.341766868983,1,0.792146936127361,7226.72498541499,0.0829438949154302,0.781012641030247
21,7,293,90.5785249951432,0.186503271484523,0.956997013568338,0.94999999998001,0.89083950440117,0.380364312208676,0.590454466701822,0.510523925176174,100.153225396648,0.999999999972322,0.846286772897575,7106.27514641101,0.0697557153665137,0.777226523834085
21,7,294,87.6605366793134,0.191879059978761,0.897269861431976,0.950000086726972,0.811993090065218,0.37696195548122,0.452171791809044,0.470238010691346,99.4995241013547,1,0.826537173968622,7168.10293332175,0.0844182296314544,0.785715072670223
21,7,295,91.7067596967889,0.210889955832153,0.953948539986724,0.950000000000006,0.829856912039271,0.621533741779133,0.521728707398419,0.436835649162254,99.8762775455308,1,0.843655276890153,7431.12139339458,0.081006913492997,0.774287212345647
21,7,296,101.210311645379,0.243108551314489,1.04749362349344,0.950001206868496,0.902095833307289,0.49980899712577,0.853941101607685,0.881808198511641,104.393603037556,1,0.879060803447846,7827.25299119564,0.0493657607368943,0.775371267795907
21,7,297,106.19885466938,0.241126062455695,1.16217890899054,0.950155151414777,0.852574390093443,0.849089555308882,0.549198520227787,0.609428916241788,109.780025893944,1,0.862595180393709,8746.30067357147,0.0694029823349192,0.780073164381914
21,7,298,110.804089215799,0.235338157172806,1.28551107167052,0.950001399863341,0.998690070561479,0.697542022897812,0.988091497454581,0.610115369417346,123.673167371961,1,0.809810489090289,9843.54132353584,0.0445140068264456,0.791182264606779
21,7,299,113.141873277304,0.224021352058857,1.27983698310928,0.949651267429721,0.851290137178924,0.765317788158315,0.611767187089731,0.57325350683011,116.164763815607,0.999517139518075,0.876301750401582,8837.58523481607,0.0701441744867884,0.780065090065433
21,7,300,112.168474496979,0.242385147019541,1.39605267999619,0.950002315299464,0.994669138141123,0.707330996196437,0.988428858670604,0.773189838034406,128.834944432415,1,0.779355431317982,9517.64537648203,0.0385250022322364,0.783115895082163
21,7,301,104.185635077821,0.219091211102303,1.14670471370503,0.952865415828093,0.954749135818659,1,0.993660577214512,1,109.825369466433,1,0.817800141166338,9598.73730503748,0.00812952990811906,0.780252657572311
21,7,302,97.04376143132,0.244113255976335,1.33904196532669,0.949883244044963,0.976951584745642,0.822790574117402,0.56512484546459,0.959853471682884,106.58331778563,0.99983833790841,0.798643105513922,8226.77664282361,0.0430460460540075,0.784352612631367
21,7,303,94.5652068956855,0.201519486180488,1.16686068061838,0.950000286201288,0.774833651356886,0.854599135190904,0.576414458454476,0.453524820836237,101.821632303744,1,0.834688434494627,8205.880793247,0.0702109959763536,0.78206621802289
21,7,304,90.8811568129355,0.201514846999899,0.965273412255773,0.950038135700413,0.737192341148837,0.558423816930536,0.40217035053451,0.573031745931217,104.086937765083,1,0.80086951441363,8067.49019512483,0.0841877416688631,0.785043601661998
21,7,305,84.6157444095715,0.188120848909666,1.04588307165454,0.949999999999999,0.690120277756331,0.681140044780336,0.319395270283091,0.464296294400203,92.8738773319178,0.999999999999998,0.831300860298399,7196.47019796492,0.0857642135744104,0.78382773958156
21,7,306,86.4106131249576,0.15831263208121,1.14226422742998,0.949999431472168,0.411730495557314,0.548931869200725,0.361800307036134,0.355197081199487,97.93439360316,0.999999212807617,0.819853954966142,7011.93446867491,0.0943428128049313,0.788315196227283
21,7,307,88.5219867071613,0.173647682556774,1.00907596488348,0.949884942254574,0.665495027716904,0.376193801475539,0.413217923533008,0.300001701563948,105.800380877947,0.999840689275564,0.792478212401515,7471.19239792404,0.094068048546416,0.791766647216573
21,7,308,101.521305028004,0.185957193960933,1.12446488142752,0.949902092099126,0.802925480831346,0.48401971222023,0.460973118976892,0.652069482977705,114.538375384004,0.999864435214174,0.814906138825799,9304.79938286832,0.0700390177587171,0.786905480509883
21,7,309,101.084846380201,0.168742503132566,1.14388225272716,0.950118580563606,0.800779965876526,0.71926958533894,0.601425008608679,0.68065018508778,113.757843976333,1,0.798547707710355,8732.85057066779,0.050590848243952,0.787724881037626
21,7,310,109.922040791121,0.201080149039145,1.17784486746625,0.949998457054667,0.744746388403065,0.67808826963621,0.771141184816926,0.786586393458922,121.026787585431,0.999997863614154,0.814565326394463,9551.09683374221,0.0542654901145534,0.785432976226683
21,7,311,114.440734949486,0.257244594151916,1.19472106328764,0.942990887503136,1,0.500207090493409,0.951824606620705,0.948843870502193,123.073982670651,0.990295075004342,0.831860441043987,9757.08461271099,0.0351738241614691,0.787360127011552
21,7,312,117.022547905825,0.256987825512194,1.23491203189902,0.949999999747168,0.799041819622054,0.688057172835596,0.500692544684715,0.742177101475636,127.457984390372,0.999999999649926,0.824662254448125,9558.85192048467,0.0819952048818312,0.780871638287817
21,7,313,110.269286022633,0.265009989209091,1.10704654404956,0.949999986436978,0.708853325594624,0.730671445370489,0.63934443142549,0.51587097393558,125.915552476476,0.999999981220431,0.793228798302822,8914.60528932629,0.0963427507336357,0.779041323636454
21,7,314,99.6659398046479,0.275205388754076,1.24419626213892,0.950344909980844,0.923676145521506,0.63824643313663,0.693619602103454,0.974075801409205,117.325029920679,1,0.756935810067927,8138.91960043567,0.051777974613696,0.779411832753856
21,7,315,93.4520199042543,0.287177426602342,1.20385912231498,0.949999007406113,0.858037110980735,0.455184722002325,0.540403924536613,0.722609267985462,108.043765060032,0.999998625639234,0.794347161577915,7945.82859814333,0.0958337842925398,0.767582370836249
21,7,316,88.0878431072634,0.279559135806204,1.00409924046663,0.961065399083648,0.908360120866289,0.850101376865562,0.355021108115045,0.541137762115674,88.6988683889736,1,0.888707321978105,7268.34282049904,0.0902324769242673,0.784332809297229
21,7,317,87.5033780525077,0.249683445569887,1.02389399446145,0.950000018295309,0.695795048663526,0.671065805634138,0.375607259343756,0.368524584222776,96.807644402394,1,0.829851406971933,7076.24762679727,0.11695853977345,0.781275511018059
21,7,318,88.090098059031,0.249650259521966,1.21197645843241,0.949999787610047,0.857504883895475,0.434831280711284,0.618810305530278,0.721434287439328,100.861608289614,0.999999705921604,0.803644100681801,7424.13839174511,0.0808091315807962,0.780348736159435
21,7,319,95.1994762885887,0.206983940738914,1.14851262514537,0.949980874168504,0.609173455649983,0.724163335021264,0.51664838380528,0.594876422837301,105.138742902225,0.999973518079468,0.817104924108749,7582.17306592797,0.0837024650815172,0.769822051286896
21,7,320,106.455816142515,0.177374831256874,1.23935367087359,0.951421821768327,0.931901142978412,0.51059281646155,0.596663639473554,0.798312783120256,123.119697167718,1,0.78679345965094,9048.49184984064,0.0488864323226162,0.779638859053308
21,7,321,118.332697063819,0.20190791718648,1.39741027415556,0.947485585441174,0.728452650848305,0.591739004330521,0.781236269070217,0.598857170563924,125.776199403858,0.996518502918549,0.856122221249597,9814.16851461327,0.0733331681520398,0.77636667471597
21,7,322,122.875998079252,0.189923546065046,1.39038866132399,0.9500000001093,0.979619274426672,0.713557048323659,0.463069430693686,0.755171366864814,124.905266606335,1,0.880973854952341,10523.2676840255,0.0529751994311802,0.779210695795542
21,7,323,122.949575526933,0.15546994847601,1.38946097676753,0.949999999222293,0.886554799344587,0.584323109542421,0.810430038946285,0.712520466238824,141.669184279811,0.999999998923175,0.788119238891673,10559.4914887883,0.0439696263585128,0.792864165116653
21,7,324,114.003678713915,0.155239645443863,1.34103421464948,0.949997257273855,0.916539795286725,0.827563933177759,0.34610134119619,0.531108595665579,122.538065185421,0.999996202379184,0.83467658892323,9468.63274029172,0.055733602208502,0.789769636504486
21,7,325,109.454120200929,0.177477623431443,1.12166092318587,0.949999976642694,0.499669600785676,0.489375850899137,0.399006391679841,0.475868889469404,116.537344519291,0.999999967659114,0.871673509535516,9146.82012450429,0.0955290143398365,0.794448788063014
21,7,326,101.152487205081,0.178354316928656,1.16554148849296,0.950000000000003,0.673505647040642,0.449413987987935,0.558455622671306,0.52917099771551,112.262719440144,1,0.836853928376358,8606.30441867252,0.0787564666175042,0.775669714853601
21,7,327,91.8619334255734,0.191045840931826,1.03004341641192,0.950091164713184,0.735206689008028,0.508605119055137,0.517685423417994,0.383377390783728,103.142207201332,1,0.829373622869386,7882.38586638587,0.0863044437796201,0.783505107939829
21,7,328,87.3847771949854,0.240586757418981,1.0330415398215,0.950192198857634,0.833464048803007,0.580770384677395,0.495477651872317,0.654233165076846,99.6790091610353,1,0.798903661039878,7681.97050667263,0.0820629621638304,0.783653478026076
21,7,329,89.8208455900528,0.297456730635183,0.970606505077039,0.949999999606424,0.847640416936467,0.6364654258615,0.693137456918275,0.573593130699133,99.7739871497006,0.999999999455049,0.819847161286262,8215.0482612757,0.091240777964209,0.783521307775759
21,7,330,96.0116920322388,0.284848789060987,1.06149751243325,0.957964851886178,0.79647604117114,0.497689718265358,0.535245581453876,0.75059313663169,113.845099249205,1,0.7703235687929,8330.08299068592,0.0959803224147857,0.782270188893971
21,7,331,101.584875736807,0.262795049356517,1.03635758583598,0.949995715255991,0.792290195648608,0.916032217767811,0.73631563838095,0.665400734934031,110.021862276203,0.999994067277526,0.815985538623894,8463.81443759629,0.0641743725927073,0.774442533629732
21,7,332,106.593981601325,0.246142812240613,1.1196408161689,0.951728014633934,0.999999999999996,0.734879652940901,0.599906680709772,0.76813479862134,114.096594810313,1,0.834461685644588,8893.93678155325,0.0506332075859082,0.778089485375405
21,7,333,109.188776326696,0.261306866624605,1.14831224732067,0.950171266285059,0.613834071426285,0.838785070354437,0.638350591957331,0.7682682881035,119.381402061186,1,0.80941759497938,9162.13505215067,0.0821652192811087,0.776652157985207
21,7,334,114.040627701528,0.253789826199533,1.21476282884178,0.948485489012245,1,0.595309907965494,0.7868827560751,0.777002423970624,123.92093551211,0.997902984786185,0.830211543356911,9330.71134889143,0.0501480149820328,0.780771584534348
21,7,335,114.047793164199,0.216287608063253,1.4,0.949414080106238,0.839592028348114,1,0.87098500371438,0.766024653690533,114.249692493093,0.999188726300945,0.870380900165016,9467.36301850462,0.0409511029272103,0.77071940368001
21,7,336,108.833147199351,0.192705824713607,1.21170084622426,0.950220700663306,0.697506470209395,0.886736728489304,0.905850111820813,0.793998187535755,112.995780475362,1,0.847619171514553,9308.11662215605,0.0432807826917979,0.78612599955524
21,7,337,97.9795101093476,0.176166969626013,1.08219936133517,0.949770616102178,0.828684097401702,0.910315860318696,0.36479261182563,0.498413755474973,103.203104603328,0.999682391526093,0.846688317472564,7596.84773866024,0.061401543853615,0.785200953062407
21,7,338,96.5790682853214,0.159427578609274,1.14646804855782,0.95000000459245,0.654361317160186,0.608336779770172,0.307431021034729,0.36042541451862,105.37223522436,1,0.846730651844305,7638.90434544618,0.0812889913025603,0.778936867540655
21,7,339,92.2291716253557,0.17202272483919,1.15755215112197,0.949900113140199,0.511175077541928,0.806060750304715,0.367479750261295,0.388780851110875,104.546999560642,0.999861695117199,0.799013245004061,7847.71506101226,0.0871130262856292,0.786861887370626
21,7,340,87.1782857857197,0.185796215503387,1.02946182170374,0.950066542164867,0.844996024758482,0.43200371918562,0.515704798771591,0.315382849117666,95.7724563132836,1,0.857023528989937,7341.60628916588,0.0825871702375732,0.77857772357637
21,7,341,93.7229567161064,0.207287771393291,1.12660720409931,0.950274795481399,0.847605707367419,0.568427906772933,0.620224440321668,0.782259406351182,102.763205855435,1,0.826278520780979,8014.84770791059,0.0583331086913734,0.786122970597353
21,7,342,95.1242996726524,0.217788488698105,1.12280165912732,0.950064292473371,0.986946902561458,0.621486968766392,0.551730069089343,0.451554993892846,113.129294268511,1,0.771955057758471,7974.81233147134,0.0695760537957267,0.771434680918994
21,7,343,100.90405509724,0.198354498429761,1.25839382346064,0.949999954765356,0.782911495792263,0.487011507797145,0.871035977676934,0.598052654142814,115.322961112792,0.999999937367417,0.806732382593551,8936.922110924,0.0651118823847073,0.775883849836888
21,7,344,107.07069452456,0.199166069267091,1.08616050060681,0.948529568383631,0.878354759413776,0.404353171920029,0.861034953418119,0.994481775525106,118.825871667108,0.997964017761951,0.817411346100545,9550.35320955382,0.0396270428535181,0.789612570211742
21,7,345,111.570929416557,0.217842614955348,1.2287399814323,0.950004787406328,0.826432786323542,0.401377353169895,0.561437605426144,0.815042729629014,128.218813238016,1,0.799015763164443,9671.58898079404,0.0722123730545594,0.789434127707696
21,7,346,117.404199543332,0.232490582497774,1.1792252596141,0.950002620362873,0.895685808808017,0.707607835936256,0.55161291737432,0.5612103569306,128.412854535807,1,0.827819395903675,9674.44730808073,0.0724575527658577,0.785367031755161
21,7,347,118.749804909054,0.285478302833047,1.26019904770914,0.945518698660267,1,0.716377260525896,0.557586387034738,0.60621652491107,127.274743728577,0.993795121221909,0.836842200265909,9845.05491343038,0.07640286415911,0.783314944534309
21,7,348,111.48561079052,0.26122578192809,1.12573005800808,0.956228930020522,0.999999999999983,0.852825774563489,0.585172899952326,0.839260162879177,120.347636272281,1,0.815720290008015,10046.3665223565,0.0443147961447431,0.784140490031992
21,7,349,104.44029527209,0.233021000662149,1.19008709826276,0.948677510155061,0.782679850850217,0.633314002429997,0.810436455397668,0.990828075093679,114.316507989371,0.9981688602147,0.812209511153774,8515.98423412063,0.0481356199916756,0.778786674699407
21,7,350,98.8835778376197,0.228987688328906,1.04358304986336,0.964132298436467,1,0.818622835375116,0.427784256046218,1,106.957742662084,1,0.809651668262763,8696.84175487614,0.0382617906290132,0.784676265282005
21,7,351,95.2598886888098,0.261740195769002,1.15345746230234,0.951801161042239,0.984483835223755,0.541759340883005,0.740632156383398,0.590321802652176,114.064047473716,1,0.766471645447719,7896.1195986212,0.0687165727707741,0.78308460988523
21,7,352,93.5591961283299,0.26043489389478,1.11997343884781,0.950001304343312,0.853874366144298,0.577981088433679,0.738005785079645,0.663735619433258,111.467549433668,1,0.764689501387547,7584.66012533904,0.0738521255229815,0.772769234742246
21,7,353,94.3418993194389,0.222254964973912,1.12784772346264,0.950000005589501,0.789664484805846,0.574680356999602,0.379865269876065,0.740119831795252,102.696840045673,1,0.833710202324934,7557.0408609924,0.0798277500856636,0.768899580402942
21,7,354,93.335896785832,0.229792099085862,1.11592731417848,0.950301886797969,0.863673425357089,0.7255321863213,0.503538761151465,0.55457197201822,99.5280333111082,1,0.848039110383085,7520.30369815608,0.0753184421236193,0.787561142306434
21,7,355,95.6860376200765,0.215375988586767,1.17396999383961,0.949828480796532,0.87086848707526,0.677088327540949,0.560314278551429,0.348052792592331,104.990376335018,0.999762511872121,0.837010271891287,7843.2246134502,0.0812024378397004,0.790686333210849
21,7,356,100.10678708432,0.235913118277602,1.30494609337001,0.950000000003859,0.947026570815921,0.820854506080981,0.533081293835181,0.828434541912809,110.525713204343,1,0.800264883714366,8234.40948440015,0.052722293221901,0.774790948784842
21,7,357,105.648238666349,0.254531423361702,1.25447718307221,0.950000000396841,0.717750671568252,0.734274315260544,0.518414800365068,0.677140026514832,114.752955352916,1,0.826402124375738,8997.03274932636,0.090081633234972,0.777141535447587
21,7,358,109.379243126826,0.250928375299157,1.1680909390957,0.950000000229658,0.885505537995424,0.745912379664757,0.671916089600147,0.650020470475518,119.22743638635,1,0.823820175710951,9574.62901620785,0.0654227733277762,0.78524556207395
21,7,359,111.321539011582,0.267546001265878,1.24742496202549,0.950000174319258,0.979712905948853,0.661668302725378,0.46293520685717,0.631467302982703,126.511912315751,1,0.796997802932946,9480.74003809872,0.0793674924959009,0.782092208262254
21,7,360,110.340651516549,0.260185185814003,1.15487741968674,0.949609635833809,0.826059424305966,0.925303628802689,0.823584737733452,0.737743858246656,122.444047203496,0.99945949576989,0.792284051526675,9297.65178909817,0.0509027039225076,0.783546704487595
21,7,361,110.727967709258,0.277151016210002,1.22876928664613,0.950000654130763,0.730306480488331,0.859778782891396,0.367588262606649,0.91661017055203,122.504267014403,1,0.792191501216198,9544.51560427178,0.0815011406760867,0.772957081778257
21,7,362,102.810233064542,0.308762115784916,1.14829765382161,0.949625349945371,0.880535393391008,0.962362763473392,0.993989980492498,0.943690218133704,113.110956141022,0.999481253770514,0.788007992533873,8996.78034784607,0.0258948795757208,0.770460038353963
21,7,363,94.0444240827908,0.332740453647716,1.02104315637217,0.950000060543658,0.848212447369367,0.552757920389826,0.860830247550178,0.690361198577013,113.362620329147,1,0.756443222596214,8415.73402339493,0.0861374757338066,0.775486973501638
21,7,364,91.5145259507347,0.304228455780835,0.970705727611032,0.949999877581112,0.888985863801852,0.598661258740161,0.810455283807237,0.788665383151703,102.662053228331,0.999999830496924,0.805117766161425,7929.97134632123,0.0674895899301858,0.772977161280306
21,7,365,87.8830081842682,0.299423866919847,0.929834719941107,0.950027001025848,0.911806292694521,0.627896079187441,0.819457495171283,0.587083321475108,94.0769316281303,1,0.850772908908046,7782.49903696329,0.0770070798597677,0.788766981221401
21,7,366,96.6144735765208,0.298954426496195,1.06164207493376,0.950944306946524,0.98107760285423,0.396834569219366,0.674529942359617,0.763915776621253,109.292520851712,1,0.814356482788342,9017.75945988416,0.0775211799306553,0.774588416734242
21,7,367,105.29928997269,0.341193660580495,1.14947825796883,0.94998322304185,0.967850472698274,0.808783221909075,0.531814284457239,0.837392865401079,106.526799132314,0.999976770365638,0.873870477774495,9425.8792283256,0.0682251803714224,0.77914897231751
21,7,368,113.149856386153,0.324519165647139,1.12989346322586,0.950040857254899,0.950540534795319,0.814865941156716,0.805009273410527,0.578854354224027,125.401213935852,1,0.808357181660466,10018.2730098705,0.0697454968781941,0.782088653486398
21,7,369,118.919056121511,0.301474650860994,1.30135364650392,0.95000003967079,0.824416044658371,0.719659231566941,0.707857581226702,0.908290042904691,126.165766566139,1,0.83674449881993,9756.71113263939,0.0680798511671137,0.77844388042009
21,7,370,119.967287463693,0.275984679987722,1.25680695425313,0.95000099695563,0.84003053202409,0.478669250908857,0.683708327191543,0.869325707467193,133.25388729088,1,0.818426753151863,9983.31068138512,0.0760146912199898,0.774562018683852
21,7,371,117.899765999671,0.230416604147769,1.17845630933309,0.945666547562842,0.900303096061444,0.702436598440323,0.820783052956422,0.697823560617966,122.068356674195,0.993999835087012,0.863271118295366,9702.32722741569,0.0513668455873894,0.785859678676245
21,7,372,119.190024155117,0.225742599211112,1.36907520048302,0.949386639045709,0.73026377854852,0.957217329939477,0.802661827096216,0.607240432168729,129.129669611716,0.999150730986366,0.814589007002823,9620.67565522657,0.0641171511495501,0.777143263405079
21,7,373,109.370096460213,0.209497472232434,1.31067461366649,0.950077404555125,0.881128668179429,0.676941174209728,0.723982936992716,0.754520277890819,117.009608753126,1,0.839837824669672,9441.27568952336,0.0535271720689073,0.78011086832198
21,7,374,105.572594053345,0.221309396915687,1.17130407201935,0.949998676382698,0.894905431652421,0.813739152691265,0.356922736470381,0.588045571927509,114.881710862836,0.99999816729912,0.822962120467361,8502.40396226497,0.0717752196002343,0.768609483133036
21,7,375,95.114239872936,0.208911235344113,1.20302181248404,0.950002386743209,0.854768473062185,0.42464371940043,0.444078052444597,0.63881524967842,105.922591881512,1,0.830834082278358,7619.97496103579,0.0798502109149791,0.781394342838095
21,7,376,94.9866473482911,0.259211945748472,1.13105714241363,0.949975961160413,0.892355355728099,0.755291958335621,0.551436272413482,0.376298354592716,107.800734069493,0.99996671545288,0.802382941192186,7526.30469130478,0.0900401802705979,0.771289714808917
21,7,377,93.7567599888553,0.248090161020847,1.070222240675,0.950000251124779,0.900181724344092,0.614002702185802,0.461912681326249,0.676266045006392,103.337146089317,1,0.823329922915947,8218.92798842522,0.0776439993290008,0.78908218914632
21,7,378,97.1100897023493,0.262620443755205,1.19272488284976,0.9498645088589,0.767938091961442,0.65990752004654,0.455485654901776,1,104.993403771032,0.999812396881554,0.821270141641453,8464.6333023132,0.0723278640187938,0.771364139642128
21,7,379,101.328247479339,0.275119382526791,1.16617519463819,0.949550061346638,0.99999999999999,0.999999999999961,0.379405586715066,0.763888011244672,112.896171431831,0.999377008018421,0.782815179941762,8702.20828983412,0.0562940240113833,0.780614798096264
21,7,380,105.386774613754,0.304213920081835,1.16640250127699,0.950000409336331,0.809599068963859,0.776447837873645,0.300063233167804,0.828911419838395,106.903221500401,1,0.874430301574091,9080.50954015006,0.0946066214672847,0.782570541715259
21,7,381,110.681149472811,0.340790947538201,1.27355224129203,0.945937657320702,0.999674640401107,0.974485232380876,0.550691046217921,0.664399484507306,119.224682369064,0.994375217828664,0.811667149885631,9740.71128471448,0.0707250584117532,0.785884395320828
21,7,382,110.809504363579,0.331860860457037,1.14577570384805,0.944136608262238,0.857305174628336,0.975391739325727,0.714054984984018,0.80493165748641,118.011026516757,0.991881457593868,0.81281570096661,9448.27641326404,0.0598440589299048,0.785786777674192
21,7,383,111.559173651506,0.300848122077319,1.19602508970246,0.95585270562944,0.814885490739203,0.740139051478699,0.768283444974819,0.631791493753759,122.762400876869,1,0.817270510516496,9967.61793466681,0.082367732653714,0.775471613379708
21,7,384,107.682622916551,0.294333590959042,1.05227447526171,0.947046823361742,0.673526450414336,0.788851716933878,0.892082817612464,0.910526157967172,111.929576727997,0.995910986193181,0.84526589940816,9571.0824919443,0.0636420835877344,0.781806556872515
21,7,385,113.30196246021,0.253312989048248,1.39977775034097,0.949999997731312,0.99889874265375,0.540705680163891,0.947875829956768,0.710521635437919,135.39904449545,0.99999999685874,0.763015303971278,10085.4433956012,0.0533233828889894,0.769447863711635
21,7,386,107.127934119954,0.215779157063881,1.30055998466715,0.950000001176548,0.809962821713995,0.625376502168288,0.728615750323531,0.473038489752541,128.804252079685,1,0.762394302449539,9660.45794889999,0.0771208147202477,0.780147115339631
21,7,387,101.450539531518,0.210573537388785,1.20483364603516,0.949841538447914,0.80938853446969,0.678435944353236,0.850353269589788,0.67034368232889,116.265463749102,0.999780591697112,0.787305716602376,8745.15480251424,0.0554753886308096,0.793214968698726
21,7,388,95.2397302624481,0.190370737423934,1.03632014422584,0.950866914662248,0.693748919596325,0.655487816171271,0.548982590973932,0.65631138079771,101.243461129854,1,0.851368160577076,8359.5905422361,0.0695473244007062,0.780401817531144
21,7,389,90.2538696368701,0.18052590077505,1.07525561839663,0.95004530920721,0.685542311380795,0.488520644953633,0.390373454039816,0.586744568056447,99.7910791945209,1,0.834299721533254,7390.0257436885,0.0807610855164514,0.78845891799725
21,7,390,88.6799050691484,0.204770964349452,1.12202913582535,0.949973960654071,0.699310841317063,0.512447731489339,0.449827318529766,0.601628916623468,99.053542898793,0.999963945521021,0.823328560043201,7239.76379538865,0.0865419269460428,0.776261774388482
21,7,391,101.416584625188,0.230369924138581,1.23119428287873,0.950539350853841,0.742753647404672,0.733098736917122,0.6637819178685,0.490801351116495,113.691407786976,1,0.808911737965048,9096.52207719524,0.0832632981258709,0.773212555159197
21,7,392,112.013362350364,0.24248783017845,1.27432521378279,0.951399287256909,0.700031051794048,0.708363028547846,0.770885431623346,0.713739108707637,123.909895989339,1,0.811728822608179,9172.29916188636,0.0746109831896179,0.778681170240675
21,7,393,125.264910769522,0.278023744291825,1.4,0.934320042415265,1,0.994035122857734,1,1,126.574125754919,0.978289289498059,0.835059044269104,9907.14068252715,0.0121089828317566,0.778185148707106
21,7,394,128.325426966797,0.331274490372558,1.34915849385142,0.949999938168289,0.983624642197767,0.649887871719922,0.784912801850513,0.777927885985444,130.24191152059,0.999999914386861,0.886315200399077,10420.6404276367,0.0670223765884688,0.789462631067226
21,7,395,125.514017537513,0.347532382617512,1.3439749954603,0.94952028311145,0.844109149411301,0.976644899245814,0.492434139074919,0.880504507130903,132.342282730334,0.999335776615854,0.823797368043272,10122.9916862437,0.0778842647153147,0.784449164956807
21,7,396,117.70120190551,0.328613139488416,1.1992342592033,0.948634737023466,0.94605302121638,0.90718051220083,0.85528285943279,0.526560463120522,126.63759023245,0.998109635878645,0.826576446698966,9206.7002836496,0.0679039199075936,0.778061977802016
21,7,397,118.325983434164,0.331792015280238,1.20211032118019,0.954693779197836,0.967280714681417,0.654254116000152,0.942804613019258,0.866352585163252,122.69686873201,1,0.863048940794174,9975.83094889719,0.0472682085716658,0.782748999303015
21,7,398,107.699896222255,0.292715357473679,1.21574409948494,0.945292297803675,0.752553961141617,1,0.768582280979584,0.996415397957838,112.165386114132,0.993481643112781,0.822505511970514,8640.46316318495,0.0466590702253581,0.767066925444829
21,7,399,99.3550664270551,0.279411093040157,1.0752324078969,0.948566716885368,0.865652247652457,0.848720843958819,0.318887900830608,0.667491041251349,106.5615621167,0.998015454148972,0.827188467008913,8396.99122809115,0.0876237716832426,0.77597952887525
21,7,400,94.7529025948349,0.234860810494519,1.06429641789876,0.949959569943973,0.743842038788558,0.392570275681415,0.691893762632199,0.643404933776697,107.748654558826,0.999944019922424,0.815818342714303,7713.44991836619,0.0868427558647085,0.780113827220844
21,7,401,93.928122664954,0.194011052099779,1.03957481667421,0.950454745807116,0.801716446729186,0.497563519435728,0.609485037611596,0.374365418188701,110.794544267875,1,0.790667815195,7931.33616236656,0.0803883723583543,0.792146527572377
21,7,402,98.3519843850864,0.185173940211767,0.967778314820353,0.949176560796698,0.697523929853839,0.628855823928842,0.29963474136753,0.784126532676902,100.763072067531,0.998859853410813,0.878394187092589,8429.68325059014,0.0716093541523772,0.784538940456997
21,7,403,101.529268750981,0.183762039466876,1.07817754408789,0.955396820846696,0.994632284131745,0.770385500671458,0.595779835920497,0.729473181437195,110.25516012894,1,0.821602064979003,9040.08192915479,0.0388996761248416,0.781870005018801
21,7,404,107.953810381102,0.18909408983544,1.13798501129558,0.950000000294432,0.793170044298084,0.379791724258184,0.617102621436981,0.70051099538131,117.440320407892,1,0.851124396635561,9295.97607882295,0.0672191105149026,0.786828342276398
21,7,405,113.02945057058,0.183500685289722,1.32891640983022,0.950000000040178,0.74313090106984,0.700810320606143,0.493712064373574,0.560374857873875,116.821797012816,1,0.876627933096151,9815.83597914026,0.0732713907977799,0.773699811550662
21,7,406,116.361424416006,0.212109531765791,1.21861166291091,0.950000000073622,0.723730879130269,0.665405318251783,0.535969242643628,0.6685723899381,120.626768468528,1,0.871672076636481,9804.85930383272,0.0765017800217746,0.782070881135423
21,7,407,121.220230750415,0.212248423225337,1.3984497277337,0.953188583269114,0.639738283694517,0.795220604526972,0.819573902871869,0.710019849540927,127.942585822534,1,0.844343998921664,10624.2631290416,0.0680884821237507,0.781090944603898
21,7,408,118.465214442695,0.230448407596323,1.39958425515118,0.949550518542455,0.59689414464706,0.951228468227586,0.684284995424386,0.875897687855654,124.637837317578,0.999377641058783,0.827658160209539,9868.81648196803,0.0670859373861518,0.783912956320686
21,7,409,110.358620303072,0.282620734014151,1.15884992082426,0.94867373277056,0.938072549892158,0.824931884974394,0.7521769634774,0.529566103913694,117.101549832016,0.998163629990007,0.84422076824428,9172.46529692692,0.0681519533952462,0.786894527284803
21,7,410,101.617551001333,0.284491229847387,1.19556806422614,0.946949738000002,0.840481297437349,0.801138310106013,0.73541247398437,0.903739327336907,104.901664303778,0.995776560307696,0.850365614618512,8768.33528355707,0.0547968999937015,0.770435471241671
21,7,411,93.1143986905838,0.328769652174864,1.10840707079686,0.951564206440551,0.823525570148837,0.826495561176008,0.469906569683912,0.880478960582508,101.551904838111,1,0.807513762095594,8004.96719720197,0.0818293840662603,0.769818537247038
21,7,412,90.6655025300095,0.329815641491003,1.05985261361626,0.950012691030095,0.823845446214463,0.645388101531656,0.785917960442925,0.681683623917449,107.030704758615,1,0.766299567316091,7844.5783597383,0.0883509274598338,0.77177838436172
21,7,413,89.4878904841816,0.289915601131922,1.14317183355826,0.950119997136548,0.669961198811955,0.7938454125907,0.573005859008878,0.716247102433717,104.819236381475,1,0.760661338654847,7154.32537719843,0.0953701893128305,0.767427023495516
21,7,414,98.3666679538299,0.263642275519539,1.11344914246484,0.950002448067738,0.78222449049626,0.592373988175698,0.577608911414391,0.666196991730666,106.848169220094,1,0.837530272236594,8275.23849641856,0.0889853529146103,0.790265371705054
21,7,415,108.799599923897,0.249159387841793,1.12157894187472,0.950000010571541,0.940076750035929,0.762459241136264,0.729222112478567,0.819756187987502,115.535909547871,1,0.83674152665091,9030.52195014321,0.0455829636712109,0.793110887425665
21,7,416,116.610043534313,0.213009088629096,1.30173577449411,0.948762569733745,0.772329424175932,0.707773758356023,0.802960934618963,0.625234211038845,134.49333701515,0.998286635015954,0.780973811001903,8855.18099988041,0.0645829260976357,0.78224679797278
21,7,417,120.346446052426,0.162506621400328,1.28050865311683,0.95000336572418,0.619830287592649,0.674018943279553,0.571881123591084,0.443034804813743,131.120638792831,1,0.838979308158447,9425.08466282098,0.0742132800783193,0.782350959328832
21,7,418,120.375453760512,0.150238110080464,1.33981208036801,0.950387816576993,0.624561190398939,0.697662603380664,0.539905860801242,0.393504262774805,134.832815137374,1,0.816530841637447,9715.50153179948,0.0722723861857317,0.792617909711777
21,7,419,119.828633828842,0.1266951663362,1.25438914930033,0.947882908621174,0.994128884230379,0.915976946691426,0.301563020307134,0.586314657327291,123.463165170364,0.997068642706241,0.858836414455409,9745.62090270892,0.0381208345927868,0.781982985954364
21,7,420,118.023440196927,0.124719610113001,1.3795669931436,0.950038782806986,0.539880155714282,0.679309612504003,0.485475140656643,0.439197058689489,132.740047001745,1,0.812525005766596,9684.17682088396,0.065838053120405,0.781595348059078
21,7,421,116.403518156984,0.150118700823672,1.3173523010143,0.949996986738907,0.59146067498851,0.459389402874552,0.514904725067315,0.347711623916915,136.186971628182,0.999995827792333,0.801207596272708,9669.15331378598,0.0823040512622376,0.785830737645133
21,7,422,108.929786995997,0.183567960169007,1.16026309966549,0.952168291250358,0.947835746427142,0.535744546083765,0.732693239826206,0.641779139487147,115.52592980277,1,0.863400408432214,9580.90435175694,0.0488727229683292,0.79116389668005
21,7,423,108.09938040893,0.175978829695423,1.14473756521189,0.950000088764281,0.774023157456835,0.754454340611888,0.463397873825018,0.59862848991754,115.109595531552,1,0.844998011206095,9279.8598001969,0.0617603714843459,0.797310654962028
21,7,424,99.2108305566226,0.217648976240372,1.13007360689308,0.949899264818357,0.705034037254329,0.605602197623254,0.828249323167128,0.7154594433067,116.01654524522,0.999860520517725,0.774838240924085,8617.66484184627,0.0652326554982992,0.763069618375193
21,7,425,94.3321561676929,0.239320189000735,1.067319433558,0.953633613622699,0.973903968066222,0.676033359750444,0.987134387598801,0.606316202213278,104.656035439655,1,0.816457097620754,8695.90069948898,0.0450978980780177,0.775886551454288
21,7,426,103.097011930645,0.288003846819669,1.13545652464427,0.949981210469876,0.747308998620499,0.786609771172689,0.40112162373767,0.867647657657344,104.845583507039,0.999973983727521,0.869620215864715,8545.56548433745,0.0863193184756794,0.775938210166172
21,7,427,107.648552610811,0.283588830486177,1.17310623072048,0.950048226359783,0.610911771239055,0.779754123145468,0.761748440777102,0.985167815400293,111.596939121669,1,0.848326038872434,9202.95212850671,0.0706761342842616,0.772050429709339
21,7,428,111.805343586824,0.283911031257535,1.4,0.953990634504703,0.999999999999998,1,0.659355565646383,0.999999999999987,107.408089491114,1,0.897361803397198,9426.62855256794,0.0312707631550468,0.771859842418522
21,7,429,115.700010120128,0.292764438318505,1.31189167857627,0.949438772419355,0.476390645739438,0.593673720682998,0.658481015038508,0.602864834269341,130.5553829624,0.999222915657568,0.808300882149273,9823.21539298946,0.134031655688499,0.771136783570252
21,7,430,121.885756905267,0.306909493280871,1.26417265748137,0.950104777644806,0.888475177233874,0.609880541922004,0.696223429376422,0.776739714399343,129.960781826347,1,0.846760638419478,9951.75467521932,0.0783005193864259,0.778235875397685
21,7,431,120.326295797248,0.266738417625884,1.29924524856577,0.953900518792765,0.589428652222987,0.835431898692795,0.793000055029851,0.752552297776584,129.155499076083,1,0.825411534118845,10002.4346299256,0.0828415166129039,0.78477708503253
21,7,432,116.777451576144,0.226434267226546,1.07576839889484,0.949999570630298,0.988299507620472,0.91806140062222,0.874374494418019,0.698034891213704,115.820610650227,0.999999405488105,0.889363385236344,9771.38995393003,0.0315786357925511,0.777632189481748
21,7,433,107.613888071923,0.196598389277147,1.20004080495227,0.949927236629,0.71780518364741,0.396357521898957,0.668715230140845,0.608930790143186,117.272024702422,0.999899250717077,0.852606453487635,8873.54583365934,0.0782090837530113,0.791924347714584
21,7,434,110.037564568863,0.212129447434925,1.26521518246299,0.949999999999996,0.765306940851629,0.717994871503077,0.550394975839613,0.406082845851643,109.072458523384,0.999999999999995,0.920343927099595,9044.3009303098,0.0858874357196196,0.77876966855175
21,7,435,104.856996785108,0.239394880365529,1.07879819335609,0.949982942756218,0.857006656260993,0.606373222668917,0.767940932455825,0.673580794853458,105.929500114371,0.99997638227784,0.899005477313781,8782.22148076953,0.0643773781853975,0.77977117794629
21,7,436,103.939520850276,0.244381302434395,1.21421971389088,0.951110616601985,0.859405845188116,0.927284333555876,0.560331877776025,0.761519233434289,114.577524865019,1,0.796854289253141,8073.97497495126,0.0577766794530731,0.773315466630044
21,7,437,97.5132212758478,0.265424842329909,1.09671217814018,0.949956934588925,0.736119041993102,0.914195130720856,0.352043184542606,0.782944475646224,108.621158593878,0.999940370969282,0.788550923571016,7599.62133523912,0.0827218965319974,0.768472480033537
21,7,438,102.626898281515,0.298063353185759,1.07782348395739,0.953080506547927,0.871261456360057,0.588185395122839,0.509376637922273,0.678358645894946,117.571295914422,1,0.793883437733747,8691.01086588083,0.0947007273503371,0.770546110214683
21,7,439,110.738685639724,0.321881612012301,1.21319384275991,0.945138226478228,0.847749059861242,0.888687603854797,0.5225471094282,0.987616631585506,115.738072078778,0.993268313585239,0.82775200521019,9310.3147906422,0.063352300917789,0.774912470492919
21,7,440,117.338619510485,0.310747015802625,1.19442243401379,0.950611112745479,0.845990504517284,0.787692014061299,0.836021264569808,0.74341899717144,130.0704107852,1,0.803041450130167,10306.0930217779,0.0660752569849121,0.77725853018542
21,7,441,121.419341372312,0.340018953731659,1.36233182931726,0.949999938826507,0.516901267372308,0.837212976863928,0.700145744928655,0.695787109283273,129.628381214885,0.99999991529824,0.832251113040079,9974.16127955231,0.125814513184943,0.779112754132605
21,7,442,125.619621823186,0.345591504102694,1.4,0.949593993492894,1,0.999999999999998,0.487699838241776,0.755865747115666,132.585021269569,0.999437837144007,0.826760746130559,11003.7089842647,0.0696638276871907,0.784466689443299
21,7,443,127.249560526765,0.324831362043261,1.33282851931143,0.932286087485392,0.651375576985531,0.700053372305236,0.993322535994149,0.808692261703698,124.081629823634,0.975473044210543,0.894370883029823,10072.4784716501,0.0842100625191599,0.77430249406188
21,7,444,124.533861664013,0.30613900327605,1.39999981240506,0.941570270923529,0.99998849601791,0.910218549876329,0.605779372231138,0.624746336437014,122.591366532649,0.988328067432579,0.889661058218047,10611.7554674128,0.0701786243153665,0.766232818510259
21,7,445,117.147987126714,0.303123397514825,1.37467621178266,0.949988329661361,0.978746935736773,0.937374579713098,0.965553013788435,0.712121056856349,127.011950934943,0.999983841069577,0.81157239674177,10454.4203401423,0.0412552083701957,0.781276844671946
21,7,446,110.627340196743,0.272059381174249,1.39992422561065,0.948704313532037,0.956155210383584,0.780196688710717,0.951092064140317,0.991790446221401,120.754449276054,0.99820597258282,0.803929088598892,9563.41768344094,0.0298476920754903,0.781526441164195
21,7,447,105.729828084459,0.263528416283278,1.27472083984242,0.950000230322082,0.989295628899471,0.98295673802408,0.78396501783976,0.765157637405993,112.993003966338,1,0.817790535411624,9654.68801578272,0.0370425358143041,0.774849777572707
21,7,448,96.2512230229651,0.280139784385016,1.1026181746481,0.949068529299844,0.848447970166162,0.547342249201355,0.868469033040679,0.58742282542587,103.717826494477,0.998710271338245,0.850303561929177,8529.29915070081,0.0795518807982075,0.783882956870382
21,7,449,95.7833543393545,0.268805466968231,1.07399946117789,0.95000042475447,0.714097243546704,0.684473425061917,0.802572058634494,0.734899003647831,105.029142387551,1,0.819717274771397,8479.68827372073,0.0759702272948356,0.779749172972137
21,7,450,97.7099631514928,0.254568597530232,1.22422826270489,0.950007274031575,0.832169768273633,0.451694005612612,0.513169055258738,0.542604966539845,116.697721432305,1,0.776905568594081,8412.0516309538,0.100921230923324,0.776733641796845
21,7,451,108.15429336735,0.239545205146024,1.29181477024545,0.95,0.969050861769696,0.607498408776762,0.652895853400244,0.610816565442587,124.744905074949,1,0.790053411192012,9328.25141482975,0.0677911951149468,0.773895248060411
21,7,452,113.37259199125,0.226374189401188,1.24948327772388,0.950086190219435,0.500151337958481,0.711933202056477,0.912022206429183,0.756584309381573,126.191449963479,1,0.804609288584754,9269.06855366446,0.0761149557954556,0.779434154336578
21,7,453,118.896788296326,0.220245252600015,1.32837918778604,0.95013257438308,0.899314102631253,0.871734944366827,0.515005348303892,0.689554297304218,125.752697651363,1,0.837786306810585,9603.2877148558,0.0601679020520665,0.783089482399686
21,7,454,120.61800436661,0.248686668717374,1.23421546209418,0.950029201972691,0.937729107566503,0.545827500162531,0.687753484889107,0.659962683215978,127.881375416899,1,0.862017068143823,9771.44231472973,0.069500591507105,0.780512558334651
21,7,455,117.512733237492,0.244688049832817,1.24684775302217,0.950010859099872,0.839978282039568,0.893755509007413,0.806043349660657,0.840075225826494,125.725596171003,1,0.820049687462167,8965.67284425496,0.0449734570547401,0.793129880738496
21,7,456,113.531780313013,0.252840535323342,1.11587873588673,0.949937394102018,0.908258691797238,0.717534955741284,0.51547964572138,0.735441366227676,117.8234652402,0.999913314910487,0.863436737895772,9050.5769763366,0.0672547973606193,0.783461157888141
21,7,457,105.318200051119,0.237904124027431,1.14196458958807,0.948276817265138,0.987859075893626,0.700192773529268,1,0.84202827486571,116.468061930768,0.997614054674806,0.805065835247705,8791.78612949599,0.0280031128791965,0.780497730716284
21,7,458,104.513227337207,0.240587735356392,1.19968865361895,0.955351749163313,1,0.876198900185453,0.73498194048818,0.975383888879299,118.018991232281,1,0.772646040520288,9396.48790586881,0.0256478783308753,0.780996288209238
21,7,459,99.422024973516,0.225008504955516,1.14801854922105,0.958442123970205,0.999999999999924,0.952485936785856,0.717386199811956,0.755277669863207,112.709025356527,1,0.77339929700111,8331.42184787022,0.0329088155385372,0.791034180488088
21,7,460,100.106369894607,0.263772495307371,1.12841513789787,0.949492898653462,0.99479644945371,0.558016332491631,0.942399291634744,0.813977173939221,108.135260560639,0.999297859674024,0.837468479689426,8172.37123507196,0.0420464306797877,0.78166782930527
21,7,461,99.956719443463,0.261486025927547,1.29129331248194,0.951993793408988,0.864581782052708,0.577829500915237,0.491515835410302,0.86537333752622,115.93657440119,1,0.776933504261508,8837.80871986514,0.0764190953280125,0.774261834382143
21,7,462,106.503499873826,0.273062776317981,1.20311076578312,0.950129555066592,0.865279002640161,0.321315567863751,0.574864087598944,0.797917654765819,128.169211096385,1,0.769402782340196,9199.1755992087,0.0900358480396202,0.778831650212691
21,7,463,110.658835662445,0.261573360476154,1.24048872491699,0.951918628066199,0.818770417512563,0.64554759096826,0.961062270155737,0.870265500441125,130.47469911506,1,0.759444052644302,9557.28740180267,0.0512949183710091,0.790143723768779
21,7,464,118.42179939813,0.258693797322154,1.35532717000428,0.949999992070062,0.775422456317549,0.747720438609665,0.578990462674266,0.844198802034565,118.456572022581,0.999999989020086,0.888293182358193,10182.2574940155,0.0742470218018157,0.771700240486429
21,7,465,124.967754458647,0.242217141054923,1.38261089996029,0.950000126275293,0.904144966136064,0.552352640836413,0.319757472207557,0.787354672873244,130.749923635274,1,0.866936251624271,11021.4474057483,0.0841327029072269,0.773946055367575
21,7,466,125.643316388976,0.224067221884892,1.4,0.935414962810843,0.999999999999984,0.887181914370131,0.534247737161854,0.883150431180322,130.293494428393,0.979805333122705,0.827564232073934,10648.0981628112,0.0426990374323986,0.788548447860917
21,7,467,126.029727879271,0.202844211817237,1.39827619394952,0.950273668465069,0.760427478211815,0.951137218874105,0.705181559535643,0.852333716201289,125.484039028152,1,0.876200994674754,11084.6333900216,0.0485051852521608,0.774550235365754
21,7,468,120.890807979198,0.216527416169364,1.33094308776926,0.950066667273233,0.667272481615364,0.714138816052204,0.692103306249814,0.649404384096929,123.569881067009,1,0.88106864580744,10258.0714764688,0.0775231728178263,0.790782381006712
21,7,469,112.647292731357,0.226505345714632,1.1543942627245,0.949881324582348,1,0.999999999999982,0.915897226733075,0.372316638502499,121.2549840446,0.999835680190943,0.827610014293458,9970.17310877878,0.0439933182281111,0.791924895662523
21,7,470,105.431731027024,0.210818538648758,1.12811498285655,0.9500000008328,0.894577322545909,0.511840390160493,0.450403701371603,0.614845053883838,116.711373374888,1,0.830231923287266,8885.6741300095,0.0739919655848109,0.793173361405763
21,7,471,101.498215837929,0.220104160926477,1.07076106607467,0.95000462234945,0.710334781925289,0.726492884463557,0.592351153601865,0.705333485361124,113.0286720773,1,0.805391189372318,8053.23496513912,0.0717122478377153,0.7727655597893
21,7,472,96.0016734063742,0.220353242937195,1.04991743715779,0.950117867296477,0.761151948809181,0.61049921111856,0.596314336230052,0.731056764605286,113.832858376459,1,0.763278360817192,7640.49826575569,0.0708832094872339,0.790668072985202
21,7,473,102.270490291695,0.20312966888923,1.16941111969904,0.949999999999995,0.738290967267225,0.648104351934916,0.502677787630472,0.678171061398045,115.030615683623,0.999999999999994,0.804225560818492,8166.95109217314,0.0725680866435527,0.782009399313935
21,7,474,103.14914797159,0.206005214203698,1.08087942443927,0.950050492694616,0.816407098922008,0.884444277630368,0.573485237966379,0.726431024244871,105.896267806621,1,0.860452584893402,8647.03526484462,0.0533044139898664,0.797181758841531
21,7,475,108.656191690475,0.223617409736191,1.26049644349276,0.950918621296173,0.76184051029235,0.788545954670478,0.544746500624427,0.797689400078675,130.75837094238,1,0.737514447068998,8533.16374099738,0.0660564019503788,0.784021267364503
21,7,476,112.928078904278,0.248631314037772,1.16641462597609,0.951050556135474,0.734564696668117,0.790760835308688,0.67325330246661,0.817432570070721,126.145369343606,1,0.793550453638923,8652.97029225233,0.0654415274987205,0.776071874526858
21,7,477,119.019611800106,0.23021244424276,1.35237244819396,0.949998912150873,0.981629721185624,0.769659061089514,0.874183240868277,0.763615518784346,128.590613552852,0.999998493747363,0.824352275976369,10007.6829793276,0.040086235594999,0.792894723133879
21,7,478,123.938944302525,0.242085749075995,1.33045522718828,0.94990477068106,0.404625166766104,0.560166353652078,0.93361387564056,0.893912569045672,127.904712464999,0.99986814401993,0.87312699829761,10084.4726431171,0.0885999456511616,0.783033557884101
21,7,479,120.084301721863,0.260470174347777,1.39729649842431,0.949911364480619,0.811984226808771,0.728535721395349,0.671507144377716,0.591397705391991,124.994597178692,0.999877273896242,0.866701785570097,9250.68463870766,0.0849793900156734,0.779642264395941
21,7,480,112.417101775776,0.23889474496981,1.38676230025019,0.94998312573504,0.958085557538247,0.736358608625712,0.883141310909245,0.805872596954754,131.942686183908,0.999976635633133,0.759361579708531,9802.55135586693,0.0427157986086663,0.788110633239783
21,7,481,111.325608981588,0.23686827591916,1.35188274655319,0.949999999962977,0.788792823528088,0.718890049403514,0.632517185674028,0.550014613201381,116.806633203497,0.999999999948738,0.862598258277277,9868.97678480949,0.0833356371989283,0.785215014545561
21,7,482,108.534957273173,0.226070695530893,1.24920002646984,0.949991264349345,0.91377517484394,0.888274518233445,0.90844907666587,0.909230807629417,109.346756454055,0.999987904483709,0.868095282826721,9666.40533391929,0.0276398058634302,0.789099666375709
21,7,483,103.754147570755,0.211842231346295,1.23831471020173,0.949974675469017,0.807164724600866,0.75752345554512,0.43034245484765,0.775723092717398,117.109229843557,0.999964935264793,0.789390330128154,9423.05857008679,0.066001795853936,0.785391172825944
21,7,484,98.5443603914057,0.229620687423481,1.38344543953863,0.949998828908898,0.790107186520009,0.768229703855956,0.556735871945275,0.62572621196289,111.80564550066,0.999998378489244,0.790932229419537,9261.18693431096,0.078718295710445,0.773281874473281
21,7,485,96.9078707620555,0.236354845074026,1.09776239991309,0.95005165559327,0.949097719242809,0.621045142589821,0.379589642229778,0.803375774217615,104.1172137615,1,0.838288314447513,8869.32100875471,0.0660058250349297,0.784450426928003
21,7,486,101.946749917363,0.227337280184516,1.0750762952575,0.950026049443038,0.884392297257653,0.549719245347199,0.941308473383225,0.713083647498708,109.544258417579,1,0.847769079425264,9147.24255968524,0.0511464834376384,0.786050235428484
21,7,487,108.421035688707,0.226210613803052,1.14030030289082,0.949403016576524,0.957894714909503,0.722300991368619,0.464603757888279,0.911049048019329,120.206143230712,0.999173407567495,0.799733075498649,9470.3565710916,0.048418042358464,0.796691370222576
21,7,488,112.494006316088,0.244669094250514,1.12226246154058,0.952784520457795,0.896944222792018,0.476459696139642,0.710894173490591,0.999999999999997,121.201317289826,1,0.837955724578909,9629.58506339648,0.0509224750621445,0.782043021722433
21,7,489,124.7404687384,0.237797369319096,1.18065945086355,0.950673096996555,0.996960187015883,0.556413985807866,0.951870679717434,0.738885309495276,131.037427914677,1,0.865424902269234,10501.2692796464,0.0425745819704708,0.781796190739389
21,7,490,127.648238489438,0.2570764478593,1.35823573525059,0.950000000188016,0.878207806729632,0.627853235680931,0.482175189965779,0.741091183212697,144.883927350199,1,0.795698639689786,11106.3845583449,0.0817904714622921,0.781650087298231
21,7,491,126.517306726314,0.305832866450217,1.22104122014643,0.950000173144748,0.918346888373772,0.880444919095696,0.995397296315077,0.954205975810311,133.770061066765,1,0.825796326144315,10669.3915084726,0.0269973178366243,0.782091155064895
21,7,492,124.578536888343,0.331747107594182,1.37728515645579,0.949933013511141,0.57291532596283,0.424930210832864,0.78179567731858,0.99093487469298,140.224077645813,0.999907249476965,0.806155481213486,10418.0854833514,0.111476063839397,0.779668185410123
21,7,493,116.459362577838,0.322352015834285,1.2360646184511,0.958921106746159,0.664883411864587,0.740056212424297,0.95799823370204,0.617344641799139,123.944469019831,1,0.845697603905399,9523.97173413641,0.0950356985172605,0.775467213717295
21,7,494,109.1681967512,0.320291397064486,1.34257149639128,0.957470588183398,0.902991439486872,0.464810916186306,0.718651287765065,0.703982085934209,119.096285851817,1,0.841941101348635,9077.03544127483,0.0946756428485285,0.77513904831497
21,7,495,110.997690316299,0.341577494360217,1.26670501781223,0.949939303634811,0.858276280960881,0.68832995566321,0.703002281093233,0.460816701745519,121.224107288696,0.999915958878969,0.835000895944064,9124.05356700132,0.112188019268529,0.776350151904044
21,7,496,108.551599321223,0.315422284693045,1.17604553119969,0.949999987258079,0.968584083347628,0.721607961298762,0.769155482810935,0.931401459077821,117.647031252773,0.99999998235734,0.817953972876989,8794.232406761,0.0462058996959774,0.774831615095848
21,7,497,107.23986640464,0.279770472569688,1.1763866066833,0.950018080759901,0.917899319115977,0.809158222797163,0.648502163456352,0.73491940680698,114.291141168968,1,0.834040099652653,8856.69765524943,0.0621130606487098,0.772981325732796
21,7,498,111.023161171832,0.304816727031265,1.28742222559412,0.950000000004214,0.98527769405549,0.959176216927629,0.755896597214491,0.602995976307905,117.13336725349,1,0.837238469751362,9913.77843106075,0.0584771577580832,0.782571356936282
21,7,499,109.806470983003,0.269123235798191,1.27678759650324,0.949138438894333,0.907383523746644,0.851673070881626,0.352691914285807,0.770694951095082,111.955119344263,0.998807069238307,0.865856564177859,8843.42411222209,0.0747302293160282,0.785915499513093
21,7,500,113.560584442305,0.295570043708796,1.09634992875831,0.94953902803028,0.860729167936435,0.975894920119589,0.711348107080938,0.770439080583873,106.088383437352,0.999361731118849,0.935247157135639,9713.25437639133,0.0556275573265629,0.779226020102166
21,7,501,119.850312978923,0.310582835754308,1.31739116443796,0.950231865411165,0.994321235202158,0.99982794863339,0.892214707071635,0.457800446531695,123.717777968149,1,0.859230043099015,10265.9477926169,0.0598180798496356,0.790811862100838
21,7,502,126.89855763419,0.31630615177431,1.4,0.928302437066243,0.751660085417738,0.999696892021635,1,1,120.134184334507,0.969957220553259,0.883275168243045,10587.9392551096,0.0400863854704805,0.779132715430837
21,7,503,128.365019237459,0.354678577221978,1.39999999999999,0.956676871610181,0.923489420317142,0.575478491082684,0.406759573063556,0.733658422937239,120.700596838436,1,0.965442061262596,11342.471384002,0.115642114063081,0.749391888257964
21,7,504,121.346871272306,0.350832903331959,1.2200757847205,0.949595388014995,0.882324371932493,0.797723769737013,0.704911873194873,0.713291355444494,125.009802675417,0.999439768020762,0.864226865618381,10621.1077398761,0.0818438811538575,0.764086109340697
21,7,505,123.48784832147,0.34968080798217,1.26825318965102,0.950126867442119,0.997376705469089,0.999483242247666,0.995304208526469,0.836396354445503,130.959096433827,1,0.81986213039067,11220.1528268594,0.0249342018350227,0.787711076059384
21,7,506,115.945490694334,0.401746715814474,1.18383319505225,0.950293271410087,0.962959686872049,0.905647184064031,0.63292420240999,0.556872258009894,124.768874642129,1,0.826780375751954,10408.7483044608,0.094912698738236,0.779027283344865
21,7,507,109.028637934631,0.400383524621959,1.09141864445729,0.950005054301091,0.998384913779265,0.894909700369999,0.895980174486748,0.996770622533046,110.952995366245,1,0.85500608172345,9914.98245853412,0.024460568041757,0.785640141457213
21,7,508,102.711577337564,0.370621045793475,1.07399818011528,0.944490023211806,0.999999999999994,0.926579462468556,0.880996973156775,0.734005287499708,110.2600031723,0.992370801370193,0.81326143606417,8480.4870591622,0.0457772511511856,0.778972157412686
21,7,509,104.431012974443,0.390801458111628,1.12935418125846,0.950086247686473,0.641206510188418,0.870281657992967,0.857764805380927,0.933584139660042,113.139906655736,1,0.807515792999408,9300.91587906803,0.0836229249570609,0.774288479615613
21,7,510,106.775836610382,0.369519357936208,1.08210236092533,0.961740012734336,1,0.73187578963657,0.692083357066011,1,107.737583137181,1,0.874588874669522,9701.07190195379,0.0479804946886087,0.7827338005535
21,7,511,113.813986221996,0.333533692753026,1.25412161162866,0.948192625027927,0.852493235502501,0.639726861885541,0.734214196320866,0.705720771324038,123.039481631653,0.997497480807899,0.834034051693203,9292.93698641184,0.0903902757044873,0.778102011173752
21,7,512,120.907327156933,0.312485018316876,1.16975665393384,0.958869391281726,0.999982527627338,0.999999792421669,0.991985809015764,0.992149997673365,120.104488360395,1,0.868183996267247,10605.7444902539,0.00785965429305421,0.783826884505742
21,7,513,125.894633714767,0.285372391083974,1.34781139360915,0.944814735087355,1,0.484285126464564,0.752759721641724,0.578019858878314,136.990901795167,0.992820402428646,0.842391042958181,9993.98591331746,0.0813599545929518,0.782158606410124
21,7,514,125.558095579503,0.264068778732616,1.39617259453485,0.950053548339867,0.900917505938189,0.719248787334148,0.642432544633291,0.689588870564028,127.147998661101,1,0.886998529449967,9880.20593684679,0.0733150236468457,0.778500229731781
21,7,515,127.360327371114,0.259862932110465,1.4,0.95380348624984,0.993996191254551,0.485612708619311,0.938144448329823,0.980878542717936,141.605691136849,1,0.812163477471114,10679.7950709932,0.0405109838666457,0.783188657401597
21,7,516,125.69109797745,0.240942439438171,1.31041463890179,0.950000029124957,0.852392927264173,0.499491157338637,0.61228004936488,0.746834738232281,138.608981472717,1,0.828313127328987,10237.6278353004,0.076916987580283,0.775282842968695
21,7,517,120.138182214142,0.200613684531486,1.39999999134023,0.939410664384055,0.758392814549954,0.867550029847005,0.924206021918553,0.905114088997693,118.234668954172,0.985337842993307,0.877429424873369,9031.57758098568,0.0398094158338254,0.7788606514059
21,7,518,115.158748210318,0.221202499047738,1.36572723913224,0.950047616009109,0.378048974776358,0.953331217629942,0.94912262716917,0.617750702161887,119.667311171916,1,0.849810799764161,9343.67761427681,0.0832168739520212,0.77581507209206
21,7,519,109.291625592311,0.262604395141001,1.25723403953595,0.950000433874262,0.885581152466464,0.594062203350037,0.955287667076354,0.809651063003794,118.593250935391,1,0.83175020976067,8910.373067871,0.0524824879931659,0.770565373381735
21,7,520,104.594997057328,0.265363958423214,1.14871944148764,0.956082905602855,0.94892559005136,0.727360011414961,0.577567178632343,0.79789916421503,109.809724716404,1,0.849993558586546,9448.61765680055,0.0589009841903055,0.782548600155394
21,7,521,103.913491408836,0.277901932677321,1.24134288609913,0.947983823342792,0.833851218869606,0.748131545594842,0.503848897704288,0.641343936566272,114.397066211969,0.997208370782328,0.813641662889252,8794.27131954965,0.0890953091828621,0.782241480779856
21,7,522,108.369277750146,0.283091734110203,1.0904899076258,0.950298937139624,0.934813099395463,0.633259199455281,0.4817727916905,0.991404645082197,114.175073808265,1,0.845334374046017,9287.31002247975,0.0607580084889557,0.778884734087214
21,7,523,112.012293061705,0.302785605253362,1.14634063028372,0.950911996330338,1,0.477349032742193,0.624881552004162,0.877210843421894,121.982891246714,1,0.834505088406439,10304.8883929955,0.0665517167442883,0.781629508845045
21,7,524,117.762352590663,0.309154727576192,1.30271146586622,0.950000002918409,0.957308192945486,0.911676227109501,0.391738153094256,0.609849628372156,131.788617134472,1,0.792341538631025,9984.90880170844,0.0872989533200448,0.778623068695157
21,7,525,123.491908790042,0.283128426829211,1.4,0.949275944330877,0.983752940953587,0.950936929792008,0.860703263179476,0.697451975857364,133.715759901437,0.998997461381215,0.811488622529111,11043.5664737112,0.0453257367301756,0.771473748643821
21,7,526,123.070759926366,0.272863305500623,1.23330781312824,0.949686512784148,0.815682257186077,0.810315310136724,0.831254690969661,0.45313092469188,134.952251373038,0.999565940778051,0.822546491880875,10966.7685405605,0.0809731483558565,0.769910624817618
21,7,527,125.14881755598,0.272387662345973,1.39998698680621,0.952356353824429,0.821542656053338,0.755835630309917,0.812305678320324,0.98658662345925,140.533693556372,1,0.784756806838742,10750.3460638552,0.0518206386916746,0.785572412448508
21,7,528,121.792380344236,0.223984274320809,1.19436173425719,0.950344404403499,0.753206011957092,0.676475987927908,0.674024566893482,0.552634494078995,135.553953864187,1,0.816201280170096,10130.3251012626,0.0776329752629339,0.789190158126277
21,7,529,115.877226083812,0.174397742688397,1.31336271525171,0.95004972882311,0.656230752964973,0.580317215086598,0.363254939554478,0.528307232795653,134.743735384562,1,0.789169947638672,9755.39138161169,0.0845048561388616,0.790885479692661
21,7,530,111.799375094133,0.162797988267706,1.34844594339146,0.950000003276037,0.477839427790995,0.761384318560701,0.372574193717139,0.749642265446707,127.722313841732,1,0.780767402191069,9348.09543617362,0.0755799233145524,0.773212358383039
21,7,531,108.605640542833,0.182600714347406,1.20608678798593,0.950000000000001,0.600654312151469,0.605396590757508,0.305991163464881,0.570656408842073,115.476780719943,1,0.859075310610427,8958.5167494772,0.0884912558105534,0.790383001686335
21,7,532,108.793998190666,0.166228784234917,1.21057620295556,0.950000031379745,0.526116721272271,0.326021357488937,0.30280587240157,0.300746798375449,119.963619662934,1,0.863174445914096,8164.05781347008,0.104813531108818,0.78833583320288
21,7,533,108.273409926087,0.161087080556715,1.26283762118604,0.948821061576066,0.798941628610323,0.688069923108977,0.316902420031161,0.417278149403705,117.182328467432,0.998367623720706,0.84332488831861,8843.68142808143,0.0718979516419687,0.783443780375526
21,7,534,112.397858041093,0.203819884795206,1.16319586273756,0.9498246419152,0.844996934235785,0.772048898389207,0.732962991844742,0.671692877335702,121.153271332908,0.99975719649797,0.82997953760734,9023.15287352004,0.0514410862526196,0.789751923402284
21,7,535,113.828710741198,0.219196748951593,1.28114665768152,0.949998779334103,0.774418334397927,0.880205363803798,0.97575309507728,0.959696736561269,121.028394875315,0.99999830984722,0.820974971122943,9896.07496073287,0.0329670718131463,0.78341401115808
21,7,536,119.752687192279,0.258865479996557,1.39983115316461,0.949291027938241,0.995530895845514,0.99656717936154,0.890627607253061,0.855714219458366,122.688174669507,0.999018346376026,0.847190085082111,9958.88181206392,0.0269881566320091,0.784418275910629
21,7,537,126.858328037218,0.264867655918069,1.30259898591781,0.945910637299258,0.932944037359605,1,0.486254249883182,0.985482947069695,135.836726005184,0.99433780549128,0.801131792561357,10153.2629928566,0.0435048631996529,0.786363496660893
21,7,538,131.02253586047,0.292130316899269,1.4,0.921082988322992,0.999999999999999,0.792336455582906,1,0.999999999999993,125.139551848699,0.959961060754912,0.882251122459116,10435.4844076162,0.0230122734050044,0.779844500757626
21,7,539,130.400208349789,0.314762140557088,1.4,0.947158184328715,1,0.906653714516767,0.770341401259503,1,128.441514936802,0.996065178301297,0.878843571350226,10596.1546187031,0.0322915470322378,0.781445500622849
21,7,540,134.598407585426,0.295965089290001,1.34154644313832,0.949977981088141,0.835591233629051,0.479290751585511,0.713710031835353,0.988474019031193,142.991542844552,0.999969512275888,0.85011080550293,10863.9974089068,0.0732780080419065,0.765954423831273
21,7,541,127.440461244235,0.271924682197982,1.34646971275883,0.952255353869382,0.912790330292089,0.909918121697301,0.519228447089526,0.840964511655972,138.736787457173,1,0.804746189488217,10993.3552419748,0.0600176345717071,0.775853622315111
21,7,542,115.991381255961,0.267457818914457,1.13993875632514,0.949587040014962,0.837363077087082,0.953158720077843,0.762105725153466,0.976604979841445,118.445645501539,0.999428209251486,0.848175005776943,9984.48545111928,0.0371183212394961,0.783866898543446
21,7,543,111.599704789661,0.261805274838557,1.09451321069421,0.954533232261414,0.738062250879943,0.556605540821686,0.785902660457426,0.710335170899238,114.396765260813,1,0.88825152898509,9515.53091061255,0.08030219413356,0.781165957055575
21,7,544,103.229131159613,0.224449095209387,1.14639866353899,0.949951099173973,0.637358852852274,0.716813047702594,0.719741580632344,0.677375687663357,113.897590918947,0.999932291163963,0.814755084682223,9042.2355253524,0.0751019724000287,0.778391981418219
21,7,545,98.482721290398,0.209052574383605,1.05680585734047,0.950035300853327,0.81265253106452,0.35843586657326,0.565292319026743,0.586901168177317,109.326487394982,1,0.841049962306011,8264.84842984144,0.0817958758272107,0.785464306076356
21,7,546,106.746815728689,0.211193288734247,1.18003961874935,0.95000000484804,0.672264691120251,0.621782315898612,0.693566442083332,0.538474998474179,118.668660252019,1,0.821879955183496,8264.10580621924,0.0808892349268742,0.783365508129724
21,7,547,116.925569736864,0.184996084423359,1.23669522676363,0.949853709287656,0.75133554558889,0.616240033327774,0.526458376348178,0.670325739530149,119.276298908283,0.999797443629062,0.889503024717017,9822.42823231473,0.067514702480662,0.789934875626252
21,7,548,121.478218975132,0.199273173500097,1.32323981577282,0.950002762521936,0.875094752054637,0.892137143077154,0.809278604704665,0.560724482778431,133.165094519278,1,0.812425399518535,10281.9927892121,0.0503820910777413,0.783460486382553
21,7,549,124.245036256866,0.182487906232411,1.30875545896075,0.949771152058824,0.577642206597712,0.679552944973774,0.699323689708226,0.537498792730741,136.82035532651,0.999683133619911,0.825119775850644,10619.0552694003,0.0771951263716036,0.790102315364009
21,7,550,131.847713359312,0.219679103115194,1.39832643523414,0.949997939446491,0.354946115154859,0.964173842785968,0.534778955080311,0.908699432914901,127.07359449384,0.999997146925911,0.901495596254407,10703.704098738,0.0870691650601872,0.781340984801839
21,7,551,130.269048028196,0.257384231473233,1.38565324804804,0.946425574402284,0.937433465407613,0.778783982026124,0.453753754841951,0.602420691712916,135.751703754923,0.99505079532624,0.857130195541464,10751.2195955939,0.0806257374673185,0.779786863610906
21,7,552,124.157804188038,0.280391809544718,1.32309555236034,0.950000000349074,0.99786671107262,0.756811662370788,0.531164114373543,0.551656432316725,138.340126849838,1,0.809431783809068,10175.3445767959,0.0801379376386406,0.768435015836347
21,7,553,116.578698832334,0.278044500443804,1.34358555889778,0.949999783032221,0.978490684474574,0.647424280177486,0.5757010124579,0.859467923565854,125.262099196007,0.999999699583076,0.833708782857321,9001.49337286077,0.0635027763255814,0.779408465089741
21,7,554,113.609063182797,0.309626342108924,1.17633230664578,0.948229076414633,0.87862909494635,0.999999999999997,0.999999999999997,1,110.62493907054,0.997547951958722,0.883152547995772,9482.01420729018,0.0200037047878972,0.77568135811604
21,7,555,115.317519364837,0.338086221441164,1.30192839540836,0.949618065285994,0.915223727284463,0.733549441597448,0.608882747435964,0.965137622443446,122.245246660517,0.999471167319069,0.833431517955431,9046.00855800339,0.0661994061476437,0.77504539416193
21,7,556,111.01950042875,0.301555731540668,1.20348211418706,0.950525320701697,0.771914117297869,0.695942878588465,0.581692842041856,0.792564439470473,113.312857685208,1,0.877019609736006,9117.11019559651,0.0888125392478525,0.775975778928785
21,7,557,110.968405796573,0.30799491688218,1.26401538518309,0.950371651533185,0.788877167702438,0.552234559164923,0.774589504275569,0.526209481186709,119.457725708115,1,0.854745973227373,8613.26218647123,0.106958980278375,0.775721117295814
21,7,558,110.98300105477,0.278975137541399,1.1954420794895,0.950020209757376,0.791307363303466,0.529275199740955,0.489756828043316,0.593384280295335,121.523012890897,1,0.838991001803826,9352.4134937669,0.107558218456634,0.779354682502147
21,7,559,113.592690564392,0.24488698341131,1.12504838483354,0.949989984729455,0.75444033562712,0.791228889235472,0.738411853007831,0.632401338521781,118.680550455965,0.999986132702323,0.856812120928329,9374.91345715972,0.0704642648061574,0.783284280353568
21,7,560,120.600543372579,0.213106031631104,1.32370814707539,0.950001697718766,0.739495228966543,0.523725826133972,0.790168852046965,0.624688567585202,138.693362314198,1,0.797857453333447,9893.24889208004,0.0752431035975495,0.777601874589087
21,7,561,129.654425210124,0.196720330823546,1.25207296741974,0.949810901056243,0.760451940150625,0.730639718564999,0.755127113935323,0.563889275729905,144.601724282749,0.999738170693259,0.809828035109136,10316.1111959024,0.0635998339367927,0.783149222446718
21,7,562,138.640427300657,0.148354165803045,1.34509260609637,0.948325412666244,0.928618871319039,0.75744007309679,0.963634819681054,0.848314553531966,148.332975219099,0.9976813406148,0.82767102857369,11712.4668236625,0.0247328259755514,0.782721203868456
21,7,563,142.333336840356,0.141402071783693,1.39983949286983,0.949862698620599,0.619289818160716,0.99162090053666,0.878991931173923,0.64693152744674,136.345550822368,0.999809890397753,0.917168709388704,12262.1108364505,0.0440322313851746,0.783962895475291
21,7,564,140.108367051835,0.153907417065626,1.4,0.941179810219689,0.991038139900731,0.996493369174061,0.519655659471847,0.449434517878425,150.252800676458,0.987787429534955,0.817578202369927,11492.5294015215,0.0458777867393118,0.786424785873741
21,7,565,135.644621657785,0.18518594594269,1.38660668910686,0.950720098375038,0.854855850140458,0.779557913998855,0.439829341264856,0.51331355991423,131.842743732604,1,0.927920799384077,10806.6915815584,0.0696535345694897,0.785862637878882
21,7,566,127.644293603674,0.233159105100072,1.35231406919796,0.950522888161456,0.46379787794423,0.796992570965302,0.928730814463323,0.937534496882903,131.650265762329,1,0.853532261189071,10926.0953852988,0.0689626338505216,0.786081807115485
21,7,567,115.187910302753,0.262038958465938,1.30609434795889,0.949943229456999,0.742163467753254,0.806263378133029,0.523975283251063,0.544570082243432,130.762530942622,0.999921394632768,0.791183135843258,9472.98613246139,0.0967107407877416,0.773915312687827
21,7,568,106.176464003435,0.239104391444354,1.16007988820201,0.954488982242942,0.894068778292875,0.693138755915708,0.43776683011977,0.57124607425822,115.683839890824,1,0.83166483904403,9071.0205173274,0.0796217595340798,0.780865728724149
21,7,569,108.284994759754,0.250760902516547,1.2523639122505,0.950001165325108,0.658838009699264,0.612367221253366,0.868340737888745,0.652966956293447,118.050287866699,1,0.833575286751915,9065.13070333895,0.083371991932744,0.761423602769689
21,7,570,110.943258827859,0.24954551371817,1.4,0.952488890749781,0.942655014870267,0.978778503253521,1,0.936781526306898,122.978882672347,1,0.78168661664074,9190.17319493567,0.0211466774939398,0.786964585007181
21,7,571,113.85128056236,0.221555934799493,1.33154170850275,0.953318849437998,0.783752174821958,0.79189437924852,0.475745930448129,0.548760925671841,119.474184026406,1,0.856868369821381,9474.66666461978,0.0822617677628273,0.781346191798614
21,7,572,115.901978636869,0.21252187836884,1.29128229041839,0.950269626598513,0.512670594663718,0.79250654123412,0.590234179661117,0.53056789418559,121.965050614865,1,0.855279911660374,8959.7372909963,0.0943267815587333,0.779242412651021
21,7,573,119.64481841361,0.216126945407664,1.34722548400034,0.94569243996649,0.904026231139162,0.942147366376423,0.616067003202923,0.645968941115259,117.254471904563,0.994035686107448,0.895255389545705,10012.7653856838,0.0544882554741017,0.776672648978958
21,7,574,129.063995084622,0.219263123838263,1.39999062500148,0.94999999803218,0.776447998709042,0.997322229564082,0.999983350472763,0.965697386335984,133.453297631873,0.999999997275327,0.835390416786659,10185.253354337,0.0297776158703191,0.775694336014517
21,7,575,137.147863893139,0.229494524471572,1.39959047383557,0.938071998378705,0.0698114749351774,0.807303281359305,0.903841842707611,0.774945616105704,134.682879821664,0.983484305447437,0.888449361878327,10435.590257496,0.110831115810847,0.766185343428697
21,7,576,134.300373338834,0.202409495153974,1.39179968487925,0.949959535884169,0.963193395875018,1,0.762543859744371,0.987024350274373,127.674680799522,0.999943972762696,0.907364311236688,10802.8504995031,0.0229699583524406,0.779351295113024
21,7,577,126.70242190527,0.199811665378927,1.28366721539392,0.950089793153758,0.55590213018616,0.664028227946265,0.760927302682979,0.614532343915212,135.696813207761,1,0.846314114245315,10047.4745241,0.0792882215384829,0.78529315963736
21,7,578,116.584266661188,0.188836166853343,1.1350281457732,0.950829712550833,0.852517189581723,0.522189497433326,0.666069170878648,0.564375335340047,125.799730096132,1,0.853292310268587,9593.22428452672,0.0629423435457473,0.786071914800904
21,7,579,108.173799617359,0.183867128149901,1.14411401622334,0.950006335262484,0.620889688919193,0.557254004586874,0.551285014402074,0.545962238988721,125.773932222883,1,0.790150358060634,9193.84802939795,0.0800990162065517,0.791044241092701
21,7,580,108.224147920389,0.179927980409402,1.21314249633711,0.950005554244024,0.79113472418805,0.541730565862463,0.414375813325056,0.617477772077724,119.590921914316,1,0.829302469178656,9146.24953602421,0.0714530068542846,0.787457426586038
21,7,581,106.776100776883,0.194745749481045,1.17250826657715,0.950454046607504,0.685697682118946,0.824117150923608,0.893337245128914,0.837331367203733,118.171015410017,1,0.797749881450114,9064.58692454678,0.044120404352953,0.785057268032083
21,7,582,107.504091653984,0.185794497150754,1.15898104705216,0.94999999993254,0.676259886965504,0.537690034050908,0.641304709653097,0.394552419260176,122.464006385397,0.999999999906594,0.81474662482705,9296.65577941692,0.0819045781483657,0.777005670838261
21,7,583,117.886325223998,0.201338368039845,1.39838586768897,0.950038902958327,0.758068740567337,0.842758498648487,0.804318155674342,0.792426392562096,132.887215241959,1,0.783794687450802,10277.0584801646,0.0513112897755987,0.780680089095437
21,7,584,130.010560739518,0.227676490606048,1.278876218711,0.948909370999532,0.990732975959277,0.999505197897735,0.303732495654915,0.842413474871743,138.513288839169,0.998489898307044,0.814603001910009,11101.2329691618,0.0492086075086588,0.780092730684445
21,7,585,131.969658591036,0.240793711620381,1.39998467911766,0.945672859570171,0.999919598139886,0.804787478028054,0.990046188804975,0.742868020726142,136.33933386553,0.994008574789468,0.855206340786896,11666.9426991011,0.0354916418367279,0.777049861455658
21,7,586,137.678853915846,0.253382009981163,1.39995821896554,0.894927910861101,0.955401588729369,0.763733003874979,0.692025368305418,0.72876930418969,122.094010687389,0.917564146209544,0.92374633811537,10313.8926411458,0.0597134071803393,0.764698191443365
21,7,587,135.951995136663,0.294525790899517,1.36441168792329,0.949919443105424,0.926750511414026,0.954604897414383,0.620810744490441,0.930316360329739,131.395341596499,0.999888459684434,0.898620687135759,12647.9718741968,0.048675375737771,0.785643087807276
21,7,588,132.42262997095,0.306253707644077,1.39308673572619,0.929708401162345,0.989246617404025,0.985516046473779,0.988482512822879,0.999997870118665,125.199209624274,0.971903940070939,0.887296215740663,11371.6523933553,0.0148589400029788,0.774011718209374
21,7,589,134.618691126914,0.307730509972048,1.39999999063772,0.910675661196291,0.978774706309374,0.998117471560035,0.999999743639287,0.987703727639093,121.109271720577,0.945550915502556,0.906779592464903,10605.7529595665,0.0160673228593498,0.763176393238568
21,7,590,129.495009037669,0.348323048311847,1.39923309383989,0.945581226501718,0.619729772072789,0.817690452512638,0.994882003612867,0.982554080150632,134.596568371172,0.993881698233148,0.83825047536655,10721.4688103796,0.072863416386365,0.769297761552803
21,7,591,117.469050869392,0.323913623161219,1.33914079398886,0.949685061453148,0.558172151369618,0.485424912197547,0.789590099969445,0.818606303888436,128.111207447436,0.99956393124282,0.834986628531542,9795.02773153137,0.119618630594384,0.776518536697682
21,7,592,120.369236674445,0.334741900240746,1.24315908665397,0.949253966195213,0.976791344880082,0.766833759154324,0.98816709537334,0.802434440203801,119.601731016885,0.998967030116449,0.893804466737485,9882.65330425365,0.0431175868510467,0.771868581830357
21,7,593,109.109503863123,0.311634083629588,1.1438712736296,0.950000322500368,0.948596478489447,0.681826934450606,0.400746758044968,0.830226381279083,118.02844449955,1,0.826866772700328,8738.85268052117,0.0802633643516828,0.784264463581182
21,7,594,109.735827964436,0.300722344420274,1.15981818429279,0.950163031237814,0.933004592989292,0.683494790161726,0.707263478041148,0.72068909013732,115.249244485782,1,0.856575018798923,8917.86549178454,0.069049031562783,0.787025731588402
21,7,595,118.316071181235,0.27759104631199,1.31869025189502,0.950000000060333,0.63930898843392,0.673421510432142,0.540637702977139,0.736265629735439,120.023239719268,1,0.886873871004637,8822.93781846816,0.104936180290099,0.775119523352319
21,7,596,121.224666015439,0.263053958463431,1.22223779028493,0.949994456610634,0.507446317708314,0.752684740869212,0.728039293090048,0.835706894802239,131.590747300587,0.999992324537801,0.818561279198902,9707.06016788051,0.0892387549252529,0.771121596894786
21,7,597,132.792390923043,0.23768015383775,1.38958840769251,0.958909999575355,0.955087439127105,0.656999817462757,0.480564515951529,0.601222009841861,146.100637508962,1,0.824952294692708,10785.572769962,0.0775411869719871,0.783621840178492
21,7,598,135.524134035963,0.234865106241129,1.30178450266318,0.949937926524629,0.801863524256505,0.874425847048191,0.724046276507966,0.776275493175631,151.736830864255,0.999914052111026,0.787531490339487,11308.8362326186,0.0561866729928914,0.782361313890843
21,7,599,136.768974826478,0.22617156137458,1.35839110524275,0.948573856790277,0.714035337923373,0.643411743732025,0.669516158863823,0.453527064399723,132.498510460525,0.998025340171153,0.943785751876828,11326.7225532492,0.0927355754295167,0.774872773785129
21,7,600,133.605293344443,0.252199810377591,1.4,0.959829584680391,0.659234199062269,0.977815872833118,0.973530116104644,0.520546810066698,145.735141048874,1,0.81200723662442,10845.4509936957,0.073945081556465,0.777658425430113
21,7,601,123.738136996288,0.29153318216967,1.24316032907529,0.944296588998819,0.827960514953403,0.937883671909315,0.992799216179705,0.894613161715655,134.46441496907,0.99210296938298,0.795634211099758,11020.6436712658,0.0370744066652821,0.779245912320029
21,7,602,119.843550310587,0.350266122539986,1.37041592627385,0.950025388898049,0.751996372024017,0.555186555592014,0.658373282515581,0.803855841873716,130.006277548673,1,0.835179111945433,9921.68744285036,0.112071535855161,0.772556936771209
21,7,603,114.82668101783,0.359891130188072,1.35369152384462,0.942455387512664,0.91235970517609,0.676088846209829,0.999995750252836,0.995124639813604,121.433236317966,0.989553613479073,0.830039501050812,9532.17463978498,0.0447514991942473,0.776821491910354
21,7,604,112.434087359167,0.378732290076032,1.2593343668305,0.949745928610825,0.516953006452009,0.764321641741721,0.814030874132806,0.603289555723119,113.493163668986,0.999648208845757,0.890071517397261,9872.69025303347,0.142053815031706,0.770774838671245
21,7,605,117.865464478966,0.391717363530375,1.4,0.944877917455864,0.999999999999993,0.889574563025019,0.793058661503085,0.867428868694959,121.472213929967,0.99290788570812,0.844367924080443,10067.540248673,0.0510654548705978,0.764695332752346
21,7,606,117.525789754378,0.379641083220543,1.33442791805129,0.949998866173987,0.994370741615334,0.984888584023777,0.906265472772371,0.606443539770162,118.0242154838,0.999998430087059,0.877431385321043,10594.24247061,0.0584537941158368,0.771808167625784
21,7,607,120.620220026164,0.344402023709516,1.37158177021284,0.950000010650221,0.994886140725048,0.958604266115751,0.999973333067237,0.999117153736623,127.073513341363,1,0.821257950928964,10981.5578256404,0.0156880827017883,0.782410467662209
21,7,608,128.737668209104,0.293254141070444,1.4,0.943474827488512,0.507784192182087,0.901737631085948,0.919526704012298,0.999999999999923,124.926819750498,0.990965145753325,0.887860790989908,11015.7111225681,0.0725422740474174,0.77305052581394
21,7,609,130.729216003429,0.255543071050392,1.39931438842521,0.950001385792298,0.91484183546051,0.99767736949008,0.989866271972196,0.915040417002416,136.185441954502,1,0.831350244508345,11407.9384568497,0.02501273851253,0.792285476410766
21,7,610,138.385466937152,0.224231792031944,1.39807241383691,0.874520965131834,0.791930265379404,0.636148092807519,0.994014522124914,0.746091827292774,124.566731910659,0.893431803833454,0.895490567105617,9829.10408465358,0.057795447482069,0.751511287094412
21,7,611,139.343283646498,0.204035631014059,1.39999987905802,0.946929104797722,0.589918061498566,0.472721598956837,0.997621283759293,0.999880869448043,141.036200991798,0.995747991258384,0.888491549019448,11170.7110194509,0.059083864001112,0.779896872835291
21,7,612,132.993592490647,0.19702525312662,1.4,0.937693824239637,0.85463080586353,0.999999999999986,0.513420657480766,0.978929276346767,139.676858956526,0.982960679716421,0.807714713785853,10385.8022208621,0.0404265456481177,0.772250125500615
21,7,613,124.334268800584,0.19329366414083,1.4,0.94985601129572,0.883713704069333,0.636472976119569,0.884713968580458,0.565322228560638,136.724279614316,0.999800631024843,0.82837639013309,10479.5018058934,0.0560930361240474,0.776984240076463
21,7,614,120.837206848186,0.209604805180726,1.31258283715033,0.949923088168543,0.870550930232544,0.622181091931966,0.613785125710921,0.413012168890952,130.689421108292,0.999893506694905,0.850520746073932,9546.66364338087,0.0789573132435493,0.788718497608582
21,7,615,112.727396938196,0.193892094573076,1.12070686223398,0.949999181347865,0.788666433020304,0.702004089599167,0.930852124877109,0.538921181126918,122.48619448471,0.999998866481659,0.834736091753571,9256.41911815221,0.0536509686565593,0.786570806873303
21,7,616,111.257246471912,0.209708196002347,1.09847122838778,0.950000000008228,0.803607565783396,0.614568299072672,0.543039222251604,0.444725740136598,114.306750883062,1,0.894481787505409,8681.52920944983,0.0814350985036303,0.781884540167846
21,7,617,113.118956282143,0.235836739166965,1.16032146689494,0.950000000000002,0.922191366272201,0.723843398494148,0.684729719810568,0.728096619670729,125.179358920654,1,0.809675836276476,9321.60528112144,0.0540220001611047,0.784827433569383
21,7,618,114.638660721379,0.259164100391043,1.2896642591379,0.949996798427001,0.774222856641285,0.45854831473767,0.658826556696361,0.69421985401634,127.313578960857,0.99999556705277,0.82798407158972,9599.64792776914,0.091908815892831,0.771954252162625
21,7,619,121.735832377596,0.270108859264567,1.27504271055241,0.950000000045574,0.893780144165293,0.501210683181825,0.706454201782924,0.978411449213145,133.38451659387,1,0.823094510938702,9770.89902395413,0.0601366816353245,0.775696637851545
21,7,620,128.246427189126,0.266390742204446,1.25590490150642,0.9500000396746,0.743373405383622,0.35183672874887,0.710028855945055,0.444907339402475,128.263441024385,1,0.941602750779484,10313.8119906676,0.115399126735412,0.778985187000019
21,7,621,135.58875634286,0.270825852820778,1.4,0.942291651419096,1,0.738190854059047,0.857403098032068,0.999999999999999,142.445511350487,0.989326901964902,0.830559909516463,10848.2300838658,0.0321531459140617,0.775202395348457
21,7,622,135.707659433666,0.261081345023512,1.39999999382682,0.949920169671661,0.999995413424644,0.916446011803111,0.611618817852249,0.978853606512426,134.481028789147,0.999889465699223,0.877113078238692,11851.0380243838,0.0370586841290011,0.787894079619498
21,7,623,134.745456833992,0.218537427637839,1.39999996700674,0.939232933887511,0.750905206821414,0.99902395146166,0.870307894979658,0.999665721568082,120.543577412603,0.985091754613477,0.949364097107635,11062.3268674217,0.0353987085516553,0.765565061358528
21,7,624,131.291463122064,0.207563040075027,1.32227721521927,0.949999999999322,0.990446856685218,0.917913741708882,0.988491502152249,0.961469426944505,125.884682236218,0.999999999999062,0.907323908142626,11692.790480978,0.0146961806732981,0.783639052407926
21,7,625,126.971251244871,0.17937280372625,1.4,0.944376364083744,0.780342739538986,1,0.589977750548724,0.935039045860526,120.388529314627,0.992213427192877,0.905167826559995,11386.336485957,0.0412500698222529,0.772391587448102
21,7,626,124.109753604731,0.184720239369087,1.4,0.891890285415721,0.830211872982331,0.966147756050626,0.949390102492009,0.753165482372773,113.24121955818,0.919540395190998,0.882633404470274,9206.30601020746,0.0362995433110675,0.743550184838576
21,7,627,126.427141390066,0.164713765631491,1.37530107141075,0.949254333915163,0.57439640424144,0.721622602875852,0.924592255484287,1,124.680068610439,0.998967539267149,0.894717615934109,10862.4205294028,0.0442003767150461,0.779092932606561
21,7,628,126.048431862578,0.162826885907629,1.39582711947887,0.951591047559487,0.952192098827311,0.938059156396623,0.300309024601505,0.949273061967491,132.616998133012,1,0.825947853006551,10691.6012980974,0.038792801893154,0.782598797080092
21,7,629,119.871908653399,0.152579604285905,1.39929903220249,0.950000000164896,0.863752917146649,0.965753366723923,0.72531279175797,0.532760849253857,133.288144322027,1,0.796908688560421,9736.18609611014,0.0437057370709218,0.778339277066625
21,7,630,123.773263550236,0.180144667927227,1.21849780073531,0.949975418093666,0.981609209900374,0.750529237075507,0.743505661023875,0.923506968351274,126.034790963241,0.999965963514306,0.868690617606665,10770.6664399104,0.0272504087926386,0.798233034594801
21,7,631,128.263181236453,0.18483388506875,1.38428230691738,0.95047834024147,0.349009910592526,0.502066009989282,0.715043318006337,0.696899654556182,135.711200606492,1,0.865476921189045,9994.03026888178,0.0927735419765792,0.774994426159378
21,7,632,131.897781135572,0.222300976132071,1.39979871968005,0.950016310195407,0.678307604320963,0.945329607318279,0.911392365083903,0.81812419295264,148.163643340511,1,0.778419922404308,10719.843071046,0.0519552700712829,0.789555554828895
21,7,633,133.922332806023,0.236902694286433,1.39377965972182,0.949940470953154,0.900812312083339,0.809613943535631,0.932904254878436,0.918762014489451,140.962047597297,0.999917575165906,0.836186927246918,11545.34174356,0.0351657275783285,0.784624244796749
21,7,634,140.89133516551,0.259526828483547,1.4,0.943908287009831,1,1,0.999999999999938,0.888578331498492,150.54080014454,0.991565320475151,0.804643609330868,10944.0269629765,0.0186697646323096,0.77097469600157
21,7,635,143.521509355497,0.286974474607818,1.4,0.944259342848569,1,0.741620548015451,0.858458368327431,1,147.469614725387,0.992051397790327,0.851282111843543,11086.2635427185,0.0334599519159201,0.779066478633973
21,7,636,143.749282402043,0.299669959717595,1.37749193273391,0.949999992398598,0.846161884901229,0.907553948253577,0.714353892316022,0.846716244137999,146.773399262732,0.999999989474983,0.85794649775621,11719.873342798,0.0614060697081206,0.77891227892902
21,7,637,136.921606663075,0.261511987269395,1.39697314559884,0.950000149590031,0.531642188253076,0.991580926860096,0.812589818212983,0.690558638352661,145.415855646787,1,0.825524658973707,11581.8111738315,0.084701944231703,0.775666963395832
21,7,638,127.514659360501,0.270861670521399,1.31278867224038,0.950000213256528,0.994484808254668,0.770760064344828,0.82491743917946,0.985096096321797,133.950075047484,1,0.837855907697538,10969.3094473702,0.0316802703221381,0.774842610758926
21,7,639,121.249167758558,0.250245059679357,1.39456397759452,0.947193866911189,0.941789775761155,0.530886667900807,0.971947743546075,0.555738891768049,133.395811596987,0.996114584953955,0.833379710465689,9919.07450689265,0.0665457054824888,0.765006143441987
21,7,640,117.818343762774,0.258655167159295,1.28820935042698,0.950166506030161,0.606477299933989,0.82648096970492,0.430090829350813,0.910596866170023,115.892368947994,1,0.893900496480912,9425.16221142177,0.0875954978950017,0.777754772741743
21,8,13,70.6347338868876,0.212398502841713,0.911715244591632,0.949979103686363,0.448956857597623,0.448658658417095,0.336635525300535,0.365082090192888,84.6524653212822,0.999971066642657,0.782158953389446,5777.34115128269,0.12818438972521,0.77686976107705
21,8,14,64.4272824119687,0.203014469830602,0.870198593124881,0.949999965115937,0.6534218739816,0.303716233888231,0.431136072196765,0.523491879679901,74.9241548885686,0.99999995169899,0.809865565359179,5655.98193818915,0.101412475403716,0.776264758873356
21,8,15,65.9987831008352,0.21258026013909,0.826945388121889,0.950914998708004,0.48407991999871,0.349422310511177,0.300001208330602,0.299842454721684,79.0635437949759,1,0.792791537774796,5299.39126648999,0.134502752618389,0.773365248565459
21,8,16,62.4208347353454,0.204544189032922,0.818853435467057,0.950023172111503,0.173361058863692,0.692383730144894,0.304326210937351,0.320325951687444,77.3508366257155,1,0.741400558498194,4839.09515180101,0.137811203062786,0.774880164944827
21,8,17,66.7805181247833,0.197296352740158,0.823244946323487,0.955904105331875,0.861321059509685,0.453749451134886,0.348551436103701,0.335664067057614,81.2555608775521,1,0.771324648299237,5773.41185554496,0.0913948569080789,0.77939022229662
21,8,18,65.2279884212179,0.173483941156865,0.853192154780185,0.949999998448324,0.352523242217416,0.465793759059023,0.309308989968393,0.301901535010813,79.5128747142436,0.999999997851526,0.770498751988468,5440.98710422175,0.113707760431071,0.783669409158737
21,8,19,69.1857389589324,0.183793274561166,0.894080181405634,0.9500000504665,0.530606019978966,0.456733441793752,0.336910253124601,0.323657577467821,83.1633491309372,1,0.781082962371346,5860.51882763323,0.107294732784103,0.784171016426034
21,8,20,76.4094443967701,0.194616772002835,0.920853521258955,0.950826717713542,0.684083124249309,0.433935965146057,0.315010636327471,0.443149064254652,91.8739492817878,1,0.777280845254581,6378.52337072577,0.0989963049440492,0.785152252155162
21,8,21,84.4721919663287,0.207054404532136,1.00003646326878,0.949906035867961,0.75787318537506,0.314409543123772,0.300004493144377,0.478212512657323,96.0913147836141,0.999869895817177,0.82911062100339,6907.74698160681,0.103236630513546,0.781662568597564
21,8,22,87.1440584123593,0.200687862862273,0.989054759990191,0.950000004847472,0.932055478513675,0.677731211845792,0.496879177731127,0.372157680848765,99.5684670000955,1,0.802876216059755,7826.31413512595,0.0721219415537547,0.796626923507083
21,8,23,86.512671988667,0.181697935011408,0.941821992806041,0.949989845667292,0.750278772054543,0.578284615382556,0.381638878460421,0.521606868333949,96.3439310047575,0.999985940154712,0.824463778741051,7597.15745997648,0.0775090151368112,0.781062030358146
21,8,24,83.4470360911142,0.204781622736197,0.944422612861073,0.951669662310661,0.845169462443637,0.537019159890086,0.545070763950964,0.380049159515817,95.5996470091513,1,0.810846469425673,7339.0256055014,0.082629547922625,0.781364558621832
21,8,25,75.740123763392,0.212150500196293,0.921498040874602,0.950035436646115,0.620438735639705,0.463080291663141,0.389594496784443,0.395687872329528,89.9650744845646,1,0.786770882390095,6509.3624772839,0.110880697085085,0.776315533381574
21,8,26,70.2841444653507,0.227207711072445,0.851830965095397,0.950377107003254,0.721759388404708,0.74436260308728,0.299999999988769,0.657195324737763,78.8752051853057,1,0.799987389683913,6029.37464641401,0.0884065463527754,0.757813938222953
21,8,27,62.0381955626338,0.213519030101565,0.810121977529187,0.949807953581176,0.675137722676495,0.245609817559406,0.425231386769595,0.328126615892441,85.7380819301255,0.999734089573936,0.692733200180917,5427.02820028896,0.117950922542272,0.762187478503281
21,8,28,58.2596167417742,0.223197517188648,0.819969780854067,0.95036505708724,0.680901155691954,0.436359225575605,0.305955913048386,0.299999999964088,75.3104917641037,1,0.728679471249168,5133.03095985011,0.122077603543572,0.754392606511804
21,8,29,68.8522066336671,0.289640839822268,0.92031941930303,0.953536885636361,0.700642106895222,0.733264474705677,0.654977928429285,0.978808388279394,84.0520428134175,1,0.723605871322016,6219.37922950827,0.0715673476922286,0.758296632385431
21,8,30,76.1109831485273,0.263067848723949,0.863560965763734,0.950040874106082,0.791107455650383,0.570110568689995,0.418913462546473,0.426506915198065,88.2627648671688,1,0.796528264056057,6455.67253660365,0.113141027168658,0.775273452429104
21,8,31,83.5561422731718,0.262522917481001,0.977579929073358,0.952140178509548,0.994199546249357,0.701217430453352,0.688679207188844,0.586505107578536,89.8859543074773,1,0.841010934937573,7175.10271175129,0.0633858704378109,0.771487996830963
21,8,32,88.4790967752021,0.239921948099946,1.12543409010843,0.949999866054496,0.842644235572853,0.729246136903618,0.432476156939685,0.400081072232022,101.275195866662,0.999999814536994,0.796450521001941,7111.53601673771,0.0929205021423515,0.770783424242768
21,8,33,88.5805778220849,0.216606001367687,1.18224484012505,0.949586039436325,0.736578154756904,0.640485289084422,0.647625514747308,0.774255784858247,102.046631400247,0.999426823834911,0.781215332806878,7768.97049093614,0.0666156259342547,0.774058965921853
21,8,34,93.0418277866575,0.19417575769443,1.11922433327115,0.949999962802483,0.725777094266226,0.702889116143696,0.56757808191985,0.521602286916336,102.564546775776,0.999999948495746,0.823498690564348,7446.90956567506,0.0729211112284719,0.781236196091233
21,8,35,87.9605415674406,0.165536908060484,1.10002138023064,0.950000118140602,0.670653513037557,0.451015682313449,0.340207167060035,0.351297017844528,102.090712239921,1,0.808111669376597,7015.10675034525,0.0874403624157431,0.787260420082904
21,8,36,86.1144568345127,0.157600371700646,0.875633065594718,0.950000000000005,0.969925786595608,0.657067481207159,0.612902056552153,0.81870316073942,94.8155366061923,1,0.814682384998636,7074.99754593441,0.0338837058636012,0.778704968862378
21,8,37,79.0515654685105,0.14673961651578,0.915762733994436,0.950244822887339,0.482085322479832,0.567879269640897,0.327597085053202,0.300125028646808,90.7923480413433,1,0.810094001372477,6254.7818199453,0.0863564395889085,0.784469268713272
21,8,38,69.5736360684188,0.163693261859325,0.800099881620712,0.949979665927859,0.45199413581908,0.411221026882134,0.321862832484701,0.394683150116241,84.308415069197,0.999971845130881,0.774983123220091,5591.22439502792,0.098991685340209,0.772866428799841
21,8,39,65.7303879536776,0.193967669084594,0.801958423669677,0.950000000518701,0.497654422217155,0.308192726604555,0.158985245031042,0.512216729547031,81.1853836436545,1,0.762688086014954,5343.23995676678,0.118416297965017,0.780561672679521
21,8,40,69.4605495644773,0.224999260505473,0.877292165743954,0.950000000057708,0.691176302561528,0.304609193735602,0.278540428388575,0.393254830660577,90.2014250487573,1,0.730568672565435,5665.56578821691,0.123577884167203,0.771067467982431
21,8,41,67.515706802074,0.230062338733648,0.800037531897888,0.959627997240843,0.533633726331133,0.434674773391616,0.433586761082193,0.576889932734523,80.313643159708,1,0.779765741357731,6276.39773789987,0.115962208915433,0.766933212592385
21,8,42,67.324988140648,0.273512454492101,0.8,0.950214036064432,0.502812557888217,0.528098430320552,0.305926327328937,0.484210428423671,78.0502043428756,1,0.797315462181433,5951.12848621779,0.149534733143213,0.772513327429865
21,8,43,74.8822143904315,0.27722336187598,0.872449090648317,0.95000000012033,0.847677680363491,0.41373008192095,0.403436873863624,0.424802177368701,90.9880761803029,1,0.771411839799729,6550.2815358538,0.122519828967299,0.775954761812002
21,8,44,81.4749230978223,0.313291115296819,0.891694246693726,0.949999920787048,0.959919680098423,0.592475596716598,0.471225681846986,0.580689695818145,84.8147825695551,0.999999890320528,0.878010541483792,7215.66829577237,0.0996155920039317,0.769815563924968
21,8,45,85.8833201357357,0.300336846543654,1.02196529199191,0.94654463122883,0.994083794423653,0.935006562842104,0.365921859068009,0.606434206044098,97.3778680299898,0.995215643239919,0.776838708082984,7873.93476082055,0.0777802055562424,0.772864170899673
21,8,46,83.3177222351082,0.31562556019536,1.01255089170624,0.949348469415514,0.984574264129375,0.858154725940764,0.558812624686708,0.85960960931878,91.303884851738,0.999097880729173,0.801578355567886,7249.35834637457,0.0550028763464233,0.780703261108473
21,8,47,76.4260086356514,0.299517995754173,0.87332708480213,0.949409521604718,0.825917518014398,0.910768349741995,0.700366023969385,0.829614360307819,86.0029940154907,0.999182414529609,0.778291767151205,6956.67961211418,0.0597579647765104,0.783465426914823
21,8,48,72.4365708434529,0.264546348980803,0.872536237819939,0.950000088491433,0.782505512995818,0.807391346279672,0.463348590998651,0.437063495864224,81.1527712736087,1,0.806346015767895,6471.80620254604,0.100225245647673,0.776830502068609
21,8,49,73.9752509716588,0.23861081158217,0.970427784297224,0.950405425559676,0.932377358171973,0.608369930788443,0.532364046995104,0.325214407298018,89.1810322777686,1,0.767802520061409,6571.09118976007,0.0898095126301771,0.784021058851037
21,8,50,70.4949630413807,0.207163718531293,0.898646546614955,0.949999608871798,0.763639034011209,0.639010485690142,0.306323141562612,0.403174529397425,78.7350176541318,0.999999458437874,0.822857244386178,6265.2603655594,0.094393359057082,0.791113598745287
21,8,51,67.1007861027359,0.1862069583559,0.869796311032027,0.950322136759384,0.486452837351686,0.358776088604061,0.291157504425064,0.410080441480166,75.1477065859264,1,0.841992837854238,5334.10649963029,0.112545384889725,0.779022580711509
21,8,52,64.6815100370131,0.192084616871064,0.832591815778208,0.948890215993326,0.431614325524975,0.301039743507389,0.327089941327122,0.35495626740577,73.4656626373911,0.998463375990759,0.836102186297695,5323.29815970719,0.12304763399386,0.765182455084161
21,8,53,69.1589719713644,0.191562616131564,0.878608700665186,0.950096140186046,0.494897621903787,0.301039015028835,0.300974264389562,0.449098993902941,83.1786106357509,1,0.786577287214455,5802.83973053471,0.114962321154092,0.782608907180334
21,8,54,70.6932509658244,0.191371626798531,0.818564878237579,0.950155057296322,0.677218789086956,0.495495590260233,0.300005122032585,0.454158006683439,82.4280908073032,1,0.796467490150142,5806.52859892436,0.0957324490371669,0.769139951921716
21,8,55,75.6488067669624,0.192731860919168,0.910341458247902,0.950001753984548,0.741279533107877,0.714752143270759,0.299999999999707,0.385525056259781,87.5314345238823,1,0.789550525616996,6164.10430365425,0.0877923526057031,0.777295545849689
21,8,56,81.7842386089254,0.219315148497837,0.996941921913682,0.950012416255424,0.73222204446047,0.534846193710935,0.77820651595037,0.453347695907327,98.7026736669172,1,0.766728101587588,7073.9049890232,0.0830045863875598,0.785799853226589
21,8,57,83.8353867600086,0.244759928725558,0.920663638363288,0.949927749169817,0.802190435769471,0.635345276369644,0.512039152954064,0.566940480231089,96.6522562252957,0.999899960388978,0.790218575442346,6852.73987207374,0.0882918200459583,0.78601735584635
21,8,58,88.0121210470391,0.241260926338744,0.938261037590306,0.949999995971238,0.630715044809712,0.300049952200745,0.325849132024007,0.622275338978683,99.4573754295735,0.999999994421714,0.829090785256067,7275.37942615025,0.121716639587895,0.771945667701276
21,8,59,88.1222360509643,0.29523431105148,0.933146554327816,0.949999999997536,0.897288786923771,0.738010048344592,0.718120182163,0.483568884970965,99.8423394796365,0.999999999996589,0.800328054817495,7151.77225370883,0.0852019231962293,0.769080828967343
21,8,60,87.3013255938356,0.309227265436514,1.00685607567249,0.950002397843477,0.885780641954857,0.722104525947397,0.712403756398629,0.730663224637401,106.582630619434,1,0.733923266120462,7444.86480458271,0.0726224571973792,0.773151067183792
21,8,61,78.2877938919601,0.287229796175067,0.853587050850176,0.949932010537435,0.815409247399644,0.46240131924397,0.552886650491245,0.499736183077156,91.0391653300885,0.999905860744141,0.798954609496319,6862.45178652341,0.113703691910317,0.774558809318564
21,8,62,71.1247835864526,0.2511900505605,0.826138050884251,0.949894536318009,0.626279164701559,0.408216617168264,0.468708062528243,0.593170052906915,81.471636380262,0.999853973363397,0.810909931226249,6132.73001992538,0.116876011527084,0.780622904273392
21,8,63,68.4297430708021,0.255680080146725,0.838518998926497,0.950067694033631,0.732093446480652,0.535014450421774,0.606337426790394,0.73294936933599,81.4305556981659,1,0.765705076799367,5999.36005988469,0.0876880057610482,0.775993221515689
21,8,64,65.6065607925356,0.258140321889046,0.800672389389391,0.950000000011737,0.638373285080573,0.300000067417019,0.297011381304239,0.408092361265775,83.8483915499134,1,0.742013665587627,5574.05626492732,0.144853885431546,0.768692579783802
21,8,65,67.9022312104641,0.216741180814163,0.878073155768487,0.950612977933318,0.797902150527048,0.606260008199506,0.323906863596237,0.34366974313662,76.2671947416354,1,0.823420517513352,6155.41055280657,0.099897882303699,0.764118647013863
21,8,66,73.1856624672074,0.1990350688552,0.902584390423139,0.949991324906987,0.831337313050345,0.3029464779111,0.658794830757644,0.652804515948604,85.266634422657,0.999987988332751,0.802557097019785,6962.14332136367,0.0715613630827456,0.78486677483475
21,8,67,76.0753297362138,0.20024524236432,0.913659743061907,0.950636841108088,0.648004432758404,0.4991434897941,0.421022714126747,0.410374002663193,87.4843172592581,1,0.809267961855377,6360.76456315968,0.0994326915945427,0.773057296055897
21,8,68,75.9176549555878,0.209557627732157,0.929065575083681,0.950177693855726,0.609962307053616,0.563952680736932,0.416258664471868,0.499670556865647,83.6852052422112,1,0.835053182581249,6313.727915908,0.0999238535537462,0.77354701726487
21,8,69,83.5670959543775,0.216147198212446,1.08391583095145,0.950000124508129,0.850611885392259,0.645778267268909,0.710924282451494,0.578671053810911,90.3348941143333,1,0.841519718873954,7461.50549131504,0.0646697572194519,0.769180587202861
21,8,70,87.2884598520452,0.219459592697287,0.978412199442415,0.948352603437341,0.893250021249789,0.619170189130916,0.818913469202859,0.797902381773651,101.827921862922,0.99771898937478,0.770649545057795,7547.0203664462,0.0466688656899428,0.772688404616263
21,8,71,87.7009438065013,0.239754800700623,0.972172000336971,0.949992519888906,0.893036748729452,0.548733956537791,0.831600001237132,0.766068095085315,100.216366747266,0.999989642923101,0.794946510510057,8123.20281850026,0.0553421215554868,0.782115198408287
21,8,72,82.4946260015773,0.260011658581391,0.852450494851417,0.952769007172098,0.999999999999984,0.856291677841742,0.330181036721991,0.48757808259806,89.7630455191271,1,0.82432496610709,6747.62011966593,0.0800671503044869,0.768200321421615
21,8,73,77.1932655041713,0.290409350731429,0.94455856006602,0.950729393951763,0.792606584609269,0.432212287796948,0.638060796985202,0.436203482378783,91.6172870520853,1,0.787887973035484,6206.25103999999,0.118523738403848,0.76900290937057
21,8,74,76.1560075585674,0.313106483801098,0.82949792387692,0.951720229956632,0.934224246139012,0.636729151453706,0.389975268376527,0.44549349186748,86.2269184646719,1,0.809980296035239,6426.05154884235,0.11554939288145,0.769837252808948
21,8,75,67.2397931519298,0.325730881805464,0.83082146565432,0.954250399390347,0.67424958555762,0.297517613494308,0.75175144013217,0.309310371500143,91.6663440732054,1,0.699723678294223,5551.94683021548,0.157256874243292,0.76013259732141
21,8,76,66.6558382519656,0.326609592817984,0.80017835205839,0.95007571734281,0.870701390007876,0.267878650498151,0.299978739902996,0.420513744670351,82.2025273454797,1,0.770778458724995,5652.50108337695,0.157397138355669,0.755675721297742
21,8,77,66.8934003984827,0.290337613115858,0.80180638948876,0.956863900341467,0.735173580553226,0.259270670208049,0.586377693303886,0.738298590997293,86.6769238813487,1,0.721115280546299,6116.23456604928,0.114442475606643,0.759317027955215
21,8,78,68.8240190517875,0.259512459868056,0.8,0.950150867913114,0.987368509850324,0.843647964009346,0.248370968293715,0.487432078828616,87.4271183748915,1,0.706904038188777,5885.061612065,0.0859069739427363,0.767078856119644
21,8,79,80.121779178795,0.261235652906629,0.917182221849717,0.950487384983245,0.88944849216189,0.721329698791316,0.381006303023584,0.699725424456368,90.638720845127,1,0.793425606428145,6968.66419970763,0.0803877133916415,0.775952324608679
21,8,80,83.793845596185,0.211431950391002,0.962932751109336,0.949999998665318,0.823200091469607,0.63423622961675,0.435277586218767,0.42007671296276,95.8873505285756,0.999999998151979,0.802733175949854,7069.48006474019,0.085765838041883,0.776107412697119
21,8,81,91.205304596289,0.189537779128883,1.02451400389012,0.950000257830398,0.657690315876269,0.604900708950752,0.564306512682621,0.635643227644151,107.909713642688,1,0.769322850207834,7791.99828260134,0.0737594137817618,0.784657123936656
21,8,82,91.0873546545576,0.191875148622234,1.01324123380677,0.949815271961995,0.780867969031148,0.946975728125441,0.426186510896962,0.558736677366915,98.8440728490924,0.999744222716609,0.816585913152719,7831.82966946551,0.0635719031378905,0.781772130785873
21,8,83,96.2675346572279,0.192371977548487,1.05963136599554,0.950000002493468,0.804979326115193,0.532160963164023,0.561122384314662,0.455221228506892,102.158972120322,1,0.872100949627151,8567.22192179968,0.0762636540854551,0.787220231791852
21,8,84,92.7384880155467,0.215368057859331,1.07732870529374,0.949729591342644,0.672245713079651,0.463042769522772,0.702815257934775,0.697062695316806,108.475912405616,0.999625588012891,0.785387640357564,8411.36140017015,0.0789404859815195,0.782095619493125
21,8,85,87.5902793924936,0.241790054864331,1.07231130745549,0.950378337228222,0.915062573665195,0.470878232764029,0.299839528654218,0.773027100496477,95.8450767571228,1,0.835755894729546,7544.50931824043,0.0826306236534274,0.776690367866792
21,8,86,76.65737021421,0.270502647354787,0.969652982285236,0.949987726477498,0.979241521006579,0.490187476855631,0.538938094464448,0.996877719364634,90.7473975305846,0.99998300589192,0.761810293807424,7287.17453457069,0.0573532353725747,0.775820850096309
21,8,87,69.4029134284333,0.255604906434727,0.855403324264503,0.950023645090022,0.774685444119782,0.300264070281085,0.545091078300715,0.519599317631727,83.408061498563,1,0.784100019096448,6296.69406492802,0.111416777192147,0.781338290745681
21,8,88,63.8470713921954,0.271761412174184,0.813776939859954,0.950012913586742,0.618909110982315,0.30884848007371,0.482431873965827,0.450703958635497,75.4648293377843,1,0.799724959946891,5633.24510186358,0.140942729897516,0.765934684340273
21,8,89,64.7362971980135,0.294773255205692,0.885224535624267,0.950241953075223,0.403396298691598,0.299999951488159,0.419037993992052,0.698500835434356,81.0605520229454,1,0.745040629781406,5465.17169536583,0.161057767997446,0.763417150110657
21,8,90,63.926167839046,0.300789564121661,0.811725924907156,0.948238177484038,0.845342870222606,0.441526065467307,0.299999999576854,0.502362397745313,77.6515874768365,0.997560553439437,0.764441590952508,5422.88490571347,0.132066081023474,0.772623468356611
21,8,91,69.8460347864426,0.277846605320936,0.8,0.953716790442437,0.668455140632763,0.581947034374966,0.673774168383559,0.816409184097976,81.5257408452568,1,0.77380060007858,6090.01744385052,0.0895869436367293,0.7689836265787
21,8,92,76.8282143239603,0.280772628784648,0.908390236644478,0.950729885074773,0.88074646457911,0.444423260881436,0.384779981027634,0.439442073595604,93.8031035711553,1,0.764876960661005,6575.08534894137,0.119307600120215,0.768451887063503
21,8,93,86.3384084095501,0.287143582126791,0.84887736437357,0.950009917901514,0.743053146557393,0.688074051558748,0.949495382064328,0.639688228574238,91.876680818119,1,0.848744742188991,7211.14309601083,0.0764539703312158,0.778956577349541
21,8,94,97.3134843850954,0.252995671201208,0.956143873090223,0.9500000000017,0.95176515780282,0.629718356991241,0.520208180116572,0.659545451511832,104.563373202393,1,0.844106580830873,8158.22919350886,0.0720038055798461,0.779862475513711
21,8,95,91.3529467896833,0.220538871430318,0.930166833221101,0.950013787214709,0.758615547577188,0.446051836498296,0.383579951874627,0.429784892757882,102.106835361441,1,0.835843131198471,6991.0724764805,0.103660550489723,0.777752926960411
21,8,96,91.9202185812356,0.219323985770835,1.12979035580414,0.950000000016301,0.652099129496893,0.517175464488572,0.487135962380203,0.482503825334607,106.432895553526,1,0.799176986673982,7539.72757944576,0.101025139835767,0.78334309486403
21,8,97,79.0252883419322,0.231870418864628,0.918116233927954,0.951930178024873,0.845657903562483,0.797647683863655,0.301767770180443,0.480239979794366,95.9953068946848,1,0.74259047584817,6951.0406379687,0.0881176229208746,0.771011045903089
21,8,98,75.9738666245438,0.205820968564483,0.88599694189288,0.950044649180291,0.73463825718987,0.660468051330164,0.769785308193333,0.418443211334938,90.9353075245443,1,0.765677492212341,6574.42165132275,0.0752120237598325,0.767967526793741
21,8,99,71.422931841663,0.194944143172368,0.879100854756045,0.949999997925898,0.797493477075893,0.673407923896901,0.370770549783347,0.596466893064386,81.9896300180661,0.999999997128167,0.789682511702128,6274.43588580582,0.0733756154621142,0.790134932609114
21,8,100,66.9735524028816,0.212377109633761,0.889790593098202,0.950000007935758,0.616506982315245,0.426794334312901,0.300749540913085,0.345659647041351,78.7615390384623,1,0.799621975266509,5541.97915099684,0.119108464476384,0.786901842654279
21,8,101,68.6456515870738,0.213314919672738,0.934483238209983,0.950002097779362,0.692246639012489,0.533946963037861,0.511421323485665,0.334652049744264,84.0232958560661,1,0.761065195896545,5534.355497931,0.101464509884184,0.774197529024174
21,8,102,77.0901722319781,0.215637659064437,0.924822997757899,0.95046523652455,1,0.588753315796427,0.507423574027712,0.459533632815751,85.725969585283,1,0.827709472464323,6815.16979763643,0.0706550332286955,0.773310050310291
21,8,103,84.0149487063393,0.219720300619539,1.00347330041455,0.950000011601957,0.870915331003601,0.623467889509973,0.726394050593544,0.627517412924239,95.0970015898834,1,0.803152310091221,7720.69238006823,0.0616968563341265,0.776071220949038
21,8,104,94.3860026198529,0.244145847405618,1.02977804886277,0.957888386235254,0.812985391715435,0.912823475511196,0.728886758769972,0.773913891619512,100.830323486888,1,0.822776949889856,7974.20211493802,0.0517323230480463,0.780625230055303
21,8,105,96.3610793208372,0.218521263600939,1.06346271040279,0.949579918275012,0.907779750667953,0.739375736224123,0.561758368982263,0.777874328177397,99.167508815923,0.999418348380786,0.866612729812685,8649.12833973064,0.0529628236026838,0.77568285895661
21,8,106,96.3164766115668,0.258836660075218,1.07734435898284,0.947296844203478,0.996493795942295,0.994283707909561,0.772817065227366,0.928638834682239,102.340190629306,0.996257168897123,0.811687173069297,8562.20897383592,0.0221390714597427,0.77977573136929
21,8,107,96.9516931006557,0.257798571704059,1.20014066990325,0.950010638118417,0.882769449712547,0.803318726333735,0.620783588651461,0.908081589056625,102.296476331564,1,0.835158641201962,8656.40464831626,0.0515902879940109,0.779010554691193
21,8,108,90.7041956356343,0.267416498131002,1.10728958374974,0.952693460674278,0.881976766786368,0.551516666691156,0.902117316846027,0.910151076105445,101.029318454017,1,0.809003871298888,8190.77644909238,0.0492243975280141,0.779619277661695
21,8,109,84.2218105009152,0.278477286513826,0.964227642667119,0.950000000024998,0.710418904620756,0.533603554071399,0.501640763139247,0.479789520144722,96.1137408207539,1,0.809752954117684,7181.7650435152,0.121145754229591,0.769666843493113
21,8,110,76.4575438575328,0.26356576152297,0.973213022886062,0.94947882423915,0.681538958820466,0.620929692317696,0.438173612388524,0.541627195378423,91.0221921789026,0.999278372023438,0.766845414322996,6403.79830825339,0.112450990665804,0.765435348676847
21,8,111,69.6989871068167,0.242200425745265,0.800301832199467,0.949999402835386,0.595523827763854,0.302276777417286,0.374516707454694,0.489782651983393,87.2550665568659,0.999999173156689,0.753854453519665,5907.71197877193,0.130741687666104,0.769636035334868
21,8,112,66.4528386294491,0.213354243121016,0.803545978431365,0.951322654722413,0.297139836729872,0.33160657751915,0.299741786923661,0.368676186273284,86.3496698345752,1,0.729263777583479,5185.63464731109,0.145975793131868,0.779541920834024
21,8,113,67.1567015522065,0.18771430705018,0.800002282096701,0.95000006345708,0.402039983189793,0.39217298607456,0.300463443814048,0.765597531336234,86.0322787441111,1,0.71934444707256,5566.81343362195,0.10084065074547,0.76759108368706
21,8,114,72.2509101947379,0.152398827448793,0.867083405956273,0.954457897372829,0.349999987235805,0.477161671188141,0.300012622028772,0.265500335233682,82.9871755531837,1,0.818531036194348,5639.40142468693,0.101380774204865,0.790152779776923
21,8,115,79.0188610909853,0.170258594010412,0.822812831052626,0.949911854241978,0.855533322355132,0.558171953106963,0.380759313402783,0.710433735665467,85.3011823861314,0.999877952027355,0.843228146054482,7023.81781189918,0.0589660145371535,0.785592412740674
21,8,116,88.8440761449532,0.177593382935292,1.04255719971078,0.949970490180287,0.367298877989758,0.451521587010006,0.312415571892853,0.395363007445556,99.9658354801913,0.999959140249628,0.831443307093266,6939.45578998675,0.111679179880873,0.787692788905864
21,8,117,93.9582616070368,0.213803629385502,1.12307506216042,0.951903442415356,0.999999999999999,0.59811508808431,0.392018129016035,1,105.432513769282,1,0.795821164928788,7966.36267037263,0.0457402202084145,0.789542413407708
21,8,118,85.4906235069912,0.248277505366328,0.892930323671179,0.950071454956587,0.998815067587391,0.919866222077664,0.40624639092721,0.848757452726628,88.3329824159424,1,0.846803748144367,7784.01911340643,0.0475203554937314,0.778221310790331
21,8,119,80.3050531711206,0.265833721186149,0.940265531253757,0.949999962691573,0.986365711391338,0.797598947635746,0.779952685814381,0.769682097580916,87.5121452399482,0.999999948342178,0.815002529829191,7255.00783626801,0.0432759032338376,0.786504597667563
21,8,120,83.4034461090664,0.27069403579671,0.993318311273984,0.958297050994263,0.989350014245423,0.711207438961976,0.881261772879836,0.888467572611612,90.5108459584244,1,0.8195046296663,7463.30400327401,0.034470424382187,0.77707107087591
21,8,121,80.0361364870604,0.307498041626927,0.923507334774798,0.951091888847253,0.946104322734427,0.789015225640014,0.489676572233956,0.724477939351724,88.3114904376919,1,0.807481860310979,7091.65066286084,0.0761936934891536,0.778736226503765
21,8,122,79.926930336534,0.275926478192817,1.05227977105317,0.95338723558912,0.999999999999992,0.4665695501705,0.598318235446568,0.658172029037138,94.5221458506823,1,0.778521917625095,7040.11043119565,0.0777590689060604,0.776928741076537
21,8,123,73.4630648841275,0.272884083633363,0.890058522296024,0.949996901187079,0.693048226146306,0.407140725343843,0.299984636988093,0.932017052093768,84.0633870920223,0.999995709335955,0.796889591904536,6412.85675673605,0.106737681470695,0.777538169129207
21,8,124,75.7957341654571,0.300457911276249,0.848499920093935,0.949505120026515,0.770482326936156,0.460684575178543,0.456607878716773,0.649785233904024,89.1019952769518,0.999314781575174,0.783443469261381,6718.03271272872,0.118272275576672,0.780280751912638
21,8,125,78.3007234130532,0.335713474288179,0.888758213909688,0.947618435587368,0.853861008590072,0.804557491131605,0.553505484343618,0.750077095066749,82.7082932735041,0.996702449274817,0.838401471647656,6981.91026644352,0.0866503092348864,0.779031223914371
21,8,126,78.3458638459192,0.333549863532595,0.949467189935198,0.950176368935635,0.782235402423655,0.702458312904225,0.604625777010498,0.839905823643148,91.0070424429824,1,0.768201025399987,7066.12325233239,0.0896827197382173,0.770723305158377
21,8,127,77.7284195671324,0.309776603643008,0.892878144743213,0.950018963266252,0.821037871456876,0.477853318364836,0.31852780118966,0.483760504918254,86.02538620265,1,0.839100033196035,6525.87232040908,0.136914276822539,0.775306845372293
21,8,128,83.5921853460288,0.297216046903714,1.01358196044357,0.949999999999998,0.962560011589739,0.845487656150785,0.346052298150237,0.773409571236081,96.4650241852926,0.999999999999997,0.766215819193866,7638.05440956861,0.0738146054986435,0.771717063301307
21,8,129,91.0432571468529,0.274277820547808,1.03716299149292,0.950313574263337,0.940943044105323,0.419214418077657,0.733340795104193,0.811234507507099,103.438617792045,1,0.807051727947019,8004.24798986781,0.0673995377430076,0.77442519508404
21,8,130,100.269609888465,0.250221003152339,1.02517224224654,0.949999965739128,0.9058609018995,0.716468837972328,0.726569349106174,0.807536116245018,111.939737465384,0.99999995256187,0.799702753686082,8724.4935655523,0.0517422990994879,0.78024742812402
21,8,131,99.2246304569595,0.238265952272882,1.12852815399023,0.950000001309106,0.68701703726821,0.834581755391946,0.618447807255052,0.73920492876193,117.128559356936,1,0.751139439902902,8302.79223567078,0.0716771955384867,0.781934783642619
21,8,132,96.7276290623926,0.225799798561152,0.951747435280562,0.957972011937575,0.983403518103648,0.642525362400852,0.755264575994199,0.681873906179929,106.370991856594,1,0.82281125343763,8084.16827397581,0.0493672448379517,0.781614749848817
21,8,133,85.34096290115,0.257937933465519,0.878817615865718,0.950038768545441,0.65101854211262,0.564443977748149,0.449661634092431,0.588228367117215,90.5227752034726,1,0.863537520101569,6662.0047517446,0.111830068117183,0.773310902450266
21,8,134,74.2844126236112,0.221390412997927,0.866458197153339,0.950807540776596,0.85741658316867,0.311714346226907,0.375642433783804,0.590931347926047,87.3261368750767,1,0.79751845920819,6033.39485263814,0.0931908162708624,0.776107899808849
21,8,135,69.4336132304478,0.200455754222158,0.873440503022433,0.949999997482992,0.351066815906808,0.426372667622427,0.412832341822236,0.396835413323794,76.3382063513647,0.999999996514912,0.852880876336456,5843.80626033443,0.124002773994758,0.771998949639518
21,8,136,65.4649905940417,0.24864913864529,0.805432254841519,0.951060084831306,0.381659944021431,0.330854213809504,0.300000003190589,0.402134467403872,81.9945914689742,1,0.755198654622892,5310.95028806547,0.160709806464736,0.776683409326098
21,8,137,68.0211871242171,0.246191008185595,0.850628976554076,0.950000000024767,0.903653616389837,0.82284052204611,0.312795465745795,0.455621029376661,77.1729943153184,1,0.794335670871502,5732.96815193572,0.0884184148387478,0.774658100947373
21,8,138,75.7738971020105,0.252812851824612,0.962302915257226,0.949988417187093,0.645920575351312,0.513693590152063,0.374935014933718,0.403781255209242,86.4344962632472,0.999983962259052,0.815035040017372,6356.52647601046,0.127804641673429,0.78023209528344
21,8,139,83.219636923704,0.258947316168739,1.0500001421093,0.950025469806153,0.777365494106716,0.414481933253451,0.561698752519583,0.696155341066228,99.3036508067401,1,0.773650709694333,7120.63539391477,0.09501728488293,0.781998773011102
21,8,140,91.7211938625907,0.282381366016514,0.999071272390089,0.951668967681872,0.880162686532125,0.847962352902205,0.779023092883065,0.675930294347041,96.8340504334485,1,0.841691988138218,7938.77278323756,0.0605771972620971,0.780915318628826
21,8,141,90.9113620837088,0.285414631244773,1.18377456318226,0.951063075760421,0.928801658093407,1,0.387579555594154,0.58378473160244,107.620908223559,1,0.744243905785983,7946.42065548233,0.0783222565780348,0.772058442665063
21,8,142,88.7041404875077,0.339637461411524,1.12043409640136,0.951413383021112,0.999999999999824,0.832729971754612,0.759385749885304,0.739291869379775,101.814890808092,1,0.772619694856312,7700.49543750348,0.0554996439566587,0.769030209002394
21,8,143,83.5197423471817,0.313555007902963,0.970997748992853,0.949998155782781,0.816541169365525,0.7721875342044,0.557230718421586,0.740571596709753,97.8517675162829,0.999997446468466,0.760958234113888,7596.21338498247,0.087365139429582,0.77501546449753
21,8,144,78.3274520179787,0.284839324702765,1.0452572977548,0.950020962799896,0.900017270724653,0.49106650142621,0.532179994345883,0.777508903605453,98.9390037181546,1,0.722490497724679,7063.78117082793,0.0842522707154805,0.780992966453032
21,8,145,76.3015073270243,0.275390163107704,0.92338838478952,0.94999753789425,0.993755253109709,0.469752944944139,0.331960890793736,0.488933686035446,86.3422914421075,0.999996590930501,0.821051049381405,6632.97248792136,0.104374119790767,0.778516380836963
21,8,146,69.1309468741948,0.232714157362497,0.802203084612973,0.950312074661078,0.491087232168664,0.625035481666312,0.354749939471558,0.344842562575217,81.3264364415798,1,0.784755694826931,5994.54058843967,0.12995979214395,0.765436725184983
21,8,147,62.6749742012132,0.20483755997024,0.800183211075562,0.950008436539393,0.528908017843025,0.325984195240432,0.323587946506248,0.292141900380223,76.7554480362524,1,0.777576551174883,5561.21034584762,0.126682193357052,0.777675411800954
21,8,148,71.1825648429333,0.22412141496599,0.809094235525439,0.94994585878701,0.629994365277803,0.271342348912361,0.595739149215647,0.4911353386042,85.4803983153004,0.999925035243553,0.788066674877687,6030.85939318675,0.109534564384028,0.780401017332945
21,8,149,76.1647920474326,0.211423596140417,0.854685686474938,0.949999532011704,0.74964077352455,0.59964752102455,0.381263768791786,0.447752943855105,89.725367649349,0.999999352016205,0.781046954602926,6719.45086247178,0.0933431341228184,0.77880170063048
21,8,150,81.8671964188003,0.197066168426825,0.864291409558851,0.949999923468976,0.737402054279859,0.330256170097102,0.32419414461484,0.36872915947312,97.5025736031166,0.999999894033966,0.795755868809378,7004.60947431843,0.103546851837826,0.786428484121931
21,8,151,88.6317078875614,0.182946679093063,1.00827196298269,0.949902173147977,0.772919447457083,0.570821369293863,0.299516777935454,0.704822032201605,97.4035470700929,0.99986454743566,0.827582040277388,7617.40501059572,0.0714629031484156,0.782480438415957
21,8,152,92.7199003133863,0.231537221203853,1.11007978426168,0.952063558311757,0.755900437546342,0.824473286641678,0.500470809957038,0.72942288155728,102.573883382893,1,0.802630644348443,7594.8986638671,0.0705215542481266,0.779509421196776
21,8,153,95.8155754211747,0.266622434166552,1.12504767059716,0.94954375477664,0.867021007441005,0.785922737523041,0.570797828745203,0.667037427743163,101.019108789426,0.999368275844578,0.847378979034841,7978.72669369563,0.0730965751776249,0.781592365176671
21,8,154,97.9541478912464,0.305777482667687,1.04444765790318,0.950613330028982,0.804891742605192,0.451043806599933,0.88828647488666,0.802197127524351,110.855389830921,1,0.808261719188258,8076.43060724067,0.0791637807058221,0.777896542010562
21,8,155,96.5335580373325,0.323747954373063,1.1934850833969,0.950012186130227,0.782667266244435,0.917056035932779,0.578218507232293,0.516029056380736,106.277255568699,1,0.809071478229351,7701.41990749427,0.103503304765829,0.765845028901254
21,8,156,84.4473541297317,0.341871317516588,1.07824373820428,0.94542278560794,1,0.96651774657394,0.629421425222535,0.796672312860904,95.0024522884985,0.993662318534071,0.771778056832872,7528.35023168161,0.0516138315199053,0.773583320851865
21,8,157,81.3635993733772,0.332232551028899,1.13090045178613,0.957864953090488,0.949101860249616,0.504442364255885,0.561667701257098,0.662320115396247,98.2323352516045,1,0.759759435084971,6665.90309017435,0.099371139490868,0.767742124247857
21,8,158,82.0470374596853,0.289268150270349,1.01805631715271,0.950292358868631,0.787814592886296,0.640547433090263,0.531801726016764,0.659839031081222,93.0059177749943,1,0.799324064283087,6913.40131603171,0.0976703066344466,0.774652169750772
21,8,159,80.3779662339084,0.254989676599456,1.04055257960298,0.949930877101645,0.949899875787264,0.746559232902609,0.744027531922127,0.814235183853729,92.6225419215215,0.999904291371509,0.772328025571324,7090.8083115278,0.0460996038286513,0.780453941353861
21,8,160,76.254672875801,0.219916870009984,0.937225722657968,0.950015160784525,0.698547930865852,0.540113828170216,0.418280969782392,0.321600145859379,88.2161912271245,1,0.805367387092915,6625.97275095924,0.108689845575046,0.7818994918366
21,8,161,73.986144167528,0.210950752339246,0.881987948944254,0.950623282250936,0.783192247275153,0.501012828497054,0.300000000014,0.594057363598271,85.0441049740346,1,0.801269204393889,6502.26752662756,0.090115221467682,0.776065264127063
21,8,162,78.3967104122141,0.207009342966626,0.985082474337946,0.952668956588395,0.517584455069787,0.43119985605696,0.324937816564717,0.412189026596973,92.8912220705873,1,0.790337104423761,6790.71382014779,0.118656647199793,0.786932599946823
21,8,163,83.36615616959,0.19407257418385,0.999999817271658,0.950023141336077,0.595330255529163,0.355879116566638,0.387657587325541,0.600360450215594,97.1926357216308,1,0.800423530149358,7196.83491732683,0.0970274644680466,0.779531901029012
21,8,164,83.9755424546408,0.190842364384599,0.936573550306903,0.950000010880013,0.617233602195869,0.314220394152018,0.301534197792571,0.306137970251149,99.1279585873136,1,0.806963873540267,7501.21608979711,0.112705247677383,0.789104375798175
21,8,165,94.0394294390705,0.185211004591537,1.12258203261781,0.949996240611972,0.82705024629058,0.485087857072716,0.535537313990582,0.450456554163452,109.288495173169,0.9999947946935,0.800033651586391,8110.53107496499,0.0747317139617317,0.789273166552519
21,8,166,92.1403273578499,0.20329744522812,1.0117160715771,0.950000103005749,0.774420301830602,0.470463123018011,0.50373110270343,0.464943782797169,107.925590846916,1,0.794218327299843,7745.3745137937,0.0868664298811876,0.789825240412986
21,8,167,96.5620030976176,0.219259006964972,1.01800774268961,0.952656557435252,0.969474230813988,0.997040733260239,0.414489968641227,0.516313047476004,108.470933669682,1,0.787321444455026,8733.89786297297,0.0590333896742367,0.781242936663958
21,8,168,89.1374150435147,0.259814445622521,0.989115837230039,0.949908142515308,0.732383098761034,0.571173010836964,0.5997726183128,0.747214760891875,101.662749353868,0.999872812713503,0.795574733357219,7900.5267343215,0.0868031124162043,0.759118978477441
21,8,169,83.5976345996492,0.232968397659638,0.898918304658301,0.950035252083128,0.907228908321271,0.748249808756851,0.591735930450237,0.490577273870755,96.6793982848452,1,0.78304885725577,7195.38621919093,0.0714731695953601,0.777218845069134
21,8,170,76.3700990260321,0.270642149865406,0.921084386824525,0.950523105464758,0.83217670855725,0.512395221665784,0.438104442398703,0.498620689986537,88.2855966873344,1,0.800101026519512,6766.96642830554,0.109401933655622,0.774299652498406
21,8,171,71.5378088629343,0.281746563971412,0.887228341579083,0.950917757621378,0.998824124775731,0.486050860836088,0.524486202463631,0.373046321456403,86.756096641789,1,0.76992971259743,5985.79034541997,0.102770885473749,0.767014441792188
21,8,172,74.0009448041803,0.297836192658497,0.855249871140352,0.950000000000057,0.687359197873111,0.553112724666461,0.30029740163815,0.689787895843605,82.215111186909,1,0.820726295936693,6400.48656582478,0.127282541430897,0.769160681456828
21,8,173,73.9726829873408,0.31260690639528,0.948852478537186,0.956642294271737,0.962015673586471,0.761219000190934,0.826464345011418,0.621304361798466,82.9582306724868,1,0.800867389334081,6323.77137643079,0.0642895280680551,0.778368560979298
21,8,174,81.1273074305034,0.290901917847368,1.02462655138393,0.950000690659987,0.863080182059113,0.346297687218783,0.683210660327052,0.578796421927461,90.4355559297514,1,0.83888978847855,7050.90805254719,0.103051165154896,0.770957984764027
21,8,175,84.0970683607115,0.298007262732296,0.981161350078228,0.950079330441046,0.987959816811256,0.518887659821444,0.652887653060971,0.731453145571392,93.8325606178712,1,0.817910007880943,7241.85599927521,0.0737190901735389,0.769871018976472
21,8,176,89.6110922452881,0.263911908562402,1.001787707402,0.951038371745658,0.968330777989889,0.779958977293748,0.725946546267892,0.996956618824876,95.6668124795755,1,0.82324568468724,7820.7582565115,0.0333223483251408,0.792177632206555
21,8,177,92.9345785997676,0.266887860117009,1.0548945069102,0.949997051019103,0.782996303898684,0.811833304490806,0.744616906290799,0.658359528727807,97.7305648594117,0.999995916795682,0.848519115612947,7940.04493974161,0.0710743816964022,0.776469115632755
21,8,178,92.852975018547,0.264826856926694,1.13903028570935,0.953071946921105,0.887756176605409,0.543322426442663,0.654713201729639,0.754865845270272,112.080302370187,1,0.753394148569814,8106.86925097591,0.0719874077677883,0.781377879483473
21,8,179,97.2993463757134,0.238088237690359,1.0924013385812,0.953251127011131,0.990614647274161,0.739490624421401,0.745050294799206,0.640409529897146,103.560650301142,1,0.844626041365269,8286.66746083066,0.0502518842809604,0.783785039906972
21,8,180,92.1409032790637,0.227619483515648,1.17440461365307,0.949981041066099,0.79292438067237,0.774524921789345,0.663225061618153,0.504264725431781,100.184698368516,0.999973749168445,0.83026021993012,7981.32538471131,0.0744386739928103,0.781239483088195
21,8,181,94.5741687023795,0.243302995717484,1.05855788325679,0.950565463627379,0.780107769889324,0.999999999999971,0.45813327877298,0.64277196354097,106.813739975103,1,0.777655197405796,8296.16348322191,0.0716874354936931,0.780455652086103
21,8,182,88.8922136407195,0.235303045521412,1.04262989253188,0.949998238616351,0.797927929816829,0.490001338867462,0.448889143710754,0.651906039658977,101.605651643687,0.999997561161102,0.804026199252743,7078.89088322262,0.0893611893472058,0.781281925092236
21,8,183,79.0871972393448,0.251267633248922,0.857011109330215,0.950086980207266,0.999365423049288,0.612640710036279,0.300416508884236,0.863803482997921,93.2725762534221,1,0.761765047529717,6905.42090578039,0.0663126947885704,0.775637337222889
21,8,184,76.9921352292157,0.255908267026783,0.926146945877365,0.950000000136308,0.827704594529437,0.475951330202746,0.412618145100842,0.359249237593618,88.8890775132244,1,0.810138533051184,6882.66243398491,0.115746340322775,0.775982035039584
21,8,185,79.7751842444445,0.277706185835091,0.857386899286167,0.952978962113059,0.870335393050308,0.603359763475278,0.498416502089022,0.523174493891919,93.1068405165603,1,0.784824217203538,7125.8671077379,0.0989469725897318,0.782493901763226
21,8,186,77.6458307196013,0.287337253822971,0.868884320217098,0.952585050242959,0.763156717609708,0.555681620653154,0.583686796712977,0.807163637107343,92.8182490009946,1,0.757733504241708,7015.22744351127,0.0903227958786864,0.770027413232191
21,8,187,82.3873160175469,0.303487399200671,0.951242700352498,0.954812257790017,0.947145346371548,0.962408054525385,0.575081026003959,0.534912461621784,97.7900861020858,1,0.74666750905906,7281.69569979896,0.0748161258928004,0.767280726321083
21,8,188,85.4317780165871,0.293351371158959,1.00445342514217,0.949883539525269,0.894031674726071,0.707572056176323,0.887275452276299,0.807148843141166,104.227074435836,0.999838747034987,0.732262069589397,8049.80625453998,0.0529451239972567,0.780675401626575
21,8,189,87.1940493648435,0.321906064101153,0.906680373210967,0.952118738533432,0.904514835933556,0.523810002171466,0.706950254292797,0.800529720781738,92.1947165055732,1,0.859459045973174,7615.22683781241,0.0797076517537863,0.7841410174088
21,8,190,100.014701077764,0.296235363700477,1.26174151326739,0.950048360115463,0.703604458874849,0.947851253184678,0.525294054512274,0.613142355360689,108.740506762662,1,0.812811157244386,8715.10205852008,0.0990051004129984,0.761526157367367
21,8,191,101.106292834753,0.283418099370855,1.18049552833457,0.951216556349467,0.853620767486935,0.465094931953248,0.51861690099726,0.58530872564192,107.631890570978,1,0.868478936919533,8619.73961808598,0.104908643339077,0.778576586072994
21,8,192,93.3391335334488,0.225770148862738,1.05414202369143,0.949999890413785,0.888950594211968,0.671002885527014,0.425109339182793,0.651983617673996,104.779896242157,0.999999848265241,0.805275528646304,7917.15703629735,0.0722620258612127,0.79120137414705
21,8,193,77.9109619121374,0.173854465760445,0.938099527716667,0.950000058907861,0.428772933309341,0.321798696593967,0.366877555559056,0.324772506512363,87.7583151647288,1,0.844174763975973,6089.21420896018,0.110821281298117,0.780189443721826
21,8,194,76.4743810795575,0.167247416569192,0.978645317147791,0.950001309647228,0.629853469670197,0.415079895441649,0.336907548267445,0.373617999702917,92.0990927737514,1,0.780458071180009,6409.2384746934,0.090991106646943,0.796315345603727
21,8,195,71.7771405013297,0.187939804586255,1.08430349488849,0.950000000038537,0.650487139354449,0.617839139169621,0.300010768921746,0.612903292289933,88.3374099096142,1,0.73963670656564,6184.44916935453,0.0841764491591775,0.769623793476854
21,8,196,77.539263541837,0.189414002124544,1.00703833519506,0.949635616578047,0.742434779183022,0.59210048527658,0.44318881943871,0.482959977720151,89.9768221906497,0.999495469108065,0.791531238358222,6381.21870285527,0.0803479009074782,0.777694927527532
21,8,197,74.8647671562158,0.211594440692367,0.834445861582119,0.950001637034214,0.86365558652431,0.296922047873412,0.549218117082796,0.673878621009502,82.1780880903422,1,0.851308494293144,6488.49134231371,0.0774353760448262,0.778120652663053
21,8,198,80.6804922866398,0.202149174692225,0.948249026602091,0.950003630822971,0.662853436855545,0.38406918842185,0.315378808156774,0.529810944537984,93.8068183470788,1,0.803657463121514,6451.34225484831,0.101749835415705,0.78239231196265
21,8,199,92.4446632791856,0.240952935251971,1.06763833054897,0.950015906464445,0.7504666531615,0.476948609227928,0.688946252342413,0.625457766535046,103.157320786518,1,0.825777547939757,7382.85475781502,0.0861002495895288,0.773768835410569
21,8,200,93.5794122820741,0.269868797578829,1.02830813582589,0.950199572203476,0.721377081100421,0.676976919490024,0.708136861991676,0.605334731318102,97.2280459148471,1,0.871791619541858,7805.18995765873,0.0897856514446869,0.782239695657112
21,8,201,101.039724094029,0.304749056992706,1.00826419171223,0.949813698433633,0.863070202145918,0.421872694943083,0.684703634854041,0.603171255044711,109.049033613865,0.999742043985031,0.858988700859251,8642.95490964371,0.101863836139718,0.770214591867111
21,8,202,96.3420584601561,0.293838182965607,0.882630610437646,0.951748708770305,0.95538448409641,0.996319011755189,0.935085739405252,0.965640650277102,103.533596461643,1,0.803872607990821,8686.3490303221,0.016998743983611,0.78102873721454
21,8,203,98.5936299228398,0.299581312580917,1.03900884128117,0.950120139218124,0.785950376184757,0.682764659281935,0.700201447717605,0.58228224306671,111.014887028238,1,0.805022662500913,8245.55237417306,0.0947901873892447,0.780740587763675
21,8,204,96.3324313167616,0.303343238705859,1.03975282193863,0.950798755984337,0.999847010847663,0.701795312428084,0.735722811531682,0.896129126282465,110.332493834999,1,0.776824915926421,8930.8149415558,0.0462760867467949,0.780998783803785
21,8,205,89.3263619666926,0.264167931878921,0.971226696468692,0.950064448109739,0.731778938528526,0.508345699989432,0.489435360596677,0.717877588868909,98.5764878996218,1,0.82837277061016,7983.69481975996,0.0990679081025354,0.776432430359208
21,8,206,80.3286083040537,0.243051921174183,0.915660567804551,0.950732638897883,0.857873988158952,0.794590803815142,0.607286417944088,0.905439991632687,91.0266268969274,1,0.778342782077137,7273.9160713349,0.0507736625025416,0.784138232828976
21,8,207,71.5506961863185,0.241183029656363,0.838656942261526,0.950137767625649,0.793138882244354,0.699223901957601,0.350363991589877,0.411294476189131,79.4495645037314,1,0.822748076565344,6247.30143611901,0.102175905369385,0.773412847073407
21,8,208,65.8580662834408,0.213546034735085,0.848189997973783,0.949999613116484,0.64305680336988,0.395738964283891,0.51271242622294,0.572458211782162,79.0288852806771,0.999999464315132,0.775979760304193,5827.48712008874,0.0978126400703086,0.777182213751265
21,8,209,73.9516289144354,0.189716754419975,0.951935482700066,0.948955907515119,0.667223086350953,0.465364338433538,0.34546045261581,0.327728803459044,84.6332426681895,0.998554333482472,0.818351193577129,6704.59442530236,0.100868992429604,0.775038613807216
21,8,210,80.4445183302744,0.214699754944703,1.03189011972957,0.950000007517907,0.670572639086113,0.602982542336979,0.421600787653603,0.308795046465718,94.631706329645,1,0.787967667199361,6567.79524820528,0.10632872240171,0.768516997474576
21,8,211,81.1784630092271,0.206340732533858,0.882870233986629,0.949983617987744,0.73767083952986,0.37612758989562,0.428950412938876,0.501638524276486,88.047836614817,0.999977317213799,0.863492436755049,6592.82855348136,0.0955177097812964,0.785192736590201
21,8,212,85.3849214408127,0.196143461999252,1.10493113414809,0.949982926288183,0.716998701296231,0.583288698047109,0.363031158570211,0.390105431276673,96.3293324525717,0.999976359475946,0.819391406912239,7051.93257529824,0.0929574666324874,0.770772398953096
21,8,213,88.7271819704257,0.201504581313739,1.1404353961971,0.950002428642547,0.715777640720212,0.692110395777076,0.481389524600947,0.423194021604388,100.217445505202,1,0.808829257069906,7251.43389314091,0.0852004782317829,0.779637198466232
21,8,214,91.4610073478307,0.20872861477161,1.02277427776223,0.950000000981575,0.762851672701395,0.542414152348657,0.438976943711319,0.466883813113537,100.822207745705,1,0.838205293937482,7282.21823766502,0.0899309376443692,0.790537000696792
21,8,215,91.7592194344302,0.226816694408037,1.10633647065512,0.950000414155143,0.844445469642658,0.765350950866623,0.64037171209573,0.386667699113736,106.418666918502,1,0.784050050473477,7450.91424481236,0.0775576204811713,0.780150202785743
21,8,216,88.1513094103711,0.220970629481607,1.11339537261695,0.949991929062295,0.643050093784172,0.578018416489728,0.39381387085669,0.37034452278889,99.8813631852053,0.999988824855486,0.817159144335858,6915.2646181527,0.110383722905859,0.777397100661069
21,8,217,83.5099748344916,0.259514251608787,0.94042311500769,0.949851674480584,0.658796902660543,0.427647952817653,0.714819727670647,0.682886957504148,97.8595538057354,0.999794626203885,0.78726621236924,6983.22840481051,0.0982932981273365,0.784676822249609
21,8,218,78.1775258421345,0.257643541399276,0.973008337801949,0.950036448011856,0.777025267165943,0.59364625361224,0.299998593199618,0.628944541593964,91.5400113703362,1,0.77843836342935,6407.24447398266,0.104074844928217,0.781112756772475
21,8,219,79.4935666127018,0.297434149934262,0.934925471915577,0.949999999999998,0.672311126381835,0.666901957153789,0.345951262550376,0.597198547228249,96.4251486017052,0.999999999999998,0.747746448419363,6383.91086794368,0.126754199498838,0.759494062543946
21,8,220,80.1297938916138,0.289399327048899,0.870873843121717,0.947725233859246,0.994320622831414,0.543277688748277,0.872200573026688,0.300000765978577,92.3246249470987,0.996850323805111,0.806824089720011,6983.46211916454,0.0881966130789064,0.766033943323523
21,8,221,78.4166061023447,0.293785226369519,0.867399258209184,0.950009673071807,0.556547391711672,0.565378861261782,0.329871343167947,0.759751089507571,84.6550200768615,1,0.840475925996838,6705.89176901335,0.131477166746526,0.770324983143353
21,8,222,84.5552612643733,0.282296550888941,0.896494312892422,0.950510752916775,0.875807993372893,0.658564886419134,0.581825551604501,0.511833357923667,93.6783052379919,1,0.823126607449982,7639.89525904972,0.0933278249139705,0.778626201214197
21,8,223,89.3796000217078,0.269911230169797,0.913024057848038,0.950000000301127,0.882273925604547,0.485780014185894,0.411471455022679,0.866265714275815,99.4149482240723,1,0.816912199220006,7621.34393099206,0.082296744868208,0.782094234537084
21,8,224,96.5740250575949,0.223416781773441,1.02423197352667,0.949999951176106,0.617134316045228,0.715576941850389,0.458486473313729,0.446186352883116,108.609799736437,0.999999932397686,0.809578355898787,8524.98681499123,0.100974389017284,0.776490404115361
21,8,225,100.608172019075,0.1916652380204,1.17801628076338,0.949999997115671,0.89038741208782,0.713643203884237,0.424333505665155,0.758984422481754,112.102652502714,0.999999996006314,0.803529379156439,9189.40096309634,0.0553816987096271,0.778005030782891
21,8,226,102.985099685005,0.195474963540198,1.13530008841379,0.950382768888753,0.705981669693256,0.701990801660874,0.852625144337174,0.825170702969836,112.923539112905,1,0.8144878663089,9179.33325704463,0.0488160343252715,0.787842343160184
21,8,227,97.1050211229106,0.178362360475214,1.1665067424577,0.950011535510407,0.808043375873401,0.51139522420782,0.751305191811175,0.832044063764382,107.632750835112,1,0.819380090363714,8591.64097679734,0.0480107376997288,0.775914054875853
21,8,228,94.9312998421266,0.15423502054803,1.24279323191586,0.950425790128989,0.554384390476574,0.44773556126101,0.3086215029237,0.308122326091548,106.41582670757,1,0.839002707643151,7611.64985927194,0.0927968978746738,0.785672802753321
21,8,229,88.5405896147522,0.167487562269069,1.24598471086394,0.950000223407619,0.634293885632552,0.575846468041649,0.506163280524435,0.40487346921448,100.716231148887,1,0.812577950954651,7529.36462722834,0.0814359520064893,0.786756107544222
21,8,230,86.1235194700117,0.180515330330222,1.06407028261446,0.950000000008468,0.809615926503466,0.481557547731511,0.320592031864782,0.792034544800106,95.8385808460605,1,0.820159881505062,7411.73720828291,0.0663984168426744,0.78737407613486
21,8,231,79.9780318558886,0.197481390392183,0.997991167298017,0.949962565719887,0.739191772981942,0.52201123539123,0.40424488337345,0.415054755473353,89.1860729913625,0.999948167919843,0.832517471204982,6657.47573326937,0.0913762570117387,0.776959785642322
21,8,232,78.4216283016618,0.212400127045321,0.902663938307322,0.951009147044128,0.782216210691241,0.683614275399196,0.301350115089797,0.568359122369865,86.0211048324953,1,0.826926341056393,6569.36762299068,0.0851329345548339,0.781921289648322
21,8,233,81.4437047685316,0.248053146430098,0.95402205024579,0.950000007222302,0.893555971386826,0.61112556666236,0.300000071313955,0.630886490541654,90.3733168511568,1,0.820036423832541,6708.46802273969,0.0891828382353149,0.783635083173562
21,8,234,83.6839482538708,0.257997830919012,0.930047776970826,0.958018301537448,1,0.582724580738994,0.625055671081269,1,96.0510407158327,1,0.779098662248758,7522.45318151009,0.0438850288853926,0.773132713555162
21,8,235,88.2729248725808,0.276551382054557,0.98828628929206,0.950162877629335,0.754528186306224,0.302990063755782,0.64513293255722,0.72467800827553,99.6339877492081,1,0.825096642887254,7416.41121880159,0.102650572838531,0.774801765957072
21,8,236,95.117320034355,0.294126544329142,0.958701643953903,0.95001080777298,0.876905830363973,0.441406487695572,0.476498471035939,0.600704730511597,99.728103411532,1,0.882967532648437,7859.18980786231,0.108283838727345,0.782945489103876
21,8,237,97.7607828256275,0.285455850266771,1.07012585580874,0.950075430540492,0.834022720205779,0.878901525889559,0.850042287592864,0.78102735395265,107.531695360028,1,0.801174835003439,8214.77304205929,0.0527021371366314,0.774522080876895
21,8,238,95.1238604593139,0.267385593089799,1.05138290185138,0.950000006916131,0.899453938184134,0.603293310865309,0.300469206855291,0.486952254706327,105.657335848458,1,0.826311990685186,7849.3923284807,0.105554853512666,0.777872599297566
21,8,239,92.5428282045555,0.259707790075738,1.09744742688716,0.95110186697416,0.729477126291145,0.964599362702676,0.638486876941906,0.695855522007444,105.426063374409,1,0.77120865901691,8072.40956992431,0.0699636852407801,0.766480439593652
21,8,240,91.8373630217282,0.293549107433802,1.05045390329705,0.949998856962187,0.697870893181258,0.673887650530504,0.723153700259552,0.838804501975118,104.957611216221,0.999998417332258,0.782839822593592,7498.32863637756,0.0822270810401245,0.778448705683366
21,8,241,85.617357609863,0.244597637655046,0.844572336850496,0.95,0.875659453443751,0.640674262631161,0.286680835010902,0.485053770257585,91.13251031979,1,0.859410237361263,7163.73039158402,0.0977407792667454,0.784502199011539
21,8,242,81.7681826337337,0.213321089417491,0.959374749388623,0.94986974451776,0.758403076545709,0.305799054235859,0.347659207089336,0.435978755602201,95.7979880131718,0.99981964625536,0.807573463175949,6674.44545246716,0.106871426072196,0.775590282457753
21,8,243,80.7754472654971,0.194019248787335,1.01039120534842,0.949999971955087,0.731206012327867,0.446305963337112,0.436468266409593,0.564963989596766,100.228666449033,0.999999961168582,0.747232585795548,6988.48088488628,0.0844387625206122,0.779243943738481
21,8,244,76.9514453764083,0.175542437426779,0.939578810014184,0.950316202435067,0.574283153240643,0.361328811084075,0.30026631024449,0.43153930427771,88.7544076679184,1,0.816379355195037,6428.39309767862,0.0993611662913061,0.78608674533244
21,8,245,81.5512665140437,0.15671153728509,1.09193685949531,0.953691763682685,0.792447672297362,0.427851740786452,0.333560881200619,0.407703767090203,90.4906606119785,1,0.844426484320813,7098.02021902042,0.0747501313109862,0.796509866319273
21,8,246,78.9530628518522,0.198666685631957,1.00287661948695,0.950034775387977,0.812152725330424,0.334781983908986,0.434300790752529,0.585529005750442,97.4362201011021,1,0.758279553251321,6918.42023970355,0.0838856927239017,0.772179743886749
21,8,247,82.1791258975079,0.240057921466359,0.869706218938494,0.950064435146557,0.738905888013346,0.416670883753376,0.640561985645858,0.541092134368921,90.7308252328816,1,0.843235248250348,7243.99981341289,0.0967425620182598,0.780768785228982
21,8,248,88.479489737001,0.240977162894636,1.12246441281657,0.950040277534014,0.846132523960993,0.808765824749045,0.752441700788675,0.56553774133415,98.145549558165,1,0.808670483570019,7591.477704148,0.0641970373596672,0.772509114455385
21,8,249,101.118269741965,0.279575430047574,1.08555420854843,0.94999999992969,0.847057144685849,0.601511384345392,0.753436802143574,0.812261333354215,97.8407241103783,0.999999999902648,0.932014674785474,8998.31953196086,0.0675189359197189,0.776055045558787
21,8,250,110.628832887025,0.321438623181491,1.21464244750394,0.948945662557998,0.840800527243976,0.901962453853106,0.663527369750848,0.32219288333715,112.364581232884,0.998540148157228,0.886066319593742,9070.81098277438,0.107727090503527,0.773289465045637
21,8,251,106.699408792728,0.316811480143994,1.12908704999961,0.947123147116462,0.784108536395649,0.811634675510955,1,0.773561267460642,104.544621973164,0.996016665238179,0.901530984667497,9184.26826908092,0.0589514735611946,0.782487724972679
21,8,252,99.3045844369719,0.35460663049198,1.06705218964021,0.950000040544504,0.752648998313189,0.623905530062458,0.847088043966366,0.80648728571659,108.252375217343,1,0.825855175299809,7691.6448990786,0.0897971877319549,0.764886689452363
21,8,253,92.0593442487216,0.35693707000938,0.931332337814857,0.949984289996979,0.93829025610951,0.868352707153984,0.953608526859543,0.767270644906036,97.5768882014413,0.999978247688124,0.832781005746642,7821.59257399646,0.0473853793558428,0.782222880344318
21,8,254,81.7593839842545,0.315029662043872,1.00503273514703,0.949978265149943,0.852208951420597,0.726517643300719,0.757030987494184,0.623778177558745,93.7960628829916,0.999969905592229,0.785210788025445,6831.74229078124,0.0830427480380913,0.773158663018454
21,8,255,76.5478064465663,0.290555923319032,0.800000000000003,0.94951360437165,0.881694901105124,0.559172410684534,0.695475538749949,0.684956975643747,85.1530737329258,0.999326529129977,0.818893467324784,6374.50369353126,0.0814780985133043,0.763209679055809
21,8,256,77.9901875988153,0.266073881850058,0.873106460712664,0.954128100021821,0.855716556263289,0.650516778986058,0.674481884596196,0.583717157458902,85.2268151936662,1,0.831843305075591,6402.49721629406,0.0805087732110217,0.775061285548105
21,8,257,75.1811219238783,0.240080438222676,0.860412903334005,0.950009051502537,0.855154424247364,0.481744174998158,0.468205195044423,0.311908430474237,82.6542613365293,1,0.852558811065181,6058.71691445376,0.106202907774857,0.776885702427727
21,8,258,80.8270067908045,0.224484652696696,0.896059281276421,0.949999996726585,0.723909094636274,0.307708246708673,0.321636198886922,0.505203013031289,91.5764824393164,0.999999995467579,0.831808162241176,6658.15322514671,0.112380685092253,0.786932864644409
21,8,259,84.4643379912957,0.197938858337072,0.96440495855506,0.950162280500292,0.821961405358765,0.406167235157886,0.433535371588207,0.370431959051798,99.9619390890865,1,0.795004781178054,7001.41867280557,0.0910297733216797,0.787790280167713
21,8,260,92.8425616001588,0.21761334279075,1.05004995223087,0.949959495176373,0.556621787450057,0.70544728230429,0.848807044073807,0.753463916591139,101.308586456531,0.999943916398055,0.82131283167586,8010.42312802315,0.0696524765806116,0.782320016393409
21,8,261,96.3599621882756,0.2185272858435,1.20617907763227,0.950003923820014,0.772409902307145,0.507242629005852,0.685418624911344,0.476876715455713,118.913188047736,1,0.750774627518913,8228.76689628157,0.0848928171280131,0.786400147770893
21,8,262,101.007562283574,0.219700323762107,1.23387319713167,0.949729619332595,0.635047700679618,0.59011255072918,0.539733082267896,0.775794935940224,120.570232429864,0.999625626768209,0.757476681649709,8690.812432168,0.083301957230232,0.765437141764067
21,8,263,104.955224049529,0.224998526336072,1.35497804921538,0.947431061982801,0.862471133661768,0.6527107183327,0.806893710455508,0.87494569713821,115.215222247725,0.996443008899263,0.812072984210354,9565.38334047151,0.0502438574107377,0.782398977430757
21,8,264,95.575230003279,0.242218388474178,1.11503928561795,0.950085768546298,0.9766424537147,0.659149775115141,0.549407915705666,0.78580229473371,107.306252437563,1,0.800203658635899,8704.93895435944,0.0564843653388582,0.781116896058156
21,8,265,89.8700931629166,0.260054165424783,1.19703870837868,0.949999999718387,0.849281856533886,0.601993915919363,0.559216582107919,0.484193250047623,104.840407931297,0.999999999610074,0.786970635435337,7904.32079610106,0.0951857608224305,0.781595281351095
21,8,266,86.5510275974155,0.277482683469117,0.973011743892142,0.947395593191372,0.988210223686183,0.844514256813643,0.915219192084323,0.544151361970135,91.450969295553,0.996393898264976,0.844156027523102,7799.12240255462,0.0507882595169416,0.781318028665778
21,8,267,78.0199599825723,0.281024992716557,0.994316034279464,0.949311694028697,0.746263260690945,0.456571727847694,0.705491231628927,0.81970949007431,93.1196120090553,0.999046960962811,0.764539476369441,7431.62494278294,0.0872861741422333,0.78352381100111
21,8,268,70.004106938794,0.282402867005554,0.807296486431805,0.949999999993427,0.866280532251417,0.578046166016432,0.945115839582859,0.707260608562507,80.7829739353512,0.999999999990899,0.787618942410019,6595.15058654266,0.0640814984642621,0.776843523156107
21,8,269,72.9787660647258,0.303567035467573,0.863671231324395,0.950000297272608,0.732201574808377,0.787300329935746,0.514375321883641,0.459427519679379,84.0485794646088,1,0.784864923058912,6550.84371152693,0.116655786218005,0.755657072996733
21,8,270,80.2006781328449,0.280674656436176,0.946306281710104,0.950146822168052,0.700975847075415,0.606840751305531,0.683306944713929,0.710393041738609,93.8015658666494,1,0.774945783683755,6899.26024281486,0.0929503155594808,0.783768757514586
21,8,271,92.032795484257,0.270764260915404,0.96921987896837,0.950004673932065,0.732046359817035,0.624780347861152,0.662336346515143,0.615978885827557,104.495539101604,1,0.801077633559922,7898.27670950807,0.0933761206146978,0.785696563001868
21,8,272,96.4487153864868,0.260042467544596,1.20840437763525,0.949994964401228,0.829583328523573,0.774051855090343,0.505817195945987,0.607558203827547,109.186627136924,0.99999302763247,0.793037778076277,7740.84667333994,0.0839620956913264,0.780367751523407
21,8,273,109.311347122786,0.262478750928758,1.2725261382515,0.948903314452353,0.975094508830585,0.878126879343056,0.334558634986706,0.838600425984452,121.994426639668,0.998481512318643,0.786092954858375,9213.90344720068,0.0618826073642984,0.774490994567376
21,8,274,112.824672608602,0.223191796726505,1.36378016212802,0.95387425148906,0.905312296308207,0.916778522924342,0.366290965820892,0.838943078771426,128.84061834044,1,0.766795732761507,9163.12592219497,0.0578228322111047,0.78419415833117
21,8,275,107.167970446458,0.17912196794709,1.2488902784106,0.950004757059645,0.589714145035935,0.624433114384779,0.553550974732603,0.697710706005865,112.598363726425,1,0.861873470940143,9036.56073716279,0.0734160589785842,0.777423208443932
21,8,276,106.457810221187,0.167989044802241,1.11519537405674,0.950044398850685,0.734091886780402,0.802387453374771,0.445914810587702,0.680725465234389,115.299419603285,1,0.82359352219625,8914.79119857752,0.0569942764804279,0.780452942012627
21,8,277,95.9370029517121,0.168880829275359,1.13486767761914,0.950001379089517,0.835706046833132,0.736085519494997,0.514700483440884,0.653535197264418,110.083467160507,1,0.783139025174573,7660.70656698421,0.0521307413544659,0.785921722593814
21,8,278,89.0380412699143,0.167749030747253,0.995957174687685,0.950006396031086,0.623888254475327,0.59665556014621,0.325158786301737,0.51811586864036,95.8352602032898,1,0.851773355763072,7256.7800037004,0.0804659197674427,0.785109878361448
21,8,279,84.2020989540127,0.194099083777041,0.990958832087601,0.950000000316978,0.852054803181537,0.458627203266166,0.429254697966383,0.384494763816732,105.82122608901,1,0.744388893822955,7138.28134094432,0.0848704633073823,0.787878132372157
21,8,280,79.2636440251615,0.217480378494217,1.01266504402701,0.950001701347757,0.665454963286971,0.410692983533883,0.570122395862076,0.312699480034724,93.0224497930305,1,0.803987939227719,6403.12082340851,0.108950422446997,0.777643535293518
21,8,281,77.9965104018297,0.286303117323211,0.995442811936485,0.950791025297466,0.684271905835174,0.666186173583891,0.777964558403812,0.745421059102666,87.9449533060008,1,0.798023696253993,6767.58216674491,0.0855024634540472,0.772586944841368
21,8,282,84.3259041143021,0.295151626999962,0.87471878229203,0.950004242656009,0.848860287041237,0.838223611728134,0.445853323021859,0.791143577120263,87.4202342153177,1,0.852657698774083,7093.84200700143,0.0782335072789116,0.778286528868795
21,8,283,83.2710060770465,0.312960235704043,1.11829980992452,0.950026871316041,0.767345552656195,0.844427171429941,0.394614293967484,0.818315994235022,96.0587633679108,1,0.764749722464932,7218.3716759057,0.0926144190565317,0.771627469938274
21,8,284,90.4991087224643,0.331189879357444,1.07660822063503,0.950057247573032,0.886857180706137,0.615935210854074,0.682462182196882,0.710349444193683,95.6825386717438,1,0.85656075315052,7921.21206585473,0.0876500147075209,0.77607498563822
21,8,285,97.9215062660992,0.324178707699519,1.23620422774178,0.950728224068584,0.709927034320996,0.980391224457308,0.875433253027942,0.926032155601201,103.053907593589,1,0.823678970384857,8529.30572899768,0.0567663895668475,0.773281478646646
21,8,286,105.123595494659,0.303247911068902,1.07250113748964,0.963560312453311,0.994793050591204,0.354205239643938,0.999999999999999,0.74900949532688,119.793008223217,1,0.812268851843038,9583.58812174385,0.0608961577376812,0.774779016564244
21,8,287,100.982100916068,0.275061126221996,1.23254021204293,0.952068851599182,0.974488298855711,0.954311153236132,0.389067787633512,0.634250827323811,112.986499079913,1,0.788499870178704,9035.21162929499,0.0710424607924495,0.776240584902913
21,8,288,96.8790305448505,0.232415554706891,1.10068133166798,0.950132677428765,0.783808010446766,0.734912632800327,0.522785993475939,0.694413278912819,99.0586427684526,1,0.877004379595482,8667.27868604157,0.0732625898854602,0.781672643649865
21,8,289,88.6127186681706,0.195663452820074,0.985998586029021,0.949821606002376,0.803065943532534,0.730587414073805,0.336258387104187,0.607942573426515,99.4055578204403,0.999752992926367,0.803224570502926,7419.29368318976,0.0720401261914851,0.791717496031797
21,8,290,81.604915362819,0.205655842148282,1.03597463975385,0.950000495283303,0.527291075553759,0.481878398431003,0.350883142914777,0.506846890557132,98.1941769501042,1,0.770496571737222,6920.8875007427,0.109372231486757,0.788979613031559
21,8,291,72.1083214284025,0.203999914555501,0.822827825574979,0.950000016109271,0.49809194044026,0.524013076828778,0.54238759369714,0.501602481640272,85.2594863916648,1,0.781296338913857,6153.3642185714,0.101483292379069,0.776138732024839
21,8,292,74.6738360343721,0.201600263973533,0.876338213762014,0.950011550123524,0.808944044389963,0.432494271955129,0.634348201614724,0.383541593937817,90.5253172875755,1,0.773632143234551,5976.72990106561,0.0839192501466596,0.772419425822136
21,8,293,80.2590653638529,0.225324846345647,0.988465807178911,0.950049297024311,0.84665925571991,0.567106993684558,0.373266364751555,0.351924571724419,93.7672964917525,1,0.794134342732257,6616.85250719726,0.0989075999124474,0.769426121853344
21,8,294,82.2823516824923,0.250931159480127,0.939705244784431,0.9507814131761,0.871115995219425,0.594257991406638,0.301129470580337,0.601506666901732,91.7590075411123,1,0.818538637480298,6500.17713820382,0.0947366509194322,0.778701927680036
21,8,295,95.4549387810284,0.288487878374723,1.04165807447587,0.949991414752614,0.927890835031761,0.731604364866966,0.416776805258281,0.748448182338044,105.859073043241,0.999988112734388,0.806486677379544,8050.06797512282,0.0787808512527312,0.784642334526099
21,8,296,103.789464083804,0.327953883701053,1.15227566380949,0.950073918546714,0.965809618647579,0.648040069783911,0.905662786239021,0.907537856043931,118.737009293695,1,0.780975885895661,9196.84159449565,0.0450857468030625,0.776413692827939
21,8,297,106.319497200905,0.359845846081267,1.24905382468614,0.950921024138732,0.860414027312452,0.868221873325012,0.702297975811833,0.735690933035689,115.874470695117,1,0.811290717058509,8455.81175828191,0.0809921272736743,0.776107862710928
21,8,298,107.811626436296,0.337483566088905,1.2353230623675,0.949681008163325,0.678313683248784,0.762977648587896,1,0.661965913986324,118.416313655187,0.999558318995373,0.815439766214492,8846.08278821093,0.0897987376630824,0.774951427521539
21,8,299,107.910605994954,0.337105001462626,1.09397152652837,0.95412582733628,0.983935217102693,0.885536984509424,0.974992068937075,0.618555706723303,108.819643793475,1,0.880941117957049,8728.57381155977,0.0494157759500182,0.783137016993404
21,8,300,101.70322717744,0.341640666530686,1.20743862805955,0.949893091541907,0.986525696894798,0.557555652385112,0.565449291432299,0.857345009108039,113.635126576506,0.99985197290418,0.808226766926886,8371.33072845753,0.0789644405092609,0.771721276152917
21,8,301,94.0092577018604,0.328152561851153,1.07405855824291,0.95012255681672,0.986809866685239,0.979043553922998,0.975124889457035,0.442442068722015,104.591178332217,1,0.79934650275511,8208.05387126969,0.0566894090471313,0.776439518387502
21,8,302,84.7660138518685,0.318694250269987,1.07966029602085,0.955542543616257,0.846589556245159,0.552685297194368,0.426540289764737,0.936861022548274,94.7223599170961,1,0.805132808602079,7702.36243016819,0.0907281062753231,0.780887684605484
21,8,303,77.9508294091466,0.301086923479182,1.01120578193468,0.949884152809828,0.973120022830944,0.497252762803256,0.591110845291949,0.829444946917527,96.1712482582288,0.999839596198223,0.737078521963966,6951.6216464223,0.0735612828291996,0.77798541224844
21,8,304,79.718510701272,0.262970300862159,1.01184827426112,0.950000154098499,0.787328645350364,0.696796738741546,0.533753673544059,0.819493246069432,93.7317520065523,1,0.76015272989369,7235.86389580453,0.0755743812645721,0.772004951516435
21,8,305,84.9092582504188,0.260153950028683,1.09834468809053,0.949996096608266,0.73616758794301,0.715567764837483,0.698842582873126,0.56193942484755,97.3596475454713,0.999994595303753,0.789049210987762,7391.59130105202,0.0867056105327289,0.77635038450267
21,8,306,86.1695737418987,0.238730015520189,1.10733093314011,0.949999356920175,0.845163083964509,0.671014368029747,0.364223578633992,0.635585307426472,95.4615888749464,0.999999109581781,0.816713357790124,7520.60318061498,0.0839540154854847,0.779635936496927
21,8,307,87.364181985694,0.248576769217127,0.97311331924207,0.950817591971623,0.733240587052744,0.779410044792714,0.471694889101732,0.66586617055229,96.7424333647847,1,0.807822938429042,7673.63166419161,0.0850794923322368,0.772451344096753
21,8,308,96.3331414706317,0.261968414568005,1.15075408090814,0.950664378578964,0.727915696361865,0.678515716873807,0.616467267525499,0.798695484513168,112.240225134253,1,0.769221171468559,8611.18953881611,0.0786432626893468,0.7853285492222
21,8,309,105.874640571599,0.236150182255237,1.00236064944588,0.950116550427337,0.69851987985533,0.42460344156383,0.654124094810473,0.726314787385996,112.633037813883,1,0.865527034868389,8985.52718214943,0.086592943711931,0.781527023343084
21,8,310,100.187694393241,0.240300642201922,1.1351823326757,0.950102717538425,0.84721474465507,0.613221117589714,0.606857906227185,0.850370150116834,121.843472206772,1,0.739218579415031,8470.55619897921,0.0622693263533871,0.775209229743029
21,8,311,99.1277708821463,0.262521466140368,0.943793356325454,0.949996963723905,0.876998833435186,0.508478788515174,0.386138059174497,0.419849377229236,107.178716673976,0.999995795925406,0.859522032271286,7969.4816500517,0.110084247421776,0.778373192617635
21,8,312,92.8947353740133,0.260919383592391,1.0387696759544,0.949986264611991,0.818854132325963,0.591601358952989,0.724865131500719,0.631015025787299,112.214304023632,0.999980981770449,0.754604978320601,8004.86812011029,0.0793680304867656,0.783414599703388
21,8,313,87.6654521256407,0.27088778649475,0.998372077591481,0.950001475384157,0.88770233942588,0.653332125962295,0.307450777254231,0.693459830135443,100.564193939571,1,0.787518389725797,7106.4398714079,0.0912483573430873,0.768189972627482
21,8,314,82.0699867895618,0.295891586852383,0.945975487377089,0.950000479345337,0.676019172289678,0.650873424304073,0.492208765774515,0.488526185713777,88.9897481265485,1,0.842691731637407,6725.43882274708,0.125950033586073,0.765723100095117
21,8,315,83.9338143361608,0.294710256856706,1.01077831504661,0.951343964692034,0.844870764676999,0.321370996893667,0.565763488247254,0.512127751313381,100.824165541947,1,0.783239016959331,7377.77351538402,0.119435403733767,0.763077588355699
21,8,316,79.9021588681293,0.309553255224379,1.15002037161263,0.949999999997322,0.92198050498008,0.594032881345682,0.651540180030453,0.646781358260209,93.6675540356519,0.999999999996293,0.776754670096303,6928.3808253729,0.0861731795870832,0.765457164399865
21,8,317,84.6787896275778,0.301750085789967,0.96547361857633,0.950059631255084,0.988515295318348,0.384557197359896,0.531089820906381,0.99896556482307,92.5465337212518,1,0.833021996983986,7380.96591331422,0.0690524883427235,0.778188050501754
21,8,318,92.3555548953433,0.280014967170828,0.991462684871017,0.949353626922289,1,0.999999999999996,0.754441773655003,0.999999999999998,102.642050953497,0.9991050218924,0.77498063985324,7899.86540330089,0.0193522950811212,0.782971752761221
21,8,319,97.959075392629,0.231319174442421,1.16430353740884,0.944712365280461,0.841275428275588,0.751853970251264,0.912716311706646,0.679806230663869,101.717793818084,0.9926786596191,0.856648075342621,8245.03773068927,0.0507215708307733,0.774887198811724
21,8,320,105.906513263549,0.212839134749519,1.15405083620763,0.94890656348054,0.759970814472389,0.758388769039435,0.612779039577784,0.503427759934944,117.771124848872,0.998486010973055,0.811807790145274,8926.93655265833,0.0744007499324581,0.785748863767377
21,8,321,113.052727007789,0.169247355182512,1.2706585611019,0.949997978701293,0.647716563682972,0.595081331705099,0.48323534854426,0.390985315332055,128.181968014309,0.999997201278714,0.814399630372715,9022.0333105569,0.0828658708112486,0.797275511982687
21,8,322,109.863974671857,0.146120688497319,1.22504582276701,0.950071333069094,0.630408559077234,0.622500298518217,0.474225580953507,0.45561057614066,116.037461928803,1,0.868951038792424,9026.34905400293,0.0688811301819099,0.784133589833354
21,8,323,103.451563987494,0.163810304940212,1.23227088076859,0.950000082585031,0.707877907508446,0.396990505777748,0.616923928419168,0.345406494356278,119.211566949625,1,0.818350486942891,9001.61695143424,0.0792192937923102,0.795149028661814
21,8,324,100.466087214456,0.172753699635387,1.08577857444171,0.949499759944551,0.647734889551572,0.369309811190629,0.315883686836835,0.369854316558271,107.836532837185,0.999307359923225,0.87903581625619,8541.89190464948,0.0952178151377892,0.789819857405922
21,8,325,94.6825889487122,0.165257097316413,1.15823351949228,0.950954876878299,0.76365531199443,0.578089976116501,0.463725361409391,0.405332948308577,114.639779467389,1,0.763230569882228,8026.32675431004,0.0720242813139794,0.777380227957293
21,8,326,90.4660372965436,0.197809998590693,1.01442467016586,0.949704548171357,0.744783445060109,0.599627751030422,0.513501508809371,0.556241877908846,104.65637360782,0.999590912852648,0.790292798847695,7776.37149798457,0.0770731108708774,0.781157703453808
21,8,327,81.4366657013747,0.211208856366388,0.94323483874841,0.949993784564817,0.68359428243854,0.550689289543819,0.443656380420106,0.432528017935791,93.4325153734104,0.999991394012824,0.806276925861711,7265.1471285893,0.0981602977923376,0.77935295513631
21,8,328,84.1234375333401,0.223921473032999,1.04315032063016,0.951998239089279,0.632458681294091,0.621141068158045,0.549204295951047,0.410342530813417,104.72557339187,1,0.739163896271254,6985.46090238685,0.101751614085418,0.781438865997083
21,8,329,91.8190420684265,0.242571106063431,0.90595789022351,0.950002706499755,0.869468151978628,0.663944917075093,0.630084024108951,0.631221861632052,105.868085834536,1,0.785404322110229,7981.15336336211,0.0709165825670018,0.776629874239732
21,8,330,88.5363028527004,0.272580820340964,1.0148517425545,0.94991764797159,0.769442243963609,0.514290352773578,0.469830309847472,0.764945412118563,104.353857092256,0.99988597411451,0.773085946314041,7657.04655648437,0.0961993692492243,0.775069811931044
21,8,331,93.8462781610413,0.269018741917026,1.09441788863737,0.950000003628109,0.717925732990094,0.615924862025516,0.656011672189495,0.752621731720658,108.239548287542,1,0.783396513169758,8497.39967117956,0.0856829403310866,0.780947197656521
21,8,332,99.0195560361692,0.284191066093365,1.13483483152764,0.948983489046747,0.985325383095713,0.799971053319337,0.506593118344845,0.969553477479478,107.324612510736,0.998592523295495,0.809473622958989,8614.5605489622,0.0475833416755265,0.779773355833732
21,8,333,106.48916013271,0.253467969788277,1.08118513077466,0.950000318484522,0.765637969548942,0.841734799384656,0.662503792179414,0.830733285324142,108.959478621418,1,0.861828074953699,8881.70532135902,0.0609160502023959,0.791308487884275
21,8,334,107.625619188787,0.249632700220565,1.25939214901372,0.949998381553685,0.956962045358864,0.685407576388945,0.690028526411989,0.665004298852268,117.778501705298,0.999997759074333,0.824396381752557,8833.63601851235,0.0620058796799821,0.778496578210026
21,8,335,104.928405444874,0.269576919521338,1.28630802676972,0.950000042973675,0.738771491979023,0.743192682040018,0.374440393471594,0.610188830314639,117.623548206586,1,0.802993201644743,8730.3351685707,0.10590623937307,0.774995219360044
21,8,336,96.9846056731918,0.270942442243453,1.10190126919228,0.949999988144402,0.932994389436555,0.654980720227679,0.998721683554697,0.878127371030703,106.200130494436,0.999999983584557,0.816702353936257,8329.43035533244,0.0369238340650839,0.775551988566297
21,8,337,96.9901179952527,0.247589469105577,1.1390646630082,0.950008063411408,0.805633818285152,0.719084829692764,0.632691333774544,0.340245861183611,103.33400832702,1,0.859276708741501,8401.88270269256,0.0933395368866914,0.774167867487204
21,8,338,95.6859211893944,0.2270400316775,1.23816378105721,0.949488959886008,0.896361633310291,0.642813639310778,0.90450096168945,0.504282612648637,104.942499219394,0.999292405996011,0.83245018735139,8219.19166786945,0.0620509677243549,0.772273162750203
21,8,339,87.2361277490459,0.24398029597426,0.997360857247616,0.950154510669196,0.774736567716148,0.392582941931813,0.540591128817503,0.537199503118222,92.5077463385086,1,0.880096004913087,7181.47014030287,0.101437045401499,0.78296698106721
21,8,340,88.0389345923283,0.241872020860434,1.11974010687088,0.94999816294107,0.815015297915135,0.479918684982945,0.563051138165504,0.602797302397661,94.1091337338523,0.999997456379943,0.862876488026524,7353.59918375697,0.0882953157162201,0.761475868713826
21,8,341,86.9182022000884,0.246934114951212,1.02805085951785,0.94997849909362,0.926437756616625,0.639480750364608,0.402624553482288,0.657809042010703,90.5964508772993,0.999970229514243,0.869454983013755,7460.96336226824,0.0779479830157412,0.779475071620198
21,8,342,90.2573517546377,0.271937954591564,0.947099933033648,0.950912711459125,0.983355676804207,0.965837500899034,0.469927607192107,0.767611686621345,95.438816598035,1,0.827652338324792,8013.94230725223,0.0533233127469161,0.780513847837812
21,8,343,94.1188039921829,0.260956299584656,1.04999099602123,0.951493398509001,0.995554158612227,0.532187646927617,0.67046993806905,0.667661213440158,103.128888711603,1,0.834767013334981,8333.57530331266,0.066479394203031,0.780461807055651
21,8,344,100.329899881722,0.294254780757802,1.07938457467752,0.947712665033438,0.968626213775021,0.31208077058433,0.90172896174132,0.976013956313298,105.329242074714,0.99683292081553,0.871303335373482,8784.82778737356,0.0531003364563073,0.775769185478421
21,8,345,101.154849605922,0.298782469355389,1.10615343678693,0.950001933792676,0.810440120022962,0.883791210218251,0.905993342488922,0.648117532151444,109.747276286362,1,0.817648196490487,8500.45944642256,0.0639500518186844,0.778641009167826
21,8,346,110.945432763262,0.297645689090135,1.08655885358548,0.94957316345845,0.812179678994775,0.665316047928965,0.497694199499185,0.717050153770119,118.840535471705,0.999408995557854,0.840890408854487,8813.11554144293,0.0944069159986128,0.787470482021984
21,8,347,116.398562910776,0.295087289065453,1.19702241682671,0.948649850154826,0.990487891254154,0.92001621545357,0.989222366760899,0.698059461873855,121.103195057279,0.998130561752836,0.846077776916993,10483.0908222391,0.0352188899319105,0.778466930786435
21,8,348,106.098274256851,0.328401726467392,1.15626345337197,0.951779450824767,0.875699876440307,0.535797574880286,0.776240380197827,0.780735546805606,117.534575784963,1,0.820318801100569,9166.69203500172,0.0811501455236123,0.77700521018671
21,8,349,97.5813597561387,0.317565762107871,1.04986412788207,0.951641790336592,0.881282903300288,0.488186931518478,0.579340168592655,0.935190999855723,106.586624557752,1,0.828570241032598,8802.22307401793,0.0806653722504082,0.776686723661432
21,8,350,89.7041025882475,0.344230652745674,0.946530341701921,0.958771330281457,1,1,0.34726679367711,0.955726729016074,93.6210169200895,1,0.827897623361161,8210.0305144477,0.0556328228336702,0.785639523182629
21,8,351,84.2852493766303,0.320305020272715,1.00883306170069,0.950000000040234,0.890033936427619,0.492944088220197,0.519666636884197,0.610081100967645,92.0549930575394,1,0.843169101991147,6876.94475050391,0.109962181658384,0.76491577199053
21,8,352,76.1147577930111,0.304541598975068,0.969776236766448,0.94999686246305,0.869206301204832,0.590659200753948,0.722652118422884,0.798293714788413,89.1243982865265,0.999995655718069,0.771501996574002,6775.12863435043,0.0747208911339772,0.779122137224001
21,8,353,82.6462631023808,0.29671516354186,0.978838595959614,0.94928139674986,0.72487877938885,0.700583881801592,0.370952152444485,0.782333449664663,95.922649683756,0.999005010884422,0.770579004897476,6431.46279476254,0.103973009518252,0.761001727574139
21,8,354,96.0806767977275,0.280843976406333,1.08510264632267,0.950633731015899,0.930962598631417,0.598563344123405,0.494792818583681,0.771048493490817,97.7751410503549,1,0.88839407680229,8158.66401027789,0.0771481215692758,0.780163503270239
21,8,355,101.035651847802,0.261827395567011,1.29004850649397,0.950001040472422,0.691980471900931,0.705676809175048,0.45917011084555,0.566652673710867,112.741969576763,1,0.811329053836385,8002.32193296169,0.10752204749331,0.775166996103176
21,8,356,106.268206882876,0.234389665180238,1.22209959970605,0.949243316871474,0.748435482651923,0.673738265321069,0.526448949679941,0.803718401803958,110.929166363346,0.998952284898964,0.857817767264487,8532.2798728833,0.0745934434656716,0.788956220274197
21,8,357,108.830826545338,0.230479157813012,1.29035743785071,0.947217938347835,0.775658812059629,0.779907313452386,0.839352764852949,0.692318459380303,121.771171058027,0.996147914635464,0.795235211816586,8537.18975597223,0.0604801412713006,0.780515926055192
21,8,358,105.534836675907,0.228921370118246,1.23033003859626,0.954336474711175,0.965431817447795,0.784179105997963,0.830857978615471,0.640986438730808,114.654019438572,1,0.824140340378978,8696.51717483043,0.0465399632626866,0.779637505085005
21,8,359,99.0237202182923,0.244953011407849,1.17497744631703,0.950000000281248,0.855419946945032,0.32533152217827,0.404213247580729,0.848572461104028,110.502887084183,1,0.827099468323635,8434.99377306084,0.0861271414809964,0.776185579654317
21,8,360,98.8680220178681,0.248186125626599,1.16070523942781,0.949984722621934,0.945804750064154,0.620482668502309,0.81990850823218,0.300026073309818,110.176733285573,0.999978846707294,0.830831538140773,7962.34851808191,0.0792635963328697,0.780809189272714
21,8,361,94.1243870701565,0.293624970007722,1.00674066640943,0.949999754970488,0.880496095759538,0.848020000766693,0.303638199808421,0.508248459874238,100.688035768875,0.999999660728368,0.838172961821332,8142.05525156568,0.103177762437921,0.77892608401773
21,8,362,95.6104347618151,0.314657136111149,0.933589607257112,0.955870285891724,0.985202973011934,0.999512749588498,0.461951949869723,0.993741262622803,96.2478710228058,1,0.8566729154985,8659.36194777109,0.0423028071004423,0.780450038643589
21,8,363,94.248965382365,0.3031773365099,1.02974713406719,0.947635314387123,1,0.704573443219257,0.683037868336109,0.714099236998099,108.314577729024,0.996725819920632,0.779025893962769,8242.31855342609,0.0630743462503697,0.774107322278435
21,8,364,91.5912073857688,0.28085022572705,1.02556808665813,0.955521649603472,0.999999999999996,0.784757288459568,0.401842838672822,0.857756784675576,108.648084610429,1,0.74606366619776,8400.74706526307,0.0600839525953427,0.771341015510787
21,8,365,86.8054310939559,0.32523577306806,0.918676721236732,0.951291415810568,0.850546559823936,0.755087567821684,0.666269148495148,0.750006647652865,96.6817887604761,1,0.801284629070383,7825.92960810867,0.0798900860237528,0.785115420707764
21,8,366,92.4213547988771,0.326889349200201,1.03662096228891,0.952126871944747,0.92367106545233,0.300663699007134,0.759520465312473,0.498444439174444,108.255468539652,1,0.805429753198629,8057.44268845019,0.113130015821956,0.762778577606233
21,8,367,98.0192033865175,0.291601816805346,1.05000111874105,0.950164774445874,0.793482543176197,0.669959187854586,0.614456460550241,0.708967925267509,111.397410683945,1,0.793040669028293,8549.21558335768,0.0879340391271023,0.776019909548739
21,8,368,101.506409113829,0.24897208927144,1.15712800502781,0.949766777775751,0.84112643985592,0.906067973465244,0.472724517639939,0.528614411577457,105.135973476144,0.999677076920271,0.859970866061128,8543.21291460679,0.0788073215955106,0.780295049705193
21,8,369,109.07427025995,0.23411171973489,1.18495937544395,0.950122521434132,0.805436169132258,0.689685522818849,0.844192849132158,0.863035393279719,115.552909910925,1,0.842233322583637,9249.47257305963,0.0498868013226554,0.771621293811829
21,8,370,112.366631954247,0.213467214691738,1.22737537240354,0.949813150839264,0.726262205253693,0.945654493829487,0.560207632092646,0.763504624610627,123.798984379353,0.999741285777442,0.795719396210826,9392.64402474099,0.0601410739359635,0.784714188210125
21,8,371,112.292871745375,0.209098282168356,1.32679036604912,0.949662659137318,0.865215756988922,0.764988586478245,0.56268505058239,0.386972202493943,123.703210350745,0.999532912651671,0.825063363713734,9272.03424582989,0.0776452412788065,0.779874690072843
21,8,372,107.661552743551,0.189850565434407,1.38583263532784,0.950002540877372,0.760960377432653,0.722675900155532,0.878502566938983,0.753497442539695,119.505978350281,1,0.806180417253297,9250.23934638073,0.0513664182601976,0.77582586103936
21,8,373,95.3546562731324,0.194945877317915,1.0611221786655,0.950000000894865,0.427705455952511,0.541116067833228,0.339169198104954,0.543003615301097,102.873363272132,1,0.852967663164907,7706.44151628577,0.107087173144305,0.7909729651157
21,8,374,90.3440119086612,0.209642575140389,1.1310345153878,0.950000000083591,0.842724577587022,0.629743994735839,0.586665124509327,0.772832183159289,96.034024915812,1,0.848023472139193,7424.37377628691,0.058941305198515,0.780387635102538
21,8,375,88.9697624019545,0.234361845174396,1.1748437683506,0.950140966201498,0.84198190310197,0.699859401283679,0.380334241686137,0.682178158228718,107.434398222485,1,0.745448435022788,7379.72500168979,0.0785980268136112,0.776976621624436
21,8,376,94.0726244084481,0.249104859823204,1.07074731474641,0.949957170853064,0.9418738160371,0.649892849051478,0.769570691576676,0.374353781609095,107.015588878689,0.999940698104242,0.808315593700302,7387.40531165504,0.0761914286087217,0.77235460107585
21,8,377,95.3589799029099,0.279286570797431,1.10689166583048,0.94999807478394,0.738453361685528,0.755285516311975,0.716546668069572,0.830331464620638,103.072788598226,0.999997334316225,0.822108994888343,7861.90466672701,0.0711336557984411,0.765849829243658
21,8,378,86.6473599237347,0.286049979847982,0.946433458731796,0.950119502954092,0.806782526888854,0.772781366541507,0.41184913969631,0.918212260444613,92.6322022335964,1,0.826046805431935,7516.99800797651,0.0762616616526983,0.779357963816105
21,8,379,90.2952039893571,0.302181944280804,0.910289176437768,0.951375056585941,0.866905158137491,0.433466936666583,0.754765555602679,0.766305245943911,96.1261240821167,1,0.862314676691005,7455.37107419826,0.0834111985100176,0.774204761916936
21,8,380,95.5357012562384,0.316621883886756,1.07197060928027,0.949999637199186,0.726549427493417,0.702169924691234,0.389840348606598,0.933996424411588,103.257597978578,0.999999497660412,0.82149711372006,8087.70952902004,0.0974720273583867,0.77855700036204
21,8,381,104.460830155274,0.320302382397756,1.05231558263129,0.950000095999363,0.947552659251486,0.578982055720876,0.694027245837782,0.579609490955305,111.686073370789,1,0.85597983386631,9078.75244837012,0.08982303043798,0.788084767830877
21,8,382,107.353357854601,0.276704913903912,1.13514548409703,0.952991205634694,0.999999997650743,0.9948166791612,0.405273452234608,0.68935918169131,114.90916726481,1,0.818907767327755,8917.93064148696,0.0601939754284001,0.783121072354721
21,8,383,106.971158945899,0.28203119385161,1.10604030774052,0.951370884807909,0.695282917265987,0.494968279864112,0.686329361011771,0.647162008923402,121.020723318478,1,0.812171477140741,9417.9529408252,0.103928583533899,0.776112329367231
21,8,384,99.1650988675821,0.243491076780506,1.11103273143722,0.950937016671188,1,0.615358896233019,0.556613195814339,0.670291729936131,115.055053991539,1,0.782291752890921,8649.32315360066,0.0633904248126669,0.791981934978652
21,8,385,102.573720148448,0.206493083123885,1.02370360644041,0.952018700711759,0.774984602487786,0.512024341695499,0.508424703096344,0.463946787357921,109.506377027324,1,0.868079413622159,8956.12717162899,0.0865039523257562,0.784979888881921
21,8,386,97.0722683420715,0.173926264942418,1.06830082629785,0.949774276121721,0.76911270503818,0.704444218845696,0.667149967847077,0.504170367560802,106.694565152108,0.99968745924546,0.826323818451522,8431.40453206682,0.059924208929067,0.785367594479927
21,8,387,88.1046699890271,0.158532641305793,1.00685791039728,0.950000000000101,0.606447280967215,0.332868323546409,0.391544552943778,0.331578120590574,98.086162470389,1,0.852880049340661,7549.28502920215,0.0898283537987205,0.788678131401706
21,8,388,83.7659720014012,0.141653939690617,1.03775092724591,0.951044834763399,0.649714586042122,0.398197393632486,0.301132602065561,0.393630655946796,94.2373415593645,1,0.835858192070025,7049.92837255855,0.0768175404003483,0.779862079690372
21,8,389,84.0640035723167,0.154192508821691,1.01235854502259,0.949955682906223,0.450071001993471,0.393766676855809,0.321113787194877,0.397038829635832,95.3725674646597,0.999938637870155,0.828982546448232,7287.28388920548,0.0937667285645311,0.788529682524607
21,8,390,89.7447120787124,0.189871000393623,1.07726833913016,0.950000487203573,0.783445834868767,0.540858880875204,0.724448879504573,0.437645298650073,105.981894290725,1,0.783817368953496,7643.57018983712,0.0710380054601432,0.788866442306049
21,8,391,99.5257348733008,0.19957695315435,1.10009127063426,0.949997673359617,0.658027490093161,0.824088413400027,0.69009275872477,0.805442867840405,111.46293109041,0.999996778497932,0.789664365775038,8601.75607153578,0.0562757503531223,0.794474347979997
21,8,392,110.165489112089,0.230650359758681,1.23724425719343,0.949944693280418,0.797834258987637,0.653153734152295,0.641309198004666,0.722697159265806,114.807633011902,0.999923421465194,0.865438930443862,9432.81994162866,0.0700509453169964,0.772928802650077
21,8,393,116.546731231276,0.245655618908183,1.30994512756754,0.950702126688768,0.560840102304965,0.830281564869129,0.416070379593253,0.512001383551428,124.889771559715,1,0.837888434161092,9502.85852951174,0.112834105028594,0.780023030283429
21,8,394,119.536378094612,0.2556258254408,1.36137224256588,0.949831180132168,0.482067500166117,0.699077346188629,0.44673082282071,0.75355741971427,127.225927482852,0.999766249413772,0.842366086929708,9310.4053642185,0.114617243893585,0.773671097199455
21,8,395,113.533166133202,0.241290857356127,1.4,0.946907680363188,0.998441680267857,0.845268206559017,0.705272300572706,0.751182087972217,134.689565043042,0.995718326656722,0.743021674060686,9733.15166705705,0.0471601778174949,0.770551702524791
21,8,396,110.649847373912,0.277724849127186,1.3617519019455,0.949142526552148,0.698462141995138,0.660938034055535,0.731110990732968,0.889112233065082,123.950680994081,0.998812729072204,0.796498460837128,8852.8333344966,0.0797432611656152,0.775898862789454
21,8,397,103.382959444157,0.254867758952931,1.09078231380174,0.94999998335298,0.860368170104882,0.543219962416589,0.683725187623801,0.708329920614249,115.276243996039,0.999999976950281,0.817660582976579,8590.96253802755,0.0732143394391927,0.779304033516647
21,8,398,97.5099565166325,0.259763792235275,1.04980316997822,0.953130376382398,0.841803896349224,0.785190265180514,0.772319248750222,0.721341812631445,101.256695933253,1,0.858440018060358,8624.87659367513,0.0595469751585421,0.782869086656396
21,8,399,89.0227428796954,0.251008605456945,0.930625476536469,0.950019156427056,0.813888366545335,0.762334411019483,0.522145936678652,0.71491501332641,93.846542526314,1,0.847623130961605,7641.10999056031,0.0739875317541845,0.777013202754006
21,8,400,82.1593022884957,0.234365791070327,0.8,0.95181820296411,0.824753480505844,0.731067524238313,0.554446908786143,0.310409408711997,91.9517817937411,1,0.818428651710608,7050.0438639252,0.0916961767166057,0.773948296249449
21,8,401,81.5148913128923,0.182067944268398,0.879638269028254,0.950000000063604,0.665406276046602,0.585163680780559,0.313183918295234,0.355176542875694,89.278084761705,1,0.845547329586435,6601.44365283382,0.0929179058888498,0.777891427577089
21,8,402,92.4542761365135,0.146251954794172,1.02818821287196,0.950062883979623,0.737293487280147,0.513638271432378,0.4562846946462,0.489632663862447,107.944636850325,1,0.79250861008783,7955.81552530288,0.0637405924861561,0.788565689363054
21,8,403,104.084893527701,0.149914227352784,1.20118288571857,0.950203881866573,0.93158630319716,0.402926088839118,0.355328428686814,0.457209817460341,129.911274554383,1,0.750380201133652,8821.08827644543,0.0636513801048362,0.789273708631751
21,8,404,108.322333909962,0.154836082593561,1.16251820232477,0.950264395844755,0.836887676041642,0.482380374080366,0.556188720115718,0.616992523044739,121.985396783457,1,0.818233646665719,9608.99666687164,0.0552449218112876,0.784181483004425
21,8,405,110.467739766845,0.17125403196358,1.23565602751875,0.950310886852496,0.772021745837459,0.544715882574867,0.705183049045,0.513518518470348,121.314503538991,1,0.839034585348608,9657.00120852065,0.0641914101051028,0.789538776413026
21,8,406,109.288048574851,0.205511954402772,1.21505050788528,0.948904671893016,0.732991249193405,0.608761467356587,0.661762814975289,0.718186679256482,119.497143041733,0.998483391851868,0.827179506839065,9628.44223825961,0.0677963371190322,0.786031248042117
21,8,407,107.749341906826,0.220383971373996,1.30027461084535,0.950000000058574,0.915001071991481,0.412233003588557,0.864640859364154,0.63196220439753,129.641095689543,1,0.770182643298339,9997.45184966511,0.064280686391361,0.766733886812738
21,8,408,100.715028974974,0.228719235082013,1.25054278673663,0.950336173583863,0.890098896314435,0.520444367987021,0.820979774735774,0.930936328416384,115.110013899715,1,0.789733155790362,9482.02858310843,0.0477668969508862,0.780223803838333
21,8,409,96.3466695702053,0.266281403680262,1.10825710582239,0.951483519314088,0.820410070367947,0.404084397838416,0.417997366501293,0.765550334799907,111.837021467548,1,0.793021131944106,8470.99296792276,0.097228454433378,0.776818732730581
21,8,410,85.8200527211571,0.253323673147356,1.01212154005914,0.950464533476187,0.635638502709228,0.798813053047735,0.44278438462198,0.600042481979869,96.4046010758356,1,0.797759567443428,7456.26812467056,0.100106594086346,0.776404667061947
21,8,411,87.8566525358951,0.248613968372911,1.0848507000339,0.957413790171562,0.702466874977512,0.71581289388647,0.697570811210334,0.832440663126687,99.5667111404997,1,0.786774860041868,7721.77775527658,0.0690316324273357,0.780284162395269
21,8,412,95.9087769941256,0.253690616331602,1.01576481189447,0.949912842360539,0.999918169936051,0.4503160748604,0.914507291105333,0.999797302757908,101.222792757405,0.999879320191516,0.857349113729184,8272.68942611304,0.0345326110338683,0.779812472334774
21,8,413,98.3212077326753,0.274958291110133,1.0929091811413,0.949028317489198,0.811828059562894,0.60940203037521,0.914658534300324,0.729388160031834,107.097071196478,0.998654593446582,0.829925649847334,7902.44840419434,0.0662344461592342,0.768139571498919
21,8,414,100.628311877952,0.251386912927751,1.12777606355129,0.949908806397564,0.803417611507918,0.547209740134279,0.753610747257914,0.754058020204383,108.174902025529,0.999873731935088,0.845590673422097,8732.52758343074,0.0706571758849741,0.781665694628762
21,8,415,102.627901942464,0.247828212535553,1.25070814706702,0.950115338144606,1,0.709180481215384,0.620750562634976,0.654754944018671,116.363127901264,1,0.794415176553196,8542.50768829081,0.0606355669104431,0.775643030339751
21,8,416,111.241313787964,0.242422401025765,1.12555380297288,0.950001853228176,0.867870449394418,0.84565408010421,0.923444184245053,0.715903276107506,123.568435384563,1,0.798425611897902,8871.70218116723,0.0437240199810998,0.781156684862568
21,8,417,109.725924711787,0.186833525115236,1.23801944594009,0.950375472284192,0.733500184297824,0.78698234648618,0.640427796816241,0.796366585773484,118.89709451696,1,0.819246196084701,9149.12560716845,0.0534752482992261,0.780651774652724
21,8,418,106.516499095297,0.177261404444502,1.19705000992356,0.950000719963701,0.610025858824669,0.406340486585945,0.375518605808964,0.365004914259869,121.608919956018,1,0.824343990397711,8669.96488599778,0.0981373011384981,0.788899438979946
21,8,419,106.32627016455,0.175837795571843,1.08017980728747,0.950001619179175,0.929184229479655,0.49008457699469,0.468563204503386,0.589355432320828,118.288422847459,1,0.828935865877647,8479.0665762929,0.0607552635653665,0.78746657346836
21,8,420,110.090913180493,0.190943816178673,1.11447436895886,0.950000043927285,0.722400024441529,0.514543598908353,0.334561908480806,0.809321681183468,118.671770681532,1,0.843346356700766,9257.46689961435,0.0735705266657685,0.786957232002304
21,8,421,110.957540512204,0.184518128829903,1.14780388949865,0.949973267998554,0.913566162872965,0.898176201394269,0.675319243433056,0.798612309899496,115.607318394535,0.999962986459537,0.843557217028946,9297.84933412209,0.0339260937320694,0.784013461964822
21,8,422,108.650740993232,0.187469241700734,1.20275258100094,0.948636669398255,0.755828918343722,0.481614724974695,0.470252335692225,0.812811247793757,125.300990906761,0.998112311474507,0.789002950083953,9672.14955489688,0.0672172429292738,0.782591905403289
21,8,423,95.7385162017923,0.208157289586896,1.08670511026839,0.949897223624081,0.732963431366721,0.638517125955951,0.399532244856017,0.527457291813775,111.367598309465,0.999857694248728,0.784610266178879,8416.13013701841,0.0867514122825892,0.791803166599585
21,8,424,95.1603466157907,0.255896487514635,1.18597866559029,0.950129313066797,0.861270001920042,0.757192179718205,0.418717422679344,0.838881300991633,104.226696443442,1,0.810808997338339,8413.6780028903,0.0696836996660702,0.785749480816754
21,8,425,92.9006729749646,0.290774122580598,1.0533840564741,0.940742667543603,0.734232655925006,0.726515358875174,0.912323791567615,0.978230409757788,95.3557045478733,0.987182155060374,0.850108339673724,8379.99126185094,0.0538581847232558,0.779189568849039
21,8,426,91.9372078823098,0.277051423782381,0.985092176342382,0.952643045565035,0.92286900676721,0.813530710200984,0.734004347141731,0.869448039157243,96.8091756514659,1,0.837810152321498,8189.77137433579,0.04610064782578,0.783603499127481
21,8,427,99.8373632344147,0.301644442462384,1.24551141223186,0.950000000105171,0.718067920390355,0.658526575910798,0.656195488418533,0.725403366224839,115.585764759143,1,0.778591483583738,8171.17138693195,0.0981754319724006,0.776656541395062
21,8,428,108.785285911666,0.298646973576605,1.2669522331666,0.950032354373049,0.863746122975033,0.79373752599896,0.738290055303495,0.999911700745779,117.065970955972,1,0.815596390010925,9477.33476554579,0.049865186720825,0.773383803319927
21,8,429,120.018076894246,0.309713801443394,1.27787931540034,0.950000752719311,0.998327692184606,0.670946880187679,0.990017098816129,0.99537114240535,126.225186194177,1,0.843815055503245,10341.7536038768,0.0288935231936293,0.773777313351087
21,8,430,118.41182639436,0.264624384299918,1.31918386840088,0.949165159451947,0.802861729138572,0.476996252565063,0.836040751771011,0.8496516536091,131.599452065424,0.998844066933466,0.818027640479357,9876.41983871908,0.0713166428464489,0.783648506161345
21,8,431,117.872816060883,0.269700010261214,1.36771796687397,0.950000009886104,0.773157011271397,0.698940455694019,0.6465708959121,0.710732199329771,130.294629883817,1,0.813153054538967,10018.7099784299,0.0854328801088138,0.776400995328071
21,8,432,111.429245394815,0.244090539045817,1.22522915583339,0.950012017198725,0.78543865823597,0.875696967227478,0.790979487490385,0.731195546601421,118.728546043703,1,0.829491543704328,9110.84263050262,0.0571614342915231,0.782087951697247
21,8,433,107.565686318307,0.231055095550517,1.18316697641873,0.949945792862409,0.955247345506112,0.605973703492234,0.956318958847637,0.472912368592662,124.21651517771,0.999924943963336,0.795142662523566,9211.88714080189,0.0579220286556011,0.787645357160376
21,8,434,101.947600107177,0.220326926570839,1.14661195626645,0.950000009204142,0.83739689995797,0.844383918594556,0.529712781349755,0.578545347276527,104.820133923289,1,0.869047602256415,8203.40207702217,0.0670549768889475,0.782525423387333
21,8,435,94.1763811750903,0.234686491566329,1.12152981328759,0.949962324476584,0.616924248299867,0.767116370894243,0.67236125829272,0.785864466385406,104.642556231593,0.999947833890655,0.800750896026206,7844.2901740377,0.0739396684599225,0.781207187012859
21,8,436,89.7886710127228,0.244848763560596,0.99887440780467,0.95,0.725427455463458,0.505352038219177,0.341695054264329,0.341615075747232,102.685659885094,1,0.816411764829489,7241.39004925471,0.122765760679885,0.782781679069174
21,8,437,96.4128527507062,0.223187768100143,1.09838682668702,0.950003418548462,0.873378468919301,0.769373776064438,0.303003441879997,0.794244997562681,102.680740385569,1,0.834931645917859,7997.88455618491,0.0662127398541769,0.780664933790298
21,8,438,99.800632005605,0.251454365696963,1.05345840171119,0.957660739387586,0.99999999999999,0.887616037573486,0.777509255137245,0.881170343520125,111.857374017861,1,0.781524514364013,8725.16523650261,0.0287750989501203,0.780319856299802
21,8,439,106.828176828272,0.280874626140614,1.17383494240422,0.949998718170349,0.722768779099774,0.695476076398339,0.635573761880361,0.599837018042513,120.207774702906,0.999998225158945,0.803857153057314,8942.37004495409,0.0974333629569581,0.790907738098776
21,8,440,109.220679085474,0.289869018207957,1.17207316121319,0.951660857567348,0.896117856823669,0.74356933108737,0.448288889630876,0.824244791741688,114.814983740071,1,0.846472367176096,9283.94366243137,0.0749894087102577,0.773413728367558
21,8,441,118.046602427058,0.292326141897169,1.28422206237962,0.949999868786191,0.841428137775892,0.749625248639319,0.76351863933438,0.61041688113533,128.525059489306,0.999999818319341,0.826269896289001,9526.47138195598,0.0808978842386919,0.781924745443807
21,8,442,127.459290408996,0.308295368915028,1.39392535485172,0.949840326632556,0.982217853401106,0.994564953699425,0.991041147908599,0.909466266344772,133.190801731646,0.999778913798924,0.829060488298608,10935.784641304,0.0220145801106393,0.78304673418942
21,8,443,125.526006195541,0.301855869743208,1.35454444667112,0.95000000000001,0.913504422103308,0.816432267873213,0.924728989636965,0.924279961417037,134.771775150852,1,0.819098430340472,11353.6537616992,0.0405212611494784,0.782882971046835
21,8,444,115.712676373889,0.300688501872767,1.28305629062207,0.950000000000027,0.652528667526959,0.996029503039279,0.552480893653998,0.963900448404968,112.275300972199,1,0.890429127112688,10354.7002913041,0.0757497481968523,0.778423514354437
21,8,445,109.238902756831,0.310856634114664,1.20064061057856,0.949824069186778,0.795018597677997,0.547250204507917,0.605380532527275,0.667304105795011,114.68033437147,0.999756403489385,0.869886030049619,9401.9897711992,0.10550753532155,0.784658232133282
21,8,446,101.432929371272,0.282952748276587,1.08547147040063,0.949739740252116,0.980065848231679,0.645685659975194,0.644457398288756,0.776806120451664,102.984924847969,0.999639640349084,0.886064962879383,8873.90209752511,0.061587643613513,0.779348540773225
21,8,447,97.4380112794093,0.237418044439039,1.20869338211519,0.95052606287835,0.76595287202506,0.834131650535655,0.720379335606939,0.769997168010235,104.94109158024,1,0.821964676092191,8588.02321299497,0.0596816784034448,0.771942067549351
21,8,448,91.8763499709923,0.227730331495409,0.970962010062499,0.949947008347886,0.873807055483788,0.571475929067899,0.588956434639268,0.693889552834284,100.491704909241,0.999926626943227,0.832013790429198,8091.83153127493,0.0683277960628071,0.778178866563661
21,8,449,95.7086477367013,0.189662128474406,1.05133603149138,0.949969023057567,0.720217892056075,0.553135940036781,0.581735197124745,0.449430930711445,100.062013334296,0.999957108848939,0.883738759892956,8151.3975946932,0.0795925650245341,0.789072832723952
21,8,450,101.609219261017,0.185023699492007,1.17386910267243,0.949958721276463,0.731189587219887,0.492044356991424,0.421812281227784,0.618249119111374,113.074596364752,0.999942844844333,0.827167976530425,8135.27709005189,0.0776759215354575,0.797562886925363
21,8,451,107.028215490324,0.178008449491613,1.25528590257218,0.950002403751933,0.786879583435625,0.419269932561189,0.629481272348038,0.770678959199608,119.601739854322,1,0.822365616641649,9655.55292013412,0.0614741869403938,0.79224972930085
21,8,452,115.237105941823,0.192779079461856,1.27717944531695,0.949999999996911,0.893901475966986,0.57157811592298,0.834943423578093,0.678511139256969,125.987188979803,0.999999999995723,0.833135500081853,9379.10314298754,0.0509181316387633,0.788471983648014
21,8,453,117.422999443568,0.204467872013125,1.26921073576973,0.950024790491914,0.731517303672501,0.764002017881715,0.596710600007016,0.678745170246818,132.889320681125,1,0.790972440225105,9456.87973679918,0.0678824946655131,0.794527870219609
21,8,454,121.077250568998,0.222513312582781,1.19381405395785,0.950178587043732,0.78586572507981,0.581961170692298,0.671201122710055,0.744125261276196,128.529298265947,1,0.854174247703254,9321.29360373331,0.0678320882454291,0.781926785640623
21,8,455,118.260794647331,0.22187305473268,1.17897594148905,0.954071714359297,0.911155269789671,0.732153201567802,0.746036290063428,0.639800975998052,122.466300993461,1,0.868709026693258,9553.23349977516,0.0540073407139816,0.78907257551135
21,8,456,113.807392389534,0.2457027694283,1.20671606624441,0.949965046715514,0.751135509034818,0.663974944325413,0.639698651397974,0.440633952722734,123.152347599058,0.999951603144557,0.845574644710925,8848.01803608293,0.0946593663604327,0.777184494475124
21,8,457,105.393974211132,0.238227880887802,1.17760959923366,0.949999965973858,0.576449209626707,0.844501711993434,0.860297604934684,0.610443247837204,118.894848688562,0.99999995288688,0.79071025294465,8633.7227944217,0.0772953061008604,0.783922739326688
21,8,458,102.691405433506,0.236747807340518,1.13102226854676,0.949737664347468,0.730258574039558,0.666051353298911,0.366395298306472,0.914284265023576,114.82847263917,0.999636766019571,0.797153750668213,8706.59964299279,0.0763914456712004,0.795604310459487
21,8,459,98.1915700963195,0.241173723176276,1.19444021546134,0.95557960322301,0.949702974538483,0.611632194217689,0.994402940594692,0.532685144907705,116.875480548244,1,0.768566118480206,8084.81412569933,0.055485620511884,0.781701720599563
21,8,460,96.0153428963387,0.216915382891536,1.14938177794978,0.95003061072048,0.714170466573477,0.44762962986402,0.390449987474232,0.651136936953572,112.460978115038,1,0.787729555362503,8080.55343743678,0.0929683651541025,0.773115166573538
21,8,461,102.289047986465,0.208209576035498,1.18513159731712,0.949977667021642,0.913283237342826,0.625360094851339,0.756170402461329,0.464289910219771,116.11882260417,0.999969077414581,0.807848396961056,8898.89916688758,0.0634409975299587,0.773532431796324
21,8,462,106.314617798787,0.232505203254834,1.28258913285449,0.948903221473041,0.807231673594338,0.618929643399398,0.963429318059626,0.616376858651848,118.841167284093,0.998481383578057,0.812863316202321,8902.94315809314,0.0635990262151659,0.785167786146236
21,8,463,114.35201898006,0.229533094541884,1.22532558872965,0.949961692453517,0.870542043261103,0.740310954700241,0.645476134262636,0.968262952827598,112.241421418849,0.999946958781793,0.899855019760806,10258.4450944682,0.0456994806013869,0.776558435696828
21,8,464,118.266813316665,0.21462385562844,1.30198960830974,0.950000000007405,0.73036922258634,0.761378643997203,0.42716155945933,0.818811173238661,125.587990253526,1,0.836872662129043,10333.7932019683,0.0718757467701184,0.771040348314948
21,8,465,117.478317984799,0.193512265794899,1.22799535019259,0.972350360901346,0.9671238863629,0.941779055629665,0.850241231488049,0.917824778494333,113.868036353903,1,0.897723019398172,10692.7858462765,0.0198462790899169,0.776695125752818
21,8,466,116.708320094032,0.18039306841193,1.35725460508759,0.942962959816708,0.998845938855816,0.548682460760747,0.761899800974478,0.999856062747426,122.318549913216,0.990256405900057,0.847494664543122,10229.6652912138,0.0321135275669274,0.792947074845025
21,8,467,120.504949814839,0.182964576217382,1.4,0.948303200957843,0.999999999999997,1,0.846218693192553,0.999999999999999,125.164709150184,0.997650585941629,0.828025028724268,10464.583049665,0.0155365978503838,0.789012028435795
21,8,468,110.54503242406,0.164621331419307,1.25678843137677,0.949855593105987,0.711120951498389,0.616948648781457,0.611578398564498,0.620674399352355,119.966972028856,0.999800051992905,0.838336844506774,9370.18822415788,0.062356899977221,0.78303312418282
21,8,469,103.370920630894,0.173470688421998,1.15666146088366,0.950028267880918,0.81926029916591,0.690836758519013,0.464882256870338,0.413616301796241,116.317234908957,1,0.812412192536223,8823.03780088225,0.0682585958750616,0.788694832021769
21,8,470,104.327620925841,0.175847537719481,1.22762139456402,0.949999999972722,0.892371377287373,0.591926486826639,0.542962989117348,0.454901318092571,116.024849549044,0.99999999996223,0.827606445759374,9121.51518754584,0.0650355674297237,0.775051915219236
21,8,471,99.537531004962,0.19939779917054,1.01020316951947,0.952149655736962,0.813845024822206,0.440119972222109,0.341040015986003,0.774097490236303,110.481406733516,1,0.826206841224714,8393.5358012053,0.0746147103978816,0.786623180341146
21,8,472,96.4595509023423,0.196368679762792,1.15000002782328,0.952135309944048,0.868748775250637,0.548206924242717,0.360381481326674,0.46616695611089,111.492973673776,1,0.799011841746102,8196.25693621527,0.0802446177828306,0.790955340561034
21,8,473,96.2710014013007,0.216478175377168,1.05706233857836,0.950000270051457,0.757613844817288,0.61144025327314,0.49528030776992,0.643179671560986,105.271833600555,1,0.831563333583457,7689.10224404113,0.0789982828402964,0.780207288405215
21,8,474,102.656249963764,0.219126848489625,1.0168056886525,0.949785507232635,0.999999972711768,0.453246050972438,0.99992813534801,0.682161332668602,120.797578135887,0.999703010014418,0.782107886644178,8801.03576234111,0.0433629594876467,0.788232429921715
21,8,475,108.82906527227,0.244661306664988,1.11001983490178,0.95023920475181,0.999999999999999,0.999999999999982,0.992670524566202,0.999999999999964,121.339757792512,1,0.773185651795197,9364.35925838291,0.00525187394066324,0.780552314248918
21,8,476,109.398490680061,0.262336552826095,1.15340154397426,0.956943233161056,0.989311490336812,0.8369847464367,0.488244235201563,0.89129081837654,111.505219811085,1,0.862756968675974,9151.67696077182,0.0479908864079877,0.779326293118171
21,8,477,116.089861130031,0.266991435830116,1.33724643765925,0.950000000001923,0.581184456970923,0.694235168778231,0.665796373238442,0.872781180222664,128.261888957904,1,0.806835401898973,8945.18734840807,0.0901901182810862,0.772960285566209
21,8,478,120.533344233919,0.286934702704201,1.34418892560977,0.954665392517712,0.93912808722832,0.780355693805243,1,1,131.894991539975,1,0.803013905432722,10297.2379070659,0.02805085292805,0.781399562975258
21,8,479,117.593438254509,0.282959269782424,1.33373655626524,0.950014276071628,0.931428367060446,0.475296194780287,0.81200654962905,0.980600916797062,125.887926021093,1,0.844306857912501,9636.30922796304,0.0557793925132289,0.780458948293922
21,8,480,114.978298696825,0.28108040572724,1.31997240844674,0.952116818698585,0.994550414093723,0.829046386018959,0.73136426259761,0.855159447903474,129.086632907791,1,0.785307098438597,10043.0718292657,0.0443359551736084,0.770953216272705
21,8,481,104.45928540834,0.261275900936734,1.2765738338103,0.950484732662064,0.822039354538834,0.721692028486126,0.459936080271423,0.584798483050756,112.516507314145,1,0.838459963047804,8962.30583479755,0.093094158574978,0.774892692275162
21,8,482,101.600853413016,0.240220020939557,1.13950043764241,0.949997660165917,0.973530842040864,0.66759605137537,0.451551352197115,0.82207771683665,107.022770878055,0.999996760229731,0.85059489408817,8971.95332794324,0.0584376558150044,0.781203293254452
21,8,483,92.4692192672847,0.19295851414058,1.17922622908666,0.949999386859249,0.756755453210009,0.586342624953453,0.523574799934385,0.369977076628678,107.434691229582,0.999999151035884,0.796331199675425,7981.28645920094,0.0841629629966924,0.776430743729827
21,8,484,97.0981877040197,0.174504796317461,1.16212458001305,0.950000006276166,0.980863931260213,0.772276413619526,0.303150513063367,0.559862328869724,109.374782637102,1,0.799190794086078,8250.62723691619,0.0556372216187488,0.779193031618642
21,8,485,100.994171460064,0.170413271181702,1.13294905377025,0.950001354250639,0.902220248392628,0.774117590137755,0.534486710385492,0.638476614048159,110.655089144096,1,0.818030622616924,8506.51681465759,0.0474371330485982,0.777240157054842
21,8,486,107.17684061672,0.199351045957023,1.12088057862623,0.950110161436942,0.643144307458879,0.599040351303932,0.417690848508146,0.511705491991572,113.111923882297,1,0.868809445053488,8927.60233145222,0.0908258688408959,0.782843166507993
21,8,487,112.292562238813,0.217182338454641,1.09388280096987,0.950054132807904,0.79537297117015,0.588368238067502,0.685865488321004,0.730923141564985,121.764555449965,1,0.836326381361933,10111.6503343852,0.0642445542472483,0.788241636667727
21,8,488,117.012402939308,0.259011219762,1.20575366789481,0.949999992864061,0.983106121240979,0.70336733127173,0.993530599981687,0.713637951481407,134.126934239632,0.999999990119469,0.783718773918809,10391.5697610958,0.0408130519337728,0.778477524761445
21,8,489,123.253645594957,0.287830864565158,1.20480031689965,0.949999999917797,0.999962163233869,0.974140975182573,0.999192147694713,0.756637343069443,128.344489824813,0.99999999988618,0.840325659831735,10183.0047266506,0.0260285074568778,0.784418972344325
21,8,490,125.950648174345,0.326933558410841,1.19959813807918,0.941122623767456,1,0.593284609848037,0.470766033897736,0.99987032765112,132.828284243015,0.987708248293401,0.836727411062265,10697.4767475276,0.0663284956920575,0.775385432472625
21,8,491,119.402064568759,0.368520649731099,1.30669407956388,0.950000549508559,0.809477993987482,0.690916089491846,0.747183559221769,0.872922194507826,139.911791506305,1,0.760976145335567,10242.2182761942,0.0867057169882458,0.778660092691898
21,8,492,112.035807197108,0.392910435156536,1.10040494192693,0.950112528074782,0.999993543506554,0.735078322724865,0.893168679511354,0.913576996310789,116.744806252315,1,0.850522973159254,9418.92273734233,0.0434795381825851,0.782896353399502
21,8,493,112.488645745849,0.404570885591663,1.15842981358408,0.952303547137213,0.930013649714144,0.890616312676888,0.695927688099469,0.584918941896139,121.198713636652,1,0.825626831793017,9192.14356564093,0.0927640276156803,0.76852079192951
21,8,494,109.195599173944,0.381435102492424,1.16054617792479,0.95019549014058,0.972029150765737,0.754704544211068,0.899867269039906,0.425847462388703,119.228438195598,1,0.831820384636502,8985.02984456603,0.0908574130329277,0.781291676926302
21,8,495,109.547073704781,0.347489605430962,1.16278214439318,0.952307833437549,0.999999999999999,0.904192219085394,0.998037439997897,0.691438318448739,116.481558688687,1,0.830870671226947,9015.29526014359,0.0402038312396444,0.781744283530721
21,8,496,98.3906715332032,0.295244099743528,1.09612966555044,0.948766879894761,0.835153682321189,0.839973727343204,0.743497505994462,0.869875347642621,103.615400498378,0.998292602931208,0.834327475949664,8578.65062846205,0.056194577775468,0.783988434057868
21,8,497,99.4742408404176,0.261696000449679,1.09404976163709,0.950861068498452,0.997110043255667,0.969418644824228,0.451808122941909,0.427631777050967,103.254085035959,1,0.858180103589645,7976.62273790961,0.0730777078758997,0.779840224593109
21,8,498,99.4746626643028,0.240030109335761,1.17845051020707,0.953246940265085,0.771357789057779,0.570442610483655,0.77601630025878,0.650023270391056,110.070504142736,1,0.824542173553031,8577.58864659814,0.0750332320006241,0.774211733232177
21,8,499,111.363528406858,0.225539504675814,1.17424594571648,0.951080172221712,0.73874854700939,0.89792028739348,0.695904445712167,0.792922940795231,117.544003852986,1,0.832993715084296,9560.9023177539,0.0552770897782981,0.785306331904024
21,8,500,123.381906848045,0.218780929273576,1.39999999937465,0.949980308609026,0.999095059992011,0.510041955024632,0.479040722141666,0.99999575095194,122.3656335011,0.999972734997113,0.907537489688997,10551.5488949948,0.0527851619720353,0.77692533688939
21,8,501,123.280108103825,0.186218983426937,1.33795708469362,0.949241438846425,0.746966869295451,0.618510329645051,0.671918624435746,0.543007107160031,127.749439675993,0.998949684556588,0.880823815242573,10473.6585776279,0.0711966524970004,0.788266153208411
21,8,502,121.702363210919,0.209851001906792,1.35764423251958,0.950725490619262,0.830798305437579,0.88933353880539,0.907285058161879,0.612417338453378,123.872639423588,1,0.872789051034319,10461.0547315536,0.0502207679917704,0.776803576456649
21,8,503,121.282161767255,0.23516298353039,1.39790947288578,0.954766632649885,1,0.527104423308789,1,0.958047220627364,120.030953704215,1,0.910133458054435,11204.2514799604,0.033384787932263,0.778647792721071
21,8,504,112.342784006371,0.273773419430985,1.03172980760088,0.950921384671213,0.802048812818874,0.800276160222929,0.623196990203261,0.736985377351085,110.907308021486,1,0.900997076071913,9639.12013455353,0.0729188560567715,0.78750477904394
21,8,505,103.388376640646,0.272837402086849,1.18198789597252,0.950000000007613,0.928301224260918,0.824570741385268,0.56928579587514,0.588877650542636,123.370521731729,1,0.749721902503402,9073.26951917321,0.0732640198491581,0.772235066149639
21,8,506,100.288739506296,0.311876710158098,1.0867467420144,0.949998139439819,0.649081634209646,0.680863547962446,0.866242755041142,0.454162674187203,114.805316447218,0.99999742383975,0.797520116897591,8858.87756369965,0.113359939196078,0.771750364994858
21,8,507,104.835850072473,0.330015452157704,1.09986898639788,0.949878134384001,0.99719905992089,0.964455507535574,0.386043750956798,0.983512443158855,108.345075890164,0.999831262993232,0.837286003433844,9111.1324549633,0.0509185714440001,0.780321383854295
21,8,508,105.554059930026,0.3504556088639,1.1383817891176,0.951049413186066,0.990021912223152,1,0.338344875782444,0.608685618428134,108.36067135158,1,0.85708863821068,9050.74241389974,0.0888937489126332,0.773373051667133
21,8,509,105.607315825153,0.341223761990361,1.07273506993418,0.949999686677352,0.829464860978575,0.998749389685681,0.944339726243598,0.800810097799113,115.999400032295,0.999999566168641,0.79309481276106,9516.8591001843,0.048058616208668,0.788634400916784
21,8,510,108.334099833783,0.335999979052089,1.17306324190925,0.952814599157928,1,0.662077230505702,0.824769005950898,0.58177460124639,121.029668594085,1,0.81290720335548,9143.5854777495,0.0746406018246297,0.776019053958105
21,8,511,105.194384950519,0.289869553279679,1.16847711144498,0.949747320529745,0.998292909926517,0.926066339399293,0.731377773929068,0.833350716966059,120.081089999635,0.999650136118108,0.766423529157439,9138.2980821866,0.0379398308866813,0.770897208378068
21,8,512,114.966752902128,0.271511939827601,1.24729581844641,0.952648371146603,1,0.84635307459445,1,0.978090101525688,116.19587190599,1,0.865393232423377,9495.51084009488,0.0168588894745323,0.784727360941251
21,8,513,116.379695560643,0.222860386684077,1.26305459008794,0.963237718820166,0.642910935501804,0.999026212212666,0.786188920846719,0.999634584896878,121.723748680612,1,0.82430622103835,9832.63515321026,0.0447263513974268,0.786588176431421
21,8,514,127.831229647608,0.197168449266207,1.2730803284869,0.915066112775944,0.557849436272477,0.934734845707364,0.821543023448946,0.696328106896154,125.304261051976,0.951630002305153,0.855158326868721,9978.96910165081,0.0620275399927118,0.789776226824026
21,8,515,128.062426148283,0.171925587151527,1.39970696051861,0.950000229980168,0.720207819968985,0.797656197676111,0.89446161625844,0.931340809368469,137.672153122631,1,0.819091876943231,10431.8706102191,0.0393592594450874,0.782283013952817
21,8,516,120.839630270011,0.163019879794466,1.38552508071754,0.949999964337571,0.510607707767512,0.773140477648987,0.458602120800348,0.665126906373237,116.382693139356,0.999999950621252,0.929354948751987,9578.94412645115,0.0750280965185359,0.792716747477392
21,8,517,115.111063304337,0.164271687778346,1.33997260512702,0.950000000000822,0.772879846883817,0.654350776965232,0.615109588511522,0.417824885765307,118.243515142365,1,0.892713789798808,9305.18558632639,0.0678675529669966,0.794650968016871
21,8,518,111.25561279109,0.192882864120772,1.26779714248905,0.948990145100844,0.717192520041714,0.630714951497184,0.812249547384723,0.999999999999923,123.197289283897,0.998601739370399,0.80298178118765,8867.05917841966,0.0459585821177191,0.781775515648987
21,8,519,101.96432842414,0.199968427793904,1.1429854473804,0.950000220729932,0.778912551394856,0.568889674540317,0.542879417392656,0.473315644466923,108.337399043197,1,0.867211233294025,8542.34580592828,0.0796025660727298,0.786346381336208
21,8,520,98.4669116361879,0.221905448303175,1.21755711999441,0.949999991927284,0.669508063074226,0.765159606406573,0.614065490153318,0.574880070620586,111.604824710871,0.999999988822393,0.794126807820986,8392.29813182981,0.0818878499844932,0.786894653901062
21,8,521,105.224530916527,0.243096758310902,1.21399333152052,0.950000661943153,0.799298973732572,0.75480445930622,0.718504160787132,0.817567563538914,108.616931672162,1,0.861482945743093,9401.53904235829,0.059040639634414,0.781736513115976
21,8,522,117.353464398927,0.276925912132507,1.26008519205583,0.94961188070447,0.999788484297053,0.60470272911329,0.695369649284787,0.964321303499937,127.525968893749,0.999462604052343,0.822420697174037,10578.1997969315,0.0473574957613735,0.780486775068124
21,8,523,118.318725390078,0.294756606006169,1.06620230968365,0.950966864529613,0.83653698346851,0.993854403031273,0.999999999999998,0.627654887922719,116.309347837418,1,0.894666778140573,10593.5261408316,0.0505226208357575,0.783628877800407
21,8,524,123.861917125343,0.297214451217862,1.33143870094093,0.958701504933244,0.839700516387941,0.980693835756526,0.710945611412563,0.642067150618593,126.816397614852,1,0.859324612145129,10844.0779567529,0.0719662045437684,0.787026705833337
21,8,525,115.941290721553,0.278105052802583,1.16242147818327,0.94999999999552,0.99516785979648,0.709522741851925,0.667404070815149,0.805777407918183,124.584248564828,0.999999999993797,0.831436162112678,10621.6641576498,0.0528868504477976,0.783501074799526
21,8,526,120.191891202205,0.250493007378129,1.27505049807586,0.949675582722514,0.954478549926889,0.325028586329566,0.560875118633153,0.854073669706058,136.099775947797,0.999550806846558,0.814506609024975,10141.0638029974,0.073698639561817,0.77857907778873
21,8,527,116.995408688409,0.232192285628638,1.28597242814329,0.950000060760206,0.919775493173021,0.598239450152378,0.769505348404015,0.798875948610506,137.323798312828,1,0.769092725796812,10177.8095741974,0.0537328908320314,0.78533100865941
21,8,528,112.362879058795,0.197407115430368,1.28583973818164,0.954133364028008,0.82241787866335,0.594117634271158,0.638462514901057,0.625626681827157,121.577478668451,1,0.8425256765928,9750.57168030457,0.0667860624603049,0.784854005975814
21,8,529,108.755148623932,0.163795635263474,1.26753838693403,0.950000019258523,0.620272639304922,0.79348478623131,0.354057723874988,0.722951927468377,119.771136071895,1,0.808768138872198,8895.60513812643,0.0665776155393531,0.783377380745427
21,8,530,108.758860280709,0.167630570693647,1.20965715627469,0.949781689676659,0.802503521109742,0.511493148188292,0.626991708270606,0.484145103665216,121.691904924794,0.999697724167682,0.827119547060548,9433.10563503743,0.065295040988358,0.793250353973073
21,8,531,107.209649916462,0.191049408592541,1.31389681754198,0.9569283144199,0.983162864063784,0.582682562180348,0.52157766640358,1,124.085905528177,1,0.772619075771835,9097.15247481967,0.0416758080350084,0.773797552008784
21,8,532,107.81563787483,0.185855856539294,1.1709888774263,0.950000593040729,0.652432068322028,0.748497910470663,0.721093425718239,0.757664193618518,112.276460256971,1,0.857146331004557,8757.74098269988,0.056891907339673,0.784806589286468
21,8,533,110.476860645019,0.191429679618271,1.33029925699574,0.950019203840536,0.789272630547344,0.583188467292536,0.754698022301993,0.755936114911514,112.288275972347,1,0.89144735389943,9395.87798414522,0.0578889918070935,0.790478457518722
21,8,534,112.075415549985,0.221061408374135,1.39991036252936,0.950004537222512,0.800309715048777,0.878731053636799,0.936532043720134,0.999423408246342,117.917654109216,1,0.828038892854768,9286.88302027996,0.0337826705413676,0.787652042371611
21,8,535,112.166396513653,0.254407199596837,1.39774533889573,0.949197739081028,0.655467403130475,0.864647191983381,0.843161786452065,0.710401354981385,122.244283771881,0.998889177189116,0.811752090051541,9117.70717624914,0.0745572284664907,0.783722403547599
21,8,536,115.695997710121,0.270995190352872,1.30560273670333,0.949979265477969,0.866053371208147,0.858888122358337,0.473975443744669,0.877548459456127,121.221047793621,0.999971290661803,0.838260272748972,9292.99739778735,0.0657038692938131,0.778497672252891
21,8,537,123.229657957714,0.259187340442295,1.4,0.948673442490352,0.408670228222945,0.983414474906874,0.390576957242353,1,117.090892317747,0.998163228063564,0.906895187995982,9878.08367233271,0.0974412876100733,0.771463725853243
21,8,538,121.238634414115,0.270138954243098,1.27479191526229,0.94576848715049,0.743993898922267,0.789243681897269,0.957705623182117,0.748387615212931,123.683187275548,0.994140982208371,0.867118878662946,10356.5202677798,0.0622532809322349,0.769196707099509
21,8,539,125.137190484566,0.248007227741004,1.39898276757158,0.935852864528524,0.391403587359365,0.531813146199091,0.735414002140193,0.576704518111383,121.1935775727,0.980411658577956,0.930620811061487,9782.87306025734,0.124281824905305,0.773813203385958
21,8,540,126.685867530237,0.268502191216195,1.4,0.955575261952562,0.677584243570917,0.91615760439443,0.849474002060314,0.757301268833564,137.308077952651,1,0.811429988161284,10616.3855460128,0.0703460451895671,0.780615564094417
21,8,541,121.259658232627,0.281111046752298,1.27774575349438,0.951412952376983,0.999993343803333,0.973672133655968,0.989439859022643,0.995372145019607,125.58916798607,1,0.834443984466961,10428.9154460643,0.0110676591462988,0.786262926434159
21,8,542,116.222638919549,0.281082415138917,1.13622511494746,0.952289789597412,0.971368661508346,0.332225095309215,0.967950981051623,0.897535453965221,123.385121079426,1,0.866500020895927,10234.7634227309,0.0512262559054381,0.778408164564766
21,8,543,106.363812306963,0.243696132417306,1.08149266233875,0.950000524214478,0.542071135299896,0.567380834180324,0.350010914558238,0.356090549314299,112.118851433662,1,0.879943509602898,8535.304301023,0.133818842376191,0.787405364192714
21,8,544,100.903578830158,0.234816305564698,1.04443498687282,0.951032459420473,0.909292735297889,0.740099425189827,0.310421413228665,0.622989358924541,108.814394936996,1,0.834361018627943,8697.52873038734,0.0776532881909296,0.783669078861268
21,8,545,101.490036654301,0.220690062853905,1.15916343791176,0.949092868900852,0.897408033431238,0.658917578453475,0.637572289990759,0.730026395063776,113.823994216175,0.998743972324257,0.802492124486662,8794.9741076122,0.0570084388173588,0.771126334222358
21,8,546,103.724968864676,0.244132841174993,1.14639132920542,0.950083504129392,0.62740797553181,0.738891867654326,0.511293310723787,0.586191690776969,113.411097250376,1,0.824655290181623,8617.32179890478,0.0973113718654717,0.786055910698324
21,8,547,108.495287946854,0.231496251015721,1.14285342465697,0.950635911992308,0.954036401971613,0.619426718767925,0.820589494695698,0.623051302513284,122.727972612197,1,0.804157128244168,8936.86355773031,0.0543344214987531,0.787944504336605
21,8,548,108.391776371097,0.248858354672052,1.20057670914175,0.954471917142453,0.999954836585531,0.908266498777163,0.310460061070889,0.904622551223461,107.637184738651,1,0.879405283780326,9331.66584116484,0.0506080989277625,0.789361398634795
21,8,549,116.018867241348,0.24463644749665,1.39267101326818,0.950168532894198,0.880816222798766,0.708432255226919,0.544454492999642,0.664084605319597,130.881892373413,1,0.798099166882639,9825.39968721771,0.0768362994465465,0.776171767845922
21,8,550,121.063368798676,0.246458104829486,1.37951729707035,0.950000028876901,0.999273731355128,0.515738967514627,0.964296983859767,0.668552962651664,129.195670044786,1,0.858354380342883,10560.6140198831,0.0543945645448019,0.777408441108528
21,8,551,123.561281639348,0.265003947897356,1.38120848332157,0.950001916901298,0.952478674041516,0.979023832379776,0.682657981512298,0.830611762773203,130.795140598376,1,0.823090563198387,10617.9933518676,0.0445300532332079,0.774537101374601
21,8,552,119.059271642972,0.273461551444532,1.39873561062585,0.949982226841252,0.951321272604436,0.922288062098418,0.683424037182237,0.965468845070846,127.24058822913,0.999975391010965,0.813522862412237,9994.11953904081,0.0398469648723565,0.77656042707132
21,8,553,111.447211347821,0.284497048505174,1.27015836684319,0.951125751055934,0.888857345009471,0.666703617023563,0.731624675131792,0.678267621569253,117.869680974453,1,0.853838529632191,9238.18045668836,0.0749821214824384,0.772094741245266
21,8,554,105.518267369078,0.283062989061968,1.1570132093845,0.952115257734051,0.998876510175182,0.999485933141865,0.52147064216924,0.926259315816631,107.05153587872,1,0.853013140638446,8636.26945145105,0.0382831935423095,0.775692910143393
21,8,555,103.398417156303,0.281710351171387,1.25148397064808,0.949998600770017,0.841756023823211,0.707810209986739,0.715044033360793,0.778381547209583,115.085771816876,0.999998062604639,0.803989050824334,8606.53350462358,0.0702533264545356,0.780112873684766
21,8,556,101.523899551421,0.302298966491417,1.06229578602366,0.950007827783807,0.999254710512684,0.904446122396479,0.999472475705621,0.817183559594514,109.343466783581,1,0.81483638188338,9093.14979199154,0.0251724845921767,0.779207031942944
21,8,557,106.695400509473,0.305357195575762,1.25683450202748,0.950000020949798,0.999404056832695,0.914085463076215,0.813856569580353,0.836633960972073,112.276519619817,1,0.832415754922951,8434.96443482917,0.0374032259289977,0.786472160807871
21,8,558,108.742472168617,0.310511186574754,1.12014512064214,0.955737962937656,1,1,0.911027151357643,1,117.794603432421,1,0.795821775858921,8873.84083669291,0.0117356366924699,0.787374793667531
21,8,559,111.788523479249,0.275903789283344,1.1659719924765,0.946489236772942,0.628582311165495,0.61031869901939,0.962582622523284,0.913911515793078,121.423267091811,0.995138943224073,0.821044629309101,9494.01327955858,0.0691391898696611,0.777897868925352
21,8,560,124.820194756695,0.276415289292874,1.14107134016023,0.949999220768713,0.920679951857789,0.947388563238615,0.857559197324663,0.998823280333456,124.52655598564,0.999998921064371,0.868090862604092,11286.8482376693,0.0237756996594771,0.776218736755694
21,8,561,131.811742025299,0.261152918753421,1.4,0.956855831218594,0.995138184625515,1,0.994128396902277,0.898148709196939,137.451545990734,1,0.831075475325992,11273.9900497347,0.018873813146841,0.791863127839036
21,8,562,135.514047376884,0.228068691664852,1.39999999980812,0.94646295557695,0.999595057052419,0.964689784274371,0.876985528264545,0.968091874091989,137.469973795976,0.995102553875778,0.849630066145414,11731.5200830677,0.0197237269151585,0.787404524999758
21,8,563,128.679572646786,0.242734504821229,1.28477702468478,0.949993243963703,0.959748424931479,0.710863837434575,0.376797239104416,0.799274703836359,134.599142513442,0.999990645488205,0.854312048302179,10784.3655713338,0.0667120716039381,0.78596309726612
21,8,564,123.246590620805,0.212177132800141,1.27430701689523,0.950046408975114,0.731759722350546,0.999916278674038,0.921793017790252,0.802025242066731,135.417958811454,1,0.792709316911255,10967.6084556528,0.0410946498844702,0.792761654735013
21,8,565,116.156229144947,0.178188988362497,1.16847678874823,0.956939531503202,0.997672118949041,0.751461435405307,0.657718285870358,0.915289889162388,131.539975849094,1,0.781415254298643,10164.7510563095,0.0281142795399412,0.796512548166795
21,8,566,111.278996124485,0.168483364491565,1.15911516485958,0.951948579483002,0.769878191681559,0.695526122690311,0.754648852150213,0.607107964957889,122.633614090004,1,0.820458758534421,10018.9978386829,0.0512178815348369,0.781211910104315
21,8,567,106.516221828458,0.191745219441566,1.25570741628261,0.949895219047425,0.999584282369226,0.954629100060495,0.868989365058686,0.915856453855622,107.971782908371,0.99985491868105,0.857409315338901,9922.91418466399,0.0171290897887557,0.769624401756656
21,8,568,101.185086427867,0.21592125497237,1.28408478151693,0.948336571953014,0.863186113050845,0.66242047670644,0.533687682669109,0.314458708831283,120.996795562175,0.997696791934943,0.76889603291167,8856.8369544976,0.0882732929086866,0.783044454977873
21,8,569,104.646704552023,0.213619634073633,1.39999999999998,0.957571626670315,0.941481772865906,0.614741490494173,1,0.529815300623635,131.299569001698,1,0.729016871203097,8814.70544491601,0.0548215690602702,0.769645298801187
21,8,570,110.631613765946,0.234193065106317,1.31904066557707,0.951396054424702,0.909405830480399,0.86376843807572,0.87952904675145,0.691138934654397,117.860373122098,1,0.832265606937619,9350.47055340612,0.0458044420508099,0.771305014589742
21,8,571,115.00786156623,0.262224229216628,1.33696430946211,0.950389560902658,1,1,1,0.577324592220417,132.561009589234,1,0.764634406426796,9941.63194568428,0.0376275255743416,0.780737688168339
21,8,572,121.972620447859,0.245325726855446,1.33194562586516,0.949660875532555,0.835795902643337,0.64774160963266,0.550498016078167,0.900833335340898,133.495500767681,0.999530443045076,0.816262631847308,9844.67570758137,0.0672465384475234,0.785475251588168
21,8,573,123.167901466264,0.239002830121464,1.38597397210047,0.950001002305118,0.84284568627368,0.885114229348402,0.446961380132767,0.383132267920423,126.537242935601,1,0.875729455918998,10564.0944270393,0.092061806802286,0.776992047414806
21,8,574,123.721492194881,0.250828963258755,1.39818872796205,0.903014717994843,0.969378677040256,0.707221897526848,0.999755411587847,0.980362427350927,121.05512927736,0.934943455685167,0.845948980547559,9086.37721240134,0.0289664214686359,0.77878195787588
21,8,575,115.351000621198,0.221480895603155,1.29429205171828,0.950013314038826,0.611878539354231,0.707083717644101,0.628989457770668,0.750685651930905,128.277699858485,1,0.805941458742407,8700.42362604313,0.080039945860366,0.793009681891854
21,8,576,110.60879695057,0.193680381637295,1.21718741375268,0.950000008556658,0.739103864386013,0.505666180376622,0.508830713321742,0.829637722767572,123.858992085191,1,0.811583669335959,8704.05752376647,0.0677475810738318,0.775217458749266
21,8,577,112.317963879819,0.190857998501951,1.13264558697679,0.946198013072828,0.999999999999993,0.98515744889774,0.490676848807524,0.857263136148377,117.000516362273,0.994735710408531,0.830404350963295,9036.81323051445,0.0305793649795788,0.782681547218175
21,8,578,106.892378915519,0.1819741346384,1.25529903755281,0.949999991846303,0.768024729428717,0.797998619042692,0.430568188989122,0.408054851309411,124.909968720626,0.999999988710265,0.7749419860039,8660.96748830843,0.075317356848122,0.785437494752577
21,8,579,102.489832671185,0.174330805500928,1.11961140352999,0.949999170899773,0.527999475262911,0.451593047018412,0.407220771111501,0.31499100516903,115.910569089799,0.99999885201507,0.830982033171933,8367.3460234273,0.100017336402358,0.786057077378713
21,8,580,102.063108152676,0.190951144382829,1.19751847273387,0.94999909233792,0.705689104949419,0.58260034318076,0.39251781928808,0.437648731186915,112.331427607039,0.99999874323712,0.837779670407457,8176.16631137061,0.0890684531662946,0.781601226677198
21,8,581,98.6980107883771,0.194959198191886,1.1560758730019,0.950069857294813,0.766836805730685,0.54538600037248,0.422234630902346,0.759903802646116,115.061202775681,1,0.779712265181268,8573.30293920674,0.0701451267852728,0.784654076064477
21,8,582,104.614366230922,0.185030090908327,1.08738597416683,0.949960825097194,0.692959623514839,0.579721257848197,0.456919801515894,0.725456011770477,123.659434000438,0.999945757826885,0.767991153249381,9018.92234449939,0.0703792188593279,0.784158393654475
21,8,583,107.461058484864,0.177502928152011,1.13035402817247,0.950118922466731,0.619458379148497,0.453415753959749,0.509456663008251,0.453326080710591,112.953976852964,1,0.887024526259009,9173.6453157685,0.0863288826002923,0.784411880890024
21,8,584,123.943882663885,0.201262704411993,1.21485760835686,0.950006415936917,0.873598230604164,0.710374068522103,0.511239725379508,0.792569943198932,130.751306212958,1,0.847437163267049,10742.7855520854,0.055153869150593,0.776159582541881
21,8,585,130.751797107039,0.187542767594064,1.37084366684679,0.949601139556424,0.846944215417384,0.522779256220076,0.88655248475091,0.996238345527217,135.351457507064,0.99944773169351,0.868199702559285,11085.8732108108,0.0398600177234252,0.778621565155985
21,8,586,131.409329052858,0.20152504516708,1.4,0.921312617167519,0.428643198551045,0.999999999999929,0.59917907828408,0.754181990929854,127.711251711481,0.960279008385796,0.862767590437443,10305.2910372234,0.0791201599455539,0.784752433286815
21,8,587,128.894986082898,0.214467381752528,1.36893014829304,0.950000255566617,0.580263917210695,0.847562164062206,0.537090506894227,0.577001759106302,139.039484959528,1,0.828174315660686,10901.4705528227,0.0896898544255903,0.771388966623778
21,8,588,118.361202343136,0.229327455881063,1.32026686790742,0.952154824323324,0.355205682817992,0.48999484496018,0.755738698625967,0.865197910290253,135.096354788895,1,0.795817315790693,10413.299283168,0.100581477806857,0.768278988882909
21,8,589,102.834551262861,0.245536702887021,1.37260389969743,0.949776859653999,0.927979759505635,0.934285715193913,0.454016527728793,0.854480993717425,120.753145952655,0.999691036443999,0.743730672953909,8929.78452396506,0.0553138048506734,0.779876215005935
21,8,590,98.7221994867736,0.263400508488858,1.102869861592,0.949641734758117,0.501033110515909,0.787409074865057,0.910991699582004,0.815256922467583,108.168104911692,0.999503940434315,0.80895311736156,8436.86376431906,0.0782015583719453,0.786106465394378
21,8,591,97.4419880723324,0.249225891708465,1.17376569925998,0.950681264089276,0.656761949897352,0.682971440855427,0.330561261987533,0.774487771275848,106.492460108968,1,0.820811442265335,8066.4930300713,0.0971602689242348,0.780876009121486
21,8,592,97.7827484512655,0.240729211497895,1.10936107396994,0.949999999780497,0.868210788109604,0.694807041143821,0.372280395403451,0.6763868765312,102.656467222895,0.999999999696072,0.858080316028657,8137.70966609064,0.0788407807650061,0.781431913183189
21,8,593,100.837282198656,0.221302703751931,1.20079679666481,0.949999999999999,0.615861928091321,0.695958560285393,0.679066027897379,0.684803229257359,112.782433249067,0.999999999999998,0.804987500050273,8440.75331098867,0.0792042720905667,0.792466227024681
21,8,594,109.40849651165,0.193514765383054,1.19460447047613,0.949978509295102,0.761707767188719,0.443646651346964,0.572535638263344,0.626012059569946,117.370224485267,0.999970243639372,0.861554746505011,8679.8652738583,0.0751414260669031,0.776230060422297
21,8,595,124.08079451325,0.216378801558341,1.32128202777992,0.949999542013322,0.84431604235085,0.742351955543552,0.569373009195463,0.765497087238325,130.200778251671,0.9999993658646,0.850763213944571,10085.5245576692,0.0617559733470792,0.77959191377525
21,8,596,126.709332717468,0.191391218351725,1.39934720316973,0.950000000000005,0.84721051913692,0.613084651097513,0.7959480596597,0.418745126194852,135.683784772553,1,0.859562849265791,10127.4423322268,0.0692483176750185,0.780083792169679
21,8,597,124.00493914496,0.187745668037466,1.11784897808182,0.953551931923123,0.763715398545555,0.549445980746073,0.586276376313633,0.631136777447948,128.036692190182,1,0.886255131462447,9689.18607177533,0.0673556103974306,0.787456504343124
21,8,598,121.729898887001,0.196191134028389,1.32480070462954,0.950000010987314,0.808549450577979,0.535607446885725,0.753917737420241,0.950681630282048,131.614390374812,1,0.832790137577724,10115.5926436179,0.049914690082996,0.793956279053337
21,8,599,116.969728784479,0.20966606927321,1.3180380583607,0.94952485590862,0.922612684877073,0.893651255578657,0.407159994367346,0.616702451305607,129.587364502963,0.999342108181166,0.800838584616985,9424.64444634417,0.06303759532086,0.789183499411575
21,8,600,115.526854205849,0.224439602244786,1.12328507166968,0.951439517749161,0.908402878782894,0.531508705998517,0.640566271329826,0.705337507106491,116.892461406433,1,0.902184810492962,9595.35199500047,0.0632784552904917,0.779253291000728
21,8,601,115.502800077434,0.241368102485569,1.20685737133742,0.951415985619554,0.985450560346776,0.453085906358548,0.436989197796078,0.752145795417665,126.6824130926,1,0.836133206161115,9443.66228068795,0.0733738816831295,0.776413961535081
21,8,602,111.99426465835,0.258619802700357,1.12736658300387,0.950000387932047,0.934520357151448,0.60545836859453,0.685636502134557,0.96743989976607,119.174621266582,1,0.840117833082546,9739.91080736022,0.0478312393942813,0.780600951281858
21,8,603,106.064957976577,0.301210947853646,1.15026964914887,0.946337784570722,0.932902077006071,0.749971918461342,0.732659782435739,0.601499782506329,112.325589588075,0.994929240174846,0.845546071007695,9345.27359329372,0.0727740126318252,0.775253096784481
21,8,604,105.581042783949,0.286563885183463,1.31782146581145,0.951758907717385,0.887948819654651,0.69695281748406,0.949017737639517,0.798229904354743,122.460788364827,1,0.771448160858645,9299.69909978524,0.054173820610459,0.764309521527562
21,8,605,106.069111138547,0.307199574058646,1.25749669038093,0.952702547164645,0.878680726946412,0.999999999999999,0.884578790924269,0.53106439161643,112.263037827856,1,0.834752916018162,9774.92949845699,0.0649813129353756,0.787230325837259
21,8,606,109.964440684779,0.290366271621231,1.38681848401934,0.949956224351372,0.879876235054353,0.875770044715005,0.512172694497469,0.771701111167756,116.999168248725,0.999939387563438,0.828850934665464,9794.99063834985,0.0753310364283308,0.774860878916772
21,8,607,112.778665652864,0.278197229629584,1.39875918536165,0.949741227591336,0.548926034011335,0.772133981350956,0.927908791969462,0.499345115910159,127.021576584443,0.99964169974185,0.801637264704021,9773.29016279474,0.105945379350467,0.77458307973639
21,8,608,119.111737438845,0.241507001600685,1.39999864369626,0.950327728108025,0.829113538196273,0.999845764501956,0.999241556047217,0.505149215745805,126.882982907839,1,0.830538823254295,10551.8316547556,0.0554455240786583,0.780750508350051
21,8,609,133.246923289612,0.251529741394604,1.4,0.947507497456189,0.804757226748005,1,0.835175563802573,0.902662713010438,128.46291162329,0.996548842631646,0.895595882607021,11755.3903032878,0.0428813275393101,0.777281303841776
21,8,610,136.112819026006,0.225517642271936,1.39999999996991,0.950003989158218,0.992048963657001,0.527149182962182,0.97440459668695,0.858959900413316,135.669639522339,1,0.908548177715679,12345.1567794007,0.0396886544197082,0.775390228187172
21,8,611,134.546695079217,0.223678774963792,1.399976804375,0.941611515483558,0.489657943431714,0.980233173352092,0.656180961373158,0.982016592144509,130.41200509764,0.988385175284927,0.881392254010502,10892.5830762193,0.067858922173713,0.784480056706912
21,8,612,121.623047824147,0.204260463472715,1.39972593796441,0.946929936892943,0.985548794643774,0.99332784719348,0.9885102493928,0.992057469666631,114.929498509303,0.995749143390229,0.909294891715584,10244.4924587088,0.0124817720379296,0.781574381338286
21,8,613,109.075504832938,0.220686440092293,1.23035651081901,0.950156282230422,0.680455224885197,0.645589891352123,0.641365403022012,0.735863725271389,121.053536944461,1,0.812702256387422,9108.06088400126,0.0755847741571992,0.773510599227738
21,8,614,108.141133165106,0.244169886248405,1.11691260783287,0.950590440738583,0.63913214916183,0.629891377875628,0.374411423771439,0.77074217222037,119.466849113702,1,0.816056941794675,8903.10540988937,0.0965339006177121,0.786383080397285
21,8,615,102.681221796777,0.246311384036061,1.08142260754402,0.950040571158293,0.797554190695302,0.434482910118631,0.609898025090511,0.736163625827358,111.82436689114,1,0.844263764228051,8945.69513109484,0.0829154558697322,0.781360319389582
21,8,616,103.569983895541,0.24535455052177,1.13918757918328,0.949354417523611,0.864020982444722,0.919761941595256,0.589860158125592,0.452643680216355,113.190256333629,0.999106116571154,0.81687212550618,8454.47591153075,0.0738278111274779,0.78137598767111
21,8,617,107.732949360171,0.250614023405977,1.20164255411511,0.951852142255911,0.816714669486517,0.754575638351415,0.406285213284861,0.652754119976436,126.728455509185,1,0.762687240364746,8966.40930396778,0.084966243935396,0.780588045184091
21,8,618,104.928611389165,0.253286876701305,1.07824596997836,0.94999525673876,0.999746119065756,0.944972800764726,0.496761362757924,0.876635978514491,110.22024014864,0.999993432407513,0.829908413482302,8789.20005745168,0.0409013947765008,0.78310629438396
21,8,619,113.232264382898,0.265240479193658,1.20244005011937,0.950177646344108,0.770503981327867,0.664375233801084,0.669309713378411,0.780193861312315,119.914316725372,1,0.848216626123272,9778.4270590575,0.076062573418131,0.772986626636403
21,8,620,123.047701002558,0.273821001947953,1.26179871202938,0.952751208232862,0.939702068040712,0.299379187860882,0.721974788688062,0.79472015090095,131.356941597456,1,0.869269372475639,10028.6568880147,0.0778605384637078,0.788563893389504
21,8,621,127.672897465458,0.27875370418871,1.4,0.952159966982001,1,1,0.750921217244031,0.831396110392831,125.807969101738,1,0.882544514680719,11471.1243513829,0.0374611404415381,0.77906898881165
21,8,622,128.873196964153,0.298845398941366,1.39519617537367,0.950531569351253,0.612779444301284,0.898720112751735,0.687464061597198,0.901181663982301,138.700457558098,1,0.812232488917858,11020.1902502873,0.0841193926665799,0.774523931561004
21,8,623,119.853437634821,0.260452990098714,1.27669760159904,0.944612884541874,0.955529906683074,0.729017925831554,0.544489393446984,0.902283688150576,128.843659442085,0.992540917057979,0.819213291993761,10449.9539304471,0.055224831679768,0.781776593370628
21,8,624,116.655582985335,0.246261229978608,1.3445702534168,0.950005541090638,1,0.694653187334712,1,1,122.514545381047,1,0.843033777222843,10417.0226330996,0.0233245956332524,0.779885181212335
21,8,625,108.009305408634,0.224438321269588,1.37673276502666,0.950051823959332,0.957929699597466,0.666173144791377,0.599879278634536,0.900495223335436,114.716235453581,1,0.84017052769331,9387.98239304752,0.0504917440861409,0.779334579060891
21,8,626,105.494056325193,0.216143227450657,1.36546394105306,0.956359816060157,0.842184613909714,0.655989524982361,0.81014931704861,0.736541414400305,121.166631801094,1,0.784519217370977,9306.15149463012,0.0574753987867907,0.781306757802981
21,8,627,105.642795388674,0.201340773270527,1.15008499572129,0.9499913827357,0.845021233323272,0.653461800747011,0.508274394643883,0.611515553707615,103.118072212624,0.999988068403276,0.929616228735973,9672.57073078057,0.066864511861416,0.786102951676695
21,8,628,106.396569220979,0.207234085397881,1.23793662968744,0.949529649924297,0.656843635727038,0.873934320287998,0.627681105328986,0.719912557696126,113.346782251073,0.999348746049027,0.829719042803461,9403.87903597138,0.0658777592119935,0.781542994776029
21,8,629,110.180080705162,0.211575786592281,1.20472112772101,0.951054290505678,0.736055253152601,0.697088942155983,0.926944372484561,0.771911384252888,120.100673609382,1,0.822023575564809,9794.6103366948,0.0518368786289961,0.782613575422475
21,8,630,113.547892116118,0.233350800999328,1.26892849478049,0.951077452875507,0.743023570194372,0.74438753264737,0.935054054591795,0.970801442893167,120.235948752627,1,0.833748157431025,9582.84165692548,0.0440991495652265,0.777501364311482
21,8,631,119.64230848934,0.230441579517273,1.31857183241595,0.949999999678567,0.841021411719263,0.996392954137511,0.996925028271519,0.763087879048107,124.774671170168,0.999999999554939,0.837127976026488,10302.0694123689,0.0355854138586595,0.779511968757963
21,8,632,127.007554006138,0.275682012598695,1.39996753582628,0.94935257918889,0.980512620764495,0.628781955992317,0.517879113368816,0.999894654981539,149.99297954551,0.999103571184617,0.753423092455801,10396.4346941263,0.0586536770698471,0.774128768933532
21,8,633,130.434284569763,0.272779777405297,1.35972339594104,0.943522686961817,0.850924492326648,0.86487086700729,0.501172711706985,0.840868147520532,132.096380072451,0.991031412716362,0.860698474484709,10653.6402452114,0.0696322310011152,0.785405590497601
21,8,634,134.381293007377,0.313500677659254,1.32297427585496,0.949361882003668,0.878600724118501,0.791427204780315,0.786446389251729,0.630876570958011,145.406929568059,0.999116452005079,0.826643909853916,10649.8503689817,0.0780046746882799,0.777327524897905
21,8,635,136.715389274781,0.325817935468634,1.4,0.915758878645392,0.62425768244324,1,0.796980938682666,0.593756912653063,135.701691391933,0.952589216585928,0.845089489387365,9857.88707150112,0.102082824406159,0.763192100919238
21,8,636,127.281104092089,0.32791692213667,1.39999999994436,0.949999999987208,0.659277055119751,0.926918242658285,0.999670900705164,0.999998341586983,141.847255794896,0.999999999982289,0.778448381990347,10883.6108210499,0.0562487987153292,0.776101731199479
21,8,637,114.601786095932,0.310609879582631,1.16331448337439,0.954721291377677,0.978401748355976,0.533293857775513,0.609161174244928,0.947986248306093,119.892699030129,1,0.860982010451383,9508.61198630972,0.0633051936588326,0.780569203074405
21,8,638,114.110404194077,0.31633408754777,1.21637111843836,0.948501091589612,0.8231660057136,0.631646590010664,0.614099293598305,0.444654044675527,128.841565745097,0.997924588354848,0.810966052748974,9760.41673943741,0.116871993545808,0.772394365902415
21,8,639,110.187716493782,0.302379757017715,1.35059100680107,0.950315765639448,0.993538491248443,0.936227089664166,0.300000000000077,0.99432223069823,122.021408265188,1,0.782999744070388,9506.59703923468,0.0579796419082158,0.774486971560926
21,8,640,104.417506957552,0.298521941266392,1.30648700584065,0.949914742807598,0.853403936091337,0.472393155406829,0.719222723624529,0.836033266714602,113.959059673487,0.999881951579751,0.834848588396253,8703.6915223243,0.0825503154318487,0.774974994529874
21,9,13,63.9672280572577,0.340285969203309,0.865093769354092,0.9521398210471,0.774281228636411,0.420220933901693,0.642394260507271,0.353928079590866,75.5390152607877,1,0.796430061169776,5607.57257625172,0.148501113384005,0.765458066245468
21,9,14,57.4017802846267,0.343302601879682,0.800000000000007,0.951530332153163,0.999999999999864,0.306587977478761,0.191933429327365,4.08026237290186e-14,70.1357527047839,1,0.794092300247529,4920.53841147696,0.191023001019423,0.757359981857967
21,9,15,63.547420811649,0.320345923708932,0.810662907907138,0.950096634723542,0.989977217447056,0.326117334512548,0.42788320798819,0.791211808322518,71.9923797483914,1,0.817247665405385,5621.1487584891,0.0997644532738041,0.763094816243611
21,9,16,57.4965544138049,0.296152637706426,0.800009727255751,0.958541007104965,0.320054109321318,0.27953489438602,0.384364336059547,0.363304553094802,71.1359198138691,1,0.769956616862334,4623.89180318508,0.198412131517004,0.755634436675124
21,9,17,58.6030037427682,0.264706505586366,0.815904117373668,0.949802695445754,0.574971250980484,0.62497393431149,0.318970108525953,0.237754776067975,79.7541109326253,0.999726809078736,0.682225804903361,5004.91094391245,0.149038243380597,0.761265423056275
21,9,18,71.4471782773241,0.242398380588938,0.860965930086386,0.950883054197262,0.628554288718556,0.648729029644113,0.435997341893166,0.311212057765977,85.6289697508504,1,0.770046868681485,6129.37426137913,0.120770700445204,0.771230427392526
21,9,19,78.8559755936484,0.24340007316911,0.912063360088985,0.948045442974136,0.967382775419209,0.304874091993199,0.472740881832034,0.983714836337945,90.138424368084,0.997293690271881,0.800785827157354,7065.53549932892,0.0647594631923897,0.772032468065988
21,9,20,79.6657840247617,0.219090578783291,0.947893360566131,0.950280374513409,0.835647554705054,0.592547332780164,0.541213067632404,0.371644384205082,93.7101390876934,1,0.786026678496895,6939.80078514733,0.0875729420236308,0.772596068355919
21,9,21,78.7470701397535,0.209125212549079,0.843337680974304,0.950000015615777,0.513504365270018,0.488029056288822,0.332544595437017,0.415018302214661,92.9443073583668,1,0.78909090278653,6821.13442474947,0.117562822283952,0.782035511489631
21,9,22,78.3814300641902,0.203393829342455,0.954390186239825,0.950063777146386,0.71203927279691,0.454959247968021,0.482268234885896,0.321083122577262,94.5098370746728,1,0.778904241506801,6865.73824302862,0.100104170597416,0.776149284179353
21,9,23,74.3299942256091,0.244281269101562,0.870316109669035,0.949999999985577,0.774876148016417,0.477119289779502,0.474860008679057,0.451046341994652,86.0297269980697,0.99999999998003,0.80389275715855,6451.08723842317,0.10630590467338,0.769193501382819
21,9,24,69.8799457859922,0.242568968195981,0.858342507162043,0.949838757021272,0.73329111448258,0.354586991056467,0.387581303754706,0.416563057130594,87.7285812918532,0.999776740490993,0.750971177299059,5938.69822789345,0.120766702808338,0.77674845244061
21,9,25,70.1703402664046,0.262410600273884,0.81146001259611,0.951073962646167,0.699030111000625,0.29750430912979,0.512058866293754,0.380579501584152,81.2002529362527,1,0.820992029309631,6378.6487900061,0.132315831467559,0.775020743956319
21,9,26,71.6625542840265,0.300372884877718,0.8262553882581,0.950035285012927,0.790660635019122,0.635404954111764,0.349061866309613,0.76584495889618,85.6179954894589,1,0.754402933987681,6398.8339876129,0.104416304993933,0.758060847842209
21,9,27,61.8777937311117,0.3247866270132,0.800323893339819,0.964631295041888,0.736476232614477,0.291290574946979,0.299102412789,0.354818525338142,80.4203865407997,1,0.732497993022944,5471.57217292023,0.175799174234974,0.752801794915784
21,9,28,64.1438106990835,0.335098181086431,0.807445370287894,0.949999999999946,0.701012582728983,0.635689722244111,0.464455074020997,0.420494972438437,74.6546014119347,0.999999999999925,0.789133707060767,5820.9160381981,0.148182656855648,0.754098605946916
21,9,29,71.7618177354885,0.372514681038127,0.841694363262693,0.952919152430675,0.978963168872434,0.611061508233226,0.278324082892833,0.866215793791068,76.421087151377,1,0.843634228150662,6595.75208639671,0.102498552291392,0.764860058643514
21,9,30,68.1509325518691,0.366390310432093,0.884581132040558,0.949095679863326,0.959964635984017,0.792575008251953,0.736105039981293,0.416182503039513,80.550723334185,0.998747864426144,0.765242865329701,6321.77824330518,0.0989555165487024,0.772411846581948
21,9,31,74.2755459867665,0.317690495892841,0.890631711775865,0.951593134492453,0.709748605811987,0.811307967262958,0.598250011933377,0.98094784752538,84.369113284926,1,0.772257642740975,6258.20961774341,0.0764571705013335,0.765007497097085
21,9,32,83.8233026219745,0.271416127887054,1.00951879403795,0.950006271394414,0.879656428371495,0.71066615724853,0.645825946050785,0.711743843594736,93.1738022270388,1,0.807746244895138,7455.2678266488,0.0697808670822719,0.789670626529159
21,9,33,88.6560895664457,0.242851363258189,1.04950805669187,0.950312896198476,0.869437342519493,0.677409518262414,0.588686139930776,0.480244090301798,93.945289196648,1,0.860603103413483,7466.26469228101,0.0815895500655001,0.783680327427851
21,9,34,99.65559508613,0.209712351762313,1.0500042649007,0.950659116648126,0.744725578231636,0.592405189230714,0.669172546066787,0.682689263063456,105.668397414503,1,0.857203992866961,8539.19235062798,0.0688289126409099,0.776023603549908
21,9,35,94.2904315777326,0.202249605516697,1.04989687014856,0.950821823047841,0.750942987315326,0.574530061978592,0.534438431660431,0.608894094833763,102.828583676062,1,0.838188593573993,7981.90211847616,0.0757714663578498,0.779854099378573
21,9,36,83.0216992487355,0.193538356900009,1.03991237051564,0.949999956922811,0.724653823347426,0.439281039982179,0.341918827663799,0.670195724977641,97.5712204461853,0.999999940354662,0.784846177958571,6632.72179516097,0.0834862302993916,0.78530769874552
21,9,37,74.1513999668945,0.206109142651616,0.925375680612488,0.950888557416942,0.747906607063032,0.797639138591352,0.428270327395638,0.627432782032155,88.2827762605306,1,0.75167631393162,6349.55040589635,0.0725803826891334,0.782541306069601
21,9,38,58.7270320958404,0.210234671873105,0.800212271167297,0.952262701491799,0.771171498220239,0.377763794539923,0.480974588151242,0.771314658429717,82.1200310512502,1,0.659686395411367,5301.88084222964,0.0784320199572845,0.742421410652628
21,9,39,50.9045932382526,0.214653568733473,0.8,0.950004381365028,0.285474951966482,0.23795541700833,0.422756893393784,0.243996808080317,85.3198159538529,1,0.574549693996261,4218.62097635273,0.152769204824117,0.741677901119346
21,9,40,54.5563621127839,0.255510655583003,0.800604437302205,0.950967091906152,0.664719134076344,0.248263204824126,0.328285457362896,0.406232745232714,77.5382304693196,1,0.67061168698571,4771.45924401674,0.141922281769588,0.751874889497662
21,9,41,59.2479816364243,0.285790723694166,0.8,0.950887033884153,0.82776422926321,0.346763520061551,0.243597120307669,0.521155040147918,78.5983484038616,1,0.707172032030406,5215.75486266932,0.133994953345384,0.75053539910934
21,9,42,72.72045971907,0.310533927728382,0.810894914833084,0.94871945305516,0.877782990206033,0.496611076010036,0.628820654020468,0.756484092480182,82.2971282404095,0.998226934999452,0.805503086507937,6504.08961957318,0.0895892883846911,0.76532149733152
21,9,43,80.4964173375774,0.29522385983214,0.924501182058004,0.950000004826724,0.875970296068206,0.747003454445544,0.770016564052098,0.73862520706281,90.3377663433938,1,0.796288027825691,7077.14524072039,0.065034911318183,0.766843109927059
21,9,44,87.8525557065021,0.296203580536031,0.999884581118046,0.950619834668521,0.937300640437155,0.498429153278916,0.635244080551369,0.633614240822839,102.493810365039,1,0.787923120887139,7757.23852886437,0.0879058626189917,0.779208785478489
21,9,45,92.500799274897,0.284732429302717,0.987808840646799,0.94999898560614,0.853305800887995,0.887868377286397,0.413178846719719,0.491744426512298,100.622094984025,0.999998595454656,0.822046708931836,8249.72604386984,0.0956572222983116,0.777871534893962
21,9,46,87.1817142609289,0.262023249581851,1.00919948453232,0.949999689977058,0.658043826960907,0.360401124940736,0.477232520297081,0.744897715001889,99.4981618726359,0.999999570737464,0.810758210594453,8098.98973571186,0.110872917482815,0.771894120551688
21,9,47,73.901515345766,0.253671854740127,0.931747928450777,0.950577758269607,0.828766971861927,0.594965133322527,0.714721781395565,0.86835024480417,84.4583839735685,1,0.787159976282618,6881.0395902236,0.061593027654827,0.780847644665267
21,9,48,66.230794933663,0.236610572592642,0.832652598695199,0.950002918878652,0.817689202438841,0.7109998541214,0.45442993043099,0.715855654162734,74.9037311906826,1,0.793690745645834,6110.24131587175,0.0747639498232515,0.775039094372462
21,9,49,57.3968590038485,0.207260284410894,0.80015847066961,0.95,0.765112949743222,0.48296588512978,0.394736232986316,0.459717778358882,73.3042830312461,1,0.727771561654038,5096.88163774587,0.0935572751969572,0.777728744756946
21,9,50,57.490143291048,0.182792453212834,0.825945624397224,0.950002382899183,0.437319549304975,0.319586629000402,0.193976606614855,0.382827347685725,78.888073059677,1,0.69081076796087,4783.61394849243,0.119712679798313,0.76574911953895
21,9,51,69.6050951873161,0.187510771905457,0.948092934716975,0.950098799682154,0.478551866383138,0.403548441689333,0.33066166380364,0.33199483856172,86.8192850170949,1,0.756147457200542,5718.44017090527,0.114519782213512,0.781392391204426
21,9,52,68.831789372508,0.206988713152396,0.873535023398567,0.953718240521276,0.747411926060339,0.616718317186953,0.331514378711245,0.539692071546963,76.7249522631384,1,0.820000146907541,6163.64472865141,0.0882125113543294,0.776582758304085
21,9,53,79.0579263048463,0.225524017354044,0.901442490429747,0.94978028379131,0.76186281888601,0.578657387652523,0.615210356537278,0.872642008257365,84.701595737786,0.999695777557199,0.840448238474921,7076.05024627825,0.0649480100476523,0.771031257087875
21,9,54,82.4561963565286,0.227551920545324,0.944643790448065,0.950000012388447,0.816598870979602,0.685312611484932,0.657962281631509,0.398178008647864,94.6766124438481,1,0.797242004428942,6721.8389409956,0.0818497810749018,0.782947098856034
21,9,55,87.7766879880642,0.253894313579962,0.953794135111744,0.949986392941336,0.920963082509153,0.464477266553447,0.680556821797164,0.683627523264255,95.3002105286314,0.999981159457234,0.84695767592556,7439.35707300552,0.0728775109637379,0.782427016984816
21,9,56,88.8852585014265,0.304083421459355,1.01220537365586,0.949909099880204,0.884851701972409,0.269479293958899,0.577140584456385,0.887497307632442,100.542775331456,0.999874138295666,0.818315788900341,7430.73500215785,0.092591330295764,0.783010348709909
21,9,57,87.1484790515045,0.335471812803141,0.928206882322642,0.958575481594408,0.994822421780362,0.803060831339325,0.960671368420392,0.662067616413478,94.9567765037851,1,0.819415432682245,7611.78190025173,0.0501899462829451,0.776840755064914
21,9,58,88.8909985297076,0.325347163783867,0.868118974588179,0.950539827444493,0.808858510730135,0.659468207011478,0.679503616960887,0.840583053801723,92.8447532987896,1,0.857605719858936,7491.9904713978,0.0820358829870539,0.77090208101822
21,9,59,88.3133611824264,0.342634458135762,0.895339494974789,0.950005284096293,0.989525776608091,0.378480863706764,0.648500148002157,0.814918633927715,95.1191236900566,1,0.854341770620095,7876.15842936462,0.0863814823183014,0.774615867576915
21,9,60,87.1471571689144,0.350348796682385,0.882818911477534,0.956120225908345,0.983273936035775,0.58353307787429,0.599078853765171,1,94.9613496722972,1,0.820592076865879,7780.29848012774,0.0634139722017679,0.780578452995226
21,9,61,84.14393706839,0.293957140069431,1.06050553738433,0.949878414362612,0.74406775354722,0.599716430491019,0.52884242072147,0.587138038822605,99.5996614292865,0.999831650655925,0.771255797547897,7279.50284434789,0.111431607366847,0.776042273071114
21,9,62,79.1311105489138,0.301306951746784,0.8,0.950457343637255,1,0.487700754223782,0.630342456429485,0.784199850044758,90.2232825573465,1,0.800365933979078,7239.06168355204,0.0723424162488626,0.777189524694847
21,9,63,74.4491560414902,0.271378464868427,0.945927444272203,0.950000000055336,0.751136078553811,0.795427578166177,0.395689173580988,0.718208836303577,82.7818995716089,1,0.801098100139523,6741.22513428553,0.0909756586267402,0.776560026446437
21,9,64,73.1466668139144,0.243783973901181,0.875358068341793,0.949990105617202,0.917304342669592,0.651072368546602,0.326718386041299,0.644103717663187,84.9042805870416,0.999986300085357,0.780525195071909,6629.1430554977,0.0817604756771621,0.782127031106954
21,9,65,77.1077273312523,0.211478637836062,1.04999810749543,0.950181814682787,0.818942296034223,0.386785126909462,0.45297608717321,0.520694162821721,98.0144906026307,1,0.735285910255686,7054.73845625604,0.0894512586374302,0.76684628507613
21,9,66,73.1075965519682,0.21356383137492,0.937044606386206,0.950139340410881,0.738476827658757,0.613064170859906,0.300125494383968,0.549315424161645,86.0418911103649,1,0.776479357889095,6351.88467899733,0.0926498854047131,0.782711893327117
21,9,67,66.3914481537231,0.197885850021278,0.813604128814323,0.950000139275712,0.573316914876083,0.632985852920263,0.4367719209741,0.84192713127633,74.1538083814128,1,0.803833174682115,5956.64471814529,0.0766937203433293,0.777869477182332
21,9,68,81.4106575183505,0.198768613897715,1.01984733086716,0.950018607830223,0.916528569466251,0.683688330217237,0.364308985047872,0.455899644842463,94.8872006561067,1,0.78302012574085,7188.61564153036,0.0734081099945559,0.789241840407565
21,9,69,90.5382046075208,0.197544991810378,1.23023409891969,0.949999999787602,0.523993323735163,0.439304908880576,0.373951719390837,0.386253521608829,109.131755234806,0.999999999705911,0.777451484333135,7555.18709628411,0.113850637094768,0.784850212175205
21,9,70,87.6308320043684,0.215088042281087,1.2306302983164,0.950012680101846,0.859570518707095,0.719859565248698,0.384113090516473,0.693574951054323,95.4335429824876,1,0.824568022703105,7656.92643901154,0.0707061113547483,0.783441732916302
21,9,71,87.7111894563244,0.273296724274255,1.1991444411643,0.950715168026462,0.996427647870693,0.986235696232632,0.584893886922727,0.976641850608243,98.2324221313388,1,0.77158439599521,7376.16300567166,0.0319987224199986,0.783894775370407
21,9,72,71.583538362481,0.28459744310863,0.845841539091551,0.952014634059657,0.706799474261994,0.33821865066898,0.296291297336778,0.350663035441788,85.5358586888724,1,0.79335842786535,6075.81307881619,0.155053470678804,0.77451175954904
21,9,73,68.5034599945724,0.288198777753234,0.816125546847841,0.949686396978896,0.856687600354326,0.421857608886651,0.632679698814861,0.568298228204422,80.6902011509825,0.999565780432317,0.788453970552683,5639.39625027888,0.102487656603198,0.773477002860853
21,9,74,68.8411716005423,0.317320517531664,0.80511635238737,0.956273547517098,0.869252775384559,0.750855861739268,0.314512481528601,0.522409713891269,81.6897275802131,1,0.761652366841513,5724.83635599956,0.116489170748229,0.754993171400103
21,9,75,79.6405964363022,0.288356546376495,0.965699937171703,0.954275974963114,0.793576174722063,0.299999985431525,0.313560200069487,0.774325461236443,95.4838463389033,1,0.774830830935605,7009.24061510283,0.118789902649982,0.777568810014747
21,9,76,80.8792180031672,0.294232275171527,0.800263485169974,0.950609377840004,0.844744163589457,0.662590399728754,0.476671604631385,0.641756503252302,90.9536332062531,1,0.804909788133894,6712.48383514752,0.0968906364447452,0.77255701501368
21,9,77,78.1121307362733,0.258261964254401,0.90123855577056,0.949976005748361,0.801333776686178,0.609991951963663,0.305410029348685,0.530438813780266,89.6129205106621,0.999966777190038,0.797595315767746,6397.98961721108,0.107448061085506,0.77736018532317
21,9,78,77.4094888494386,0.277311399377083,0.865717083091492,0.950764784767392,0.71279846338032,0.47434448541226,0.659526852493167,0.404583083722099,93.387521533784,1,0.773442970391955,6553.15038163445,0.11982275850053,0.774197488004828
21,9,79,82.4706045795149,0.263818322408944,0.819086142206331,0.949999438596769,0.918706149934611,0.664660662108126,0.300091482274942,0.603575795937347,92.4933208323751,0.99999922267245,0.80860929439354,7249.2785423172,0.0917828383470077,0.779574791785465
21,9,80,85.4310292471657,0.216088649672973,1.05800690271898,0.950021233695537,0.712751718257257,0.776694224837849,0.78794935314858,0.640371878426331,90.2114595377566,1,0.848504279673109,7051.06563218588,0.0633245838537094,0.78097265595007
21,9,81,84.1032238370405,0.213169152457494,1.00127433443438,0.947920048266513,0.908124222191959,0.710478514077206,0.403908874930695,0.631277262828228,92.529843558124,0.997120066830556,0.817290213090667,7248.27153412292,0.0672909569259008,0.782540421969651
21,9,82,89.4584986782729,0.21659637619033,1.1785793891495,0.950556389303239,0.733422560327856,0.921732644684115,0.799173365386077,0.670096617283859,102.859627816008,1,0.768041746506676,7736.04425522869,0.0548703799986859,0.787717021947776
21,9,83,95.0195998587885,0.226716263468776,1.123634681413,0.949999996706705,0.770152751208604,0.748369845996532,0.682833946843884,0.55362415931154,110.39221675855,0.999999995440053,0.776807920034047,8482.15913739454,0.0727231264270297,0.76856947705268
21,9,84,91.2613463184567,0.193713636770909,1.13054136204062,0.950035674765981,0.622446005720641,0.421073011151981,0.698538935269181,0.572177392815297,105.612917694398,1,0.802750957518974,8544.99580485755,0.0820568293532836,0.785454552093887
21,9,85,80.4500976351445,0.190025842551582,1.01144760985235,0.949966879226693,0.806463770853114,0.639720014648031,0.702934137883026,0.403557043116393,90.3566606839093,0.999954140467729,0.818170057941906,7337.92649380931,0.0686206100049297,0.781779995150532
21,9,86,76.2816915391396,0.225598400529554,1.04888243028854,0.950126175281688,0.639772315514096,0.508791627999042,0.61176609315386,0.62831494942024,89.4875382443864,1,0.783065656133437,7003.26735296039,0.0913820703769372,0.778733411772245
21,9,87,70.4122715236479,0.224337146559548,0.915507249631123,0.950016725103798,0.812175082574876,0.435500046074278,0.637812566226471,0.768209423994269,85.7034677745193,1,0.753990542176077,6509.22128515262,0.0712795038299986,0.774349207204204
21,9,88,73.5623875783408,0.220738412544794,0.863796149708128,0.950938909324419,0.581042344851107,0.837843505103072,0.909468918450958,0.999999999999996,78.0554422235917,1,0.823964456310892,7068.4655035488,0.0472224725068132,0.762637882281446
21,9,89,69.8905385810546,0.230203002581235,0.983168664177556,0.950121062038506,0.693830702626951,0.49664943675179,0.302013409020183,0.427293339313466,86.1912449495476,1,0.754092393629398,6192.50320636274,0.115224968100339,0.779589317656304
21,9,90,75.3922892472398,0.231212463086845,0.869267557597397,0.949975524224794,0.609650853372394,0.703807064430135,0.458409449269754,0.679017636670078,86.0031417982365,0.999966110465099,0.788925948938483,6652.63114022294,0.0921383123659855,0.779437942465051
21,9,91,75.3777146163148,0.261854893847538,0.836270393635463,0.950015019372895,0.538149129733971,0.300366693426168,0.426440844737244,0.436536684426206,85.451552845677,1,0.835150936748046,6211.74210474242,0.147466060544846,0.764567182434968
21,9,92,82.8495698344398,0.265623988300646,0.89715131968665,0.952075491543415,0.752690379500561,0.747935531850351,0.750119303332703,0.796698562448122,95.6247130443595,1,0.771785879915694,6708.11596550778,0.0671315410738267,0.767753560527585
21,9,93,87.5723316557652,0.248839743584262,1.03210105831883,0.950987938004178,0.976677141091639,0.679258289153968,0.373134414246456,0.7485979472949,98.3110958276833,1,0.800444054058141,7369.25790861208,0.0682119850744605,0.773270094547642
21,9,94,94.3117306598125,0.263367116153118,1.00763107798321,0.950004315572376,0.786803847848762,0.674205337771158,0.389500828172051,0.767658124050999,96.1280776942779,1,0.881115878521518,7518.87717245555,0.0878189736756012,0.778526159300741
21,9,95,88.2411758039082,0.22143086558574,1.02856565218799,0.950271108481089,0.917911442555272,0.478528613308413,0.479861836952724,0.392634681163099,102.742469448093,1,0.801613844169865,7132.18122261601,0.0882324071258466,0.785520545593516
21,9,96,84.4550300491412,0.197830534650358,0.984090475221212,0.950006094653104,0.639631120012305,0.488274885129839,0.475640262143812,0.329336253124136,99.3168269415148,1,0.795779099784696,6700.94085846168,0.101047388476756,0.79136188669081
21,9,97,78.0094021382614,0.183285165467347,0.912352319339425,0.95116733503355,0.457415950696853,0.519529684318214,0.31347830882248,0.413960173794714,88.247893416468,1,0.820939883349022,6405.85256151994,0.106342670467253,0.787945932874782
21,9,98,69.1917882778499,0.187479685200445,0.813087833081125,0.950001560167787,0.618179680394609,0.336691908403497,0.395214867712854,0.634005798434697,81.0839687930682,1,0.796237195140253,5944.40609473106,0.0910191646302715,0.777000537391715
21,9,99,68.5534458854418,0.165715818556263,0.861840744455668,0.963501419154774,0.643637700703853,0.296064961146882,0.495925126705459,0.704133404019065,87.1229597232238,1,0.734109481449269,5930.66599839408,0.0739451715605392,0.76980596241749
21,9,100,69.5740469974287,0.176131943191158,0.906839785626017,0.950210350462177,0.724480638791649,0.606978046786873,0.328568080334789,0.343334214638021,82.8129376703209,1,0.776969074147494,6197.61217337117,0.0855347016380649,0.778122214945371
21,9,101,70.8569641771707,0.182950283073551,0.837459289673606,0.953169283346117,0.409902131151484,0.327614289828912,0.345663498775309,0.328946596216298,81.9801452446894,1,0.821206703603658,5742.48757450088,0.11822143616458,0.773196673215581
21,9,102,73.0683092484223,0.163778313524121,0.975284673972899,0.950003896718276,0.665463372876734,0.384375753557433,0.452427692088875,0.5323862975621,82.5450019706155,1,0.826989479263086,6628.19623274046,0.0776830137496832,0.78013344390526
21,9,103,84.4547393668575,0.179340698490111,1.05102545226443,0.950215792996694,0.702952984245094,0.536328562149954,0.475433716524618,0.470449462266837,93.6937671600051,1,0.833186705924294,7425.16420568852,0.0797578670046596,0.781705730309455
21,9,104,86.9091640929378,0.19225780981791,1.0519346672719,0.950136009648813,0.819232798531246,0.482076212353669,0.322699196897154,0.762347791756969,101.560565531519,1,0.78224642969855,7338.61595597186,0.0713984011948896,0.782013926507498
21,9,105,89.806748238231,0.217774253325472,1.11256921495697,0.951180170788011,0.742253815401839,0.698147517400815,0.426704152125494,0.474144738787602,99.3494610197585,1,0.823070300717844,8274.21882732481,0.0894328291612221,0.762456775261785
21,9,106,97.1215940325384,0.226424724934963,1.20459527835753,0.950000979681164,0.797363660977241,0.562326650945484,0.639178027140238,0.784891605594132,111.805184691477,1,0.787317568132044,8874.71958679676,0.068306313651883,0.783103222104242
21,9,107,96.0016277920715,0.24736940670414,1.05229359404702,0.947922660244627,0.856994233213941,0.767551165890667,0.573078469654674,0.739637683821227,101.926873012782,0.997123683415638,0.837686748800044,8495.12321811277,0.0649017407112301,0.786297093134457
21,9,108,94.031794181546,0.298955090005496,1.09526242957851,0.949987814205959,0.655697664970119,0.728380939359154,0.508629441832773,0.746701335010999,101.649477072393,0.999983127362096,0.827675770827076,7943.12743208628,0.104932048561294,0.767475533747766
21,9,109,82.496346441809,0.300671642053102,0.928284947150347,0.950086167919662,0.94719801065845,0.999556500997628,0.798089758350018,0.670607332752384,93.2924234224084,1,0.775550918649061,7533.94228579184,0.0484955520141483,0.777099801831061
21,9,110,73.8582531661511,0.253413479874677,0.808988953311921,0.950719769927766,0.83091385193444,0.331999255804697,0.417240362917332,0.290761163772102,87.6651353806011,1,0.801891998278941,6476.1563870887,0.12500428847705,0.777828447409962
21,9,111,73.0340775572689,0.26365966430007,0.8,0.950654031038229,0.999999999999998,0.629079129752609,0.563084108729588,0.902268667521117,85.1384888464628,1,0.76794358679509,6324.80747172902,0.0523580022918283,0.761373886269169
21,9,112,67.8549363821806,0.270280321512183,0.800385262327867,0.95003183245148,0.825373611149958,0.103235185010032,0.29755888948333,0.51406130466773,88.8177545687659,1,0.733772077790604,5522.48754902351,0.136359070607361,0.75766319740367
21,9,113,68.7046450773143,0.222975343548927,0.818840772944119,0.950029329450524,0.735733403990658,0.299968280733603,0.282508683576513,0.144007851238169,86.4817848943996,1,0.764887460585837,5973.86154358568,0.132892260906431,0.777307332901224
21,9,114,80.1077882933904,0.192536126415427,0.973702314748127,0.950028880592371,0.63059976367571,0.493462290571865,0.504170276293206,0.559716326272573,96.4333640228347,1,0.767091828924171,6711.60102706125,0.0865842148987763,0.786568111807984
21,9,115,71.8753050095635,0.198740530521919,0.821539198592316,0.95040489682892,0.640861930130327,0.652701691367887,0.408221738834805,0.386001549631991,80.5748560485223,1,0.819557736307708,5927.80986685121,0.0954088268739686,0.786632201826013
21,9,116,73.1978082151867,0.196614701239835,0.925676062351596,0.949999076686628,0.669773800814567,0.488586381968489,0.299999936005548,0.486550160628209,88.5841220606068,0.9999987215661,0.76648219127254,5843.07638486237,0.0975201237597633,0.765707851488869
21,9,117,84.9622927018476,0.187843439484221,1.15000087672779,0.948764379623486,0.786699494632209,0.430499644559847,0.41493782966595,0.35685087811555,100.547149782523,0.998289141017134,0.792470391513543,7299.68109357326,0.0892190727742256,0.780082074927839
21,9,118,97.8647462038506,0.199830144808984,1.17986212401417,0.949971172847051,0.759233541932031,0.483255271871632,0.643125994818193,0.556910176548519,110.965386914335,0.999960085480532,0.815264370837563,8146.31296628384,0.0765680186757814,0.778413013169989
21,9,119,92.0952140126662,0.225650517150373,1.07262683443712,0.949999953032206,0.990844684289693,0.750425479345356,0.992095464722794,0.79890155392251,105.984835417483,0.99999993496767,0.773789052000127,8078.90379420254,0.0270742920677518,0.781796408844243
21,9,120,85.1124608751092,0.233784111610244,1.03221234928308,0.949999928403584,0.793233077798047,0.544549267823212,0.434336827524694,0.709228963653723,96.4116480671757,0.999999900866501,0.804736203638132,7514.38342653052,0.0842031802761425,0.767111891034816
21,9,121,83.3328726053684,0.24948614042979,0.929640307144839,0.950000049391831,0.772899617604706,0.670947281142828,0.403282648087441,0.61437201450881,92.6467668435627,1,0.814767895240021,7228.38441086222,0.0934238500267884,0.782034307500499
21,9,122,75.1847061813341,0.245704231087646,1.00842292741171,0.950158863607668,0.67109751546519,0.588171139978277,0.316399879565465,0.732690421870396,84.3262866727548,1,0.808496649474381,6628.53614437303,0.101424859636831,0.776196209725411
21,9,123,62.297339555905,0.269459392635295,0.858475317266613,0.949999999997883,0.760152925840233,0.48333238986531,0.412079419734262,0.632493350277765,79.974770190289,0.999999999997068,0.717089858347359,5655.01846219807,0.109510297704617,0.763675252513639
21,9,124,57.5824906512166,0.296914444275893,0.8,0.964926732633148,0.980951304036658,0.356058678306971,0.0690723009895198,0.588190145261402,79.0878683291364,1,0.679880776245647,5525.6568059189,0.128182266393293,0.749460484312671
21,9,125,67.9865607682401,0.306590459183266,0.853332595404465,0.950729329123693,0.651577683471245,0.600402920295837,0.302795146151647,0.349969111721883,74.6856627408116,1,0.84206321599908,6163.17472082499,0.158146710263872,0.769334867211627
21,9,126,68.9497569108371,0.294789581072513,0.807470462955626,0.949621290135979,0.663147724319824,0.325516320531639,0.438746178008908,0.363720864752375,87.4930906053244,0.999475632495971,0.747026726260606,6177.8744123076,0.156422988831487,0.76256338705119
21,9,127,84.326198713952,0.298525181188628,0.838154755406526,0.950631668811745,0.956424865910326,0.829162193587573,0.698099939201762,0.765585885719697,88.9924863762362,1,0.839406672972861,7838.35613673624,0.0552228725387461,0.78341420807615
21,9,128,99.7803662157628,0.282825934880595,1.00120801500166,0.949999992443184,0.7867376926875,0.539766007520261,0.351362510618198,0.87760967811426,107.757007464509,0.999999989536716,0.836750304306399,8469.72777048875,0.0955411475239335,0.780999928351489
21,9,129,97.3550086274188,0.247602340761967,0.995850073974399,0.94999999886912,0.869313937182769,0.54416176429343,0.58668161319885,0.384186357105482,105.540366688063,0.999999998434166,0.856121843909683,7973.39642170962,0.095180343510118,0.783756705223063
21,9,130,96.831464364275,0.213824723100648,1.10243030156941,0.949981817344819,0.778094035892988,0.371807285685843,0.565060223473666,0.54274845961856,112.377023700176,0.999974824015903,0.805466563218223,8339.33426862828,0.0881048983605245,0.791252960496359
21,9,131,87.3402460118202,0.225737123233518,0.995113422980763,0.950000001583477,0.995407521380853,0.784910133167781,0.585857646053335,0.376124706249448,97.4271034024345,1,0.814187120102789,7647.88316562062,0.0675226774181834,0.774930957497393
21,9,132,76.3737511242273,0.225408442380995,0.877647579586754,0.950058689121602,0.625528745482141,0.300000000000068,0.620273440847969,0.553850057076098,95.6416605070236,1,0.751050919311855,6379.8196824783,0.10471298172823,0.772850084136197
21,9,133,77.737328463807,0.206310981425918,0.911710369151452,0.950119513258725,0.580387461598315,0.407599978155827,0.370450477292246,0.39020707695193,92.1021247237199,1,0.793136546906585,6500.43235157094,0.113853649209195,0.764530103295945
21,9,134,76.6933544994108,0.208256032272349,0.951751604256767,0.950008019915762,0.731690854234725,0.300012439751112,0.331223011315788,0.412096477199974,93.3891870715511,1,0.778611944320127,6370.10615837314,0.108425845917998,0.783091792173689
21,9,135,72.4312928258315,0.211370115165611,0.886750018209069,0.950000940053338,0.512474640599236,0.411076228842426,0.309878642983316,0.783430083051925,83.2884464329611,1,0.799221771452535,5901.74321419657,0.103319171854111,0.770140952826444
21,9,136,67.6787688474203,0.226301392918137,0.805914227770879,0.950063446947782,0.453514841018542,0.3260908729631,0.461702733340741,0.300091142670021,82.0970678834717,1,0.784659775811558,5470.43880061293,0.139222906227618,0.771850977159922
21,9,137,62.6139918679987,0.245323338475982,0.823577382087572,0.949896472661741,0.653010516062469,0.330695705310153,0.507123915202316,0.448853560552393,76.2539569931343,0.999856654454718,0.774534134260645,5174.54325958987,0.122240429254434,0.762503247764446
21,9,138,70.7714649078297,0.279901498651529,0.865521467008561,0.950504496939571,0.851595294584555,0.745292417898219,0.499467916329772,0.68243204352414,82.0024070430779,1,0.773698365402268,6493.65159050434,0.0832111936959766,0.773182843545691
21,9,139,79.3798306563063,0.288875915469648,0.93381204074254,0.94999969411335,0.810550259714315,0.824636304651941,0.580722649498138,0.738339648254314,84.1920418921968,0.999999576464638,0.836769756742562,7100.18578935441,0.077171303567203,0.769486448794435
21,9,140,89.667960199402,0.311398267714805,1.06755342566873,0.950000664796138,0.843443601186158,0.577329949989022,0.657188315965572,0.481814537651927,97.2593444686849,1,0.848436841097434,8077.81131489679,0.108673028935493,0.771431842619071
21,9,141,84.8015181813473,0.316164953841036,0.999999999997579,0.949661690073415,0.977635289171625,0.558967697764483,0.658422984262397,0.484007344555429,93.6348903828964,0.999531570870883,0.834368370871434,7441.90287290257,0.0962807744468432,0.77361496712494
21,9,142,85.3814503790653,0.328622473291129,0.941761013867792,0.950088859537099,0.776759705459165,0.651781240093517,0.670578136848055,0.831792033665668,87.1219746767064,1,0.878875973711458,7499.2201240211,0.0883172384602883,0.770937206289137
21,9,143,76.2088278661285,0.289329961396059,0.909827354559243,0.949829507139577,0.954395668874072,0.714962165341988,0.443824206632546,0.521744577605,87.6427792723894,0.999763932962491,0.788296317365391,6541.44943742931,0.0920264113206558,0.774162988485629
21,9,144,66.2132560503383,0.264954652328054,0.844957117415613,0.949999291045427,0.816973248111906,0.308725382369143,0.330234725270498,0.310587612977432,79.8516054618295,0.999999018370592,0.790087512513117,6011.42131601031,0.136397315947189,0.764561933982964
21,9,145,61.7257648163887,0.228707892916477,0.800372035027263,0.950221965600547,0.871497871359077,0.391321290623093,0.15148826177045,0.304291600498148,77.9493495906605,1,0.748891565181946,5607.4375653906,0.118508965137106,0.775842332937251
21,9,146,61.7914353415967,0.217436847201987,0.80074608746388,0.950051658591515,0.566043855544695,0.249865685588461,0.298900826381492,0.474945975535647,87.9087849758331,1,0.667218899122873,5513.62572532728,0.125763769454769,0.755964871765782
21,9,147,65.3931281962106,0.199101788927556,0.822697513814645,0.952930782067913,0.572605757136991,0.391448956795192,0.375037834444783,0.31324935014375,78.0157389093769,1,0.792298635412766,5744.37261420679,0.114644257206775,0.767703795087771
21,9,148,68.8015853734802,0.206520034998942,0.802618666841039,0.94999684029205,0.622014458768153,0.537013116307035,0.372509553125601,0.344092640908379,86.9611387830573,0.999995625019762,0.73642208503394,5998.69484016256,0.108445220856777,0.768714120051821
21,9,149,80.3006608857318,0.200739090116296,0.901484096867408,0.950000002677719,0.934472783464247,0.716176130689234,0.301960393035711,0.714640703949531,90.4607456927196,1,0.796490170448907,7043.89666806554,0.0612195142661105,0.783799173205568
21,9,150,88.8504150765521,0.247633113355729,1.02829518900151,0.951507935861493,0.852412063325985,0.996204558256566,0.890339585854298,0.832182729472104,99.4732358590724,1,0.777006788569272,8038.71831524484,0.0337339094726959,0.772721192050011
21,9,151,84.7319210312091,0.265776405278444,0.998330940993134,0.949536019424088,0.857516608597558,0.589441017979377,0.434492977577349,0.775381111658082,101.062574272161,0.99935756535643,0.757934769864019,7035.91365625923,0.0831949065206065,0.763518818538317
21,9,152,93.6196339078513,0.274576616746384,1.11526760003023,0.949986175666237,0.812710924340346,0.620844968844384,0.730253197431193,0.573174961763386,107.911666819115,0.99998085861479,0.791209499252478,7490.8869063067,0.08634190823958,0.780767565066497
21,9,153,96.3170241393679,0.282792766991355,1.00980666408598,0.947677829415231,0.960219670982371,0.701317776241157,0.660429411075714,0.703419217872872,103.888757286605,0.996784686882628,0.830805773082923,7824.35627516362,0.0649702889411049,0.772940668596075
21,9,154,97.6216700603966,0.268927009770404,1.07079155804017,0.948891911365984,0.947223114500093,0.627553320145744,0.783388048889858,0.647758797538906,108.985625950339,0.998465723429824,0.811854158720069,8274.33794832311,0.0637074648229245,0.77693158091042
21,9,155,102.413173862681,0.305281414837409,1.29437122345393,0.950000038605616,0.919757995109467,0.392193263945505,0.431958865682446,0.858188450890905,117.466558797455,1,0.799340894421363,8339.94317182628,0.0971936122385422,0.784278738058276
21,9,156,95.994219141921,0.270159223451418,0.967844771567416,0.950000082286653,0.980503817872113,0.854678442846788,0.500342235461736,0.325658503870688,93.4476438186322,1,0.929633051910026,7950.4535309468,0.0868557772587002,0.780105718877886
21,9,157,90.0498154159919,0.304964544390346,1.12513034410149,0.949999771436862,0.885420895092475,0.317467089608709,0.800907231384071,0.808353269023989,97.7471141600982,0.999999683527963,0.85281594631176,7413.09601727749,0.0825505009137538,0.775568382930412
21,9,158,86.0802621584607,0.267644245787056,0.996525839304909,0.949617447910085,0.939303266799655,0.642332280573514,0.60832716432436,0.574995686415266,95.6340807989829,0.999470312490887,0.818782657396858,7085.98775013313,0.0776729540412766,0.779807238482234
21,9,159,88.1248773241016,0.240460437115982,1.01234458063375,0.949982376735122,0.822782865547578,0.550848889462316,0.448963573452225,0.769624394505538,97.6493300716894,0.999975598556323,0.819460202946124,7623.0157061101,0.079514106832724,0.778551500554025
21,9,160,78.0674336713587,0.200559109170324,0.888829362817006,0.950203419864904,0.660831666633885,0.343232335658264,0.392792213755295,0.532997084415278,87.4928542540737,1,0.836790350298556,6569.05214542407,0.0993007022680625,0.782099884860847
21,9,161,78.7628887407285,0.152927258717742,1.00765498320638,0.950001058892489,0.535982186320936,0.536198510448845,0.444834115608077,0.301751939503496,86.5793264170701,1,0.848836576401598,6485.32246937422,0.0843371955445422,0.791526766754639
21,9,162,82.1396034736168,0.178080974796312,0.983226536705721,0.950010972495061,0.83746719261201,0.686781913281023,0.514961613437841,0.409259255388614,97.7740386210893,1,0.768450713714213,7533.8240004466,0.0673072362163511,0.786336389053025
21,9,163,87.9586204425881,0.188832319253898,1.01613888474698,0.949945290294069,0.905997486085043,0.639313743088406,0.401546228888113,0.434464230793065,94.9297126844429,0.999924248099481,0.84999652942439,7554.00690846235,0.0715483963144361,0.789660413276445
21,9,164,85.2977678890705,0.157001615895058,1.01824241159638,0.949997750239375,0.473705083967419,0.561373714339797,0.463854620117354,0.532136403015835,97.6000349473566,0.999996884946827,0.803214015916393,6905.69614568552,0.0796549154045474,0.76808718552012
21,9,165,92.0640774783772,0.155839089464247,1.04586803899349,0.949997996386629,0.620976221189632,0.863693631727697,0.344570644361156,0.726908680916473,102.645443121491,0.999997225766102,0.793737826098909,7953.49253467139,0.0586815472729449,0.784714168555753
21,9,166,92.0984535716833,0.188355719921401,1.01770227865735,0.950000000000138,0.619503779346506,0.417928402171585,0.347129726955221,0.372320755679402,107.632922977906,1,0.804102968309522,8065.03038363603,0.102736824966141,0.78835719118593
21,9,167,94.5116164518689,0.223018929869166,1.10647382104103,0.950056056374399,0.984962665576987,0.536922006448648,0.646767962457103,0.919167918301839,111.819647275744,1,0.762249762234916,8531.51318734327,0.0444859280119907,0.779614385098271
21,9,168,96.5230597872794,0.235237175517913,1.02273185579579,0.950000014450892,0.9992185407031,0.803678159489282,0.934889094526403,0.459058343059562,102.82376525855,1,0.84729097236303,8126.21446024376,0.0479575765278093,0.777919278135284
21,9,169,91.3799742398725,0.250116852903142,1.04572109075467,0.950033673817242,0.86984537258514,0.684108603373853,0.591926652601083,0.464237024424348,107.497315357181,1,0.775421488108437,7874.62842377166,0.0845319888642486,0.785709844680573
21,9,170,82.606199189004,0.2287320338498,0.965532873415982,0.950481236058357,0.822210430560565,0.40842844591275,0.422191106315034,0.498017663779044,96.4453946489099,1,0.799933062167449,6965.61218600751,0.0983013866303705,0.77330945469994
21,9,171,81.6204802495485,0.228140431682328,0.961658826279781,0.949592741468294,0.757042977922541,0.687691637901913,0.374688435014626,0.586755518935467,87.6577107784239,0.999436103571484,0.842956210992639,7183.1504662326,0.088888963865512,0.791177078834288
21,9,172,84.2384369631696,0.220887498614949,0.915348631369703,0.950060352470504,0.86470556319358,0.551815870711184,0.478860529817233,0.476063820568743,95.0913268909312,1,0.817414088666307,6959.02297196777,0.0846525130247435,0.765128811603245
21,9,173,79.1847502743876,0.244690851574545,0.903633466679703,0.94998176097312,0.846930224277115,0.749580627684313,0.673609020719615,0.698142049171527,91.2999474885383,0.999974745962782,0.776544834152723,6828.33756208214,0.0634709942489248,0.789065441862326
21,9,174,90.8242404950071,0.261881176706348,0.989775606827907,0.950783551071754,0.642800193113052,0.696253340832862,0.413165140287507,0.644242566837836,95.9597179267179,1,0.854010794191604,7243.58208916531,0.106323930923112,0.774336446587181
21,9,175,95.7699361756105,0.261018424335062,1.19377453076135,0.9499999566337,0.855674727505505,0.737232653093961,0.599418650834728,0.635899542586093,109.323607292989,0.999999939954354,0.787876920840934,8084.31463501092,0.0765165119151107,0.77415950404827
21,9,176,103.145495520571,0.220796879899604,1.25534496239578,0.950001848627695,0.699373763771612,0.711215230554295,0.416414991664202,0.534202190604166,111.822574514071,1,0.836135952977232,8433.33315334509,0.0932413541333209,0.785748356797503
21,9,177,103.945197114578,0.204703934555454,1.21544753742428,0.95000200768774,0.783569137516417,0.516964654796952,0.514422515048815,0.515975166298448,115.126186584495,1,0.833950419813778,8034.58291670705,0.0836853880502422,0.798375243371004
21,9,178,99.2484702081762,0.204149165043504,1.13188118038415,0.950001023915609,0.829522203250257,0.596481628246576,0.723866722152865,0.630700510350722,105.421301715976,1,0.857817295998973,8684.5866389186,0.0612145484531292,0.774864468042702
21,9,179,90.5440765518874,0.204260850059373,1.04095835914486,0.949997274647435,0.764529006713502,0.652396261949517,0.484874308584365,0.517595567766617,101.205179335745,0.99999622643491,0.816071272594677,7569.89845999746,0.0793777613162834,0.786008790487191
21,9,180,83.1187806443741,0.204375772788866,0.899846651997343,0.950306711118073,0.664954370099755,0.416427015729888,0.585713619910246,0.594500729307278,97.6373042560313,1,0.790208297204297,7199.95069508579,0.087174687647055,0.771983823910159
21,9,181,84.5905415550831,0.19432104905863,0.904367710690239,0.950000372433291,0.695972250804306,0.38651256278497,0.342595540456456,0.323451695700229,97.1401432058361,1,0.823025788990122,6959.52704903967,0.104438900823058,0.78806283650133
21,9,182,72.8641106765831,0.230058004372512,0.876036067155882,0.949986927652599,0.82249769361379,0.586622427152784,0.294483646027849,0.672341000322197,86.3735702632779,0.999981899826675,0.767584463450295,6545.33314480427,0.0873189276076336,0.759374666754198
21,9,183,73.2819893471469,0.236611131750146,0.848820914797618,0.949999894362382,0.774453126564075,0.362264084673269,0.252868256660088,0.318994702641179,90.3096376864173,0.999999853732528,0.768882455012013,6361.74125529774,0.126211108988809,0.772719367517771
21,9,184,73.1389513275899,0.248555517792485,0.8622842682014,0.950006997936331,0.697660385410668,0.5094499601252,0.472671583927987,0.514760551999049,87.6488227667563,1,0.771335586598509,6253.36621840452,0.109586491677606,0.775323457629804
21,9,185,81.0693851352507,0.28187290841768,0.961400560272163,0.951287813046837,0.831310472629469,0.407626428580265,0.362688668129386,0.677220955073767,99.5035309689986,1,0.753413968872822,7377.3783658942,0.111008768702236,0.773385951032511
21,9,186,81.4767206449504,0.281644834815336,0.915834930729549,0.949427929444455,0.88623967600438,0.734921220383981,0.516474156040369,0.816294205526903,93.8460409151359,0.999207902307706,0.772856368228488,7260.74088985945,0.0704568101399875,0.781278439089004
21,9,187,91.98547601325,0.28528565678151,0.979247743678189,0.952109177999049,0.690026578751326,0.79662687651168,0.736827174633846,0.666091283637947,105.265003668076,1,0.780479383185166,8071.76503240301,0.0859307796571626,0.778020416638917
21,9,188,83.5182125247375,0.261530129371554,0.910728407772362,0.952443010432137,0.71596634007767,0.726910379868576,0.518871680044945,0.716619048534771,96.2592036126351,1,0.777671340538426,6985.33330798068,0.0877796625662146,0.770169443447463
21,9,189,84.016100592468,0.259463671662108,1.03113186106454,0.949983507091946,0.797909584615964,0.450519042467563,0.609825942561146,0.562237765353981,98.0130583569501,0.999977163665771,0.794572064191779,7233.05063255074,0.0978472761474877,0.775307272357347
21,9,190,91.1500886977623,0.265894531003958,1.11010340430966,0.949794228267524,0.776398850576821,0.580556321932105,0.703624697272349,0.641600143099735,99.107409319538,0.999715085293495,0.838490464821188,7725.27737615741,0.085786958886136,0.786979455634712
21,9,191,84.5245802141823,0.265141053222719,1.00311507211987,0.95001506782349,0.833742640145021,0.748514800124318,0.372869441999648,0.601143292189569,93.0160198272617,1,0.817979566091157,7244.93391299491,0.0924275614561642,0.78323594564503
21,9,192,80.254643970807,0.247126746056785,1.03168476049395,0.950000000777148,0.908668886252791,0.506672782061287,0.512184224910925,0.782091000694171,97.9565385090403,1,0.746441053830333,7142.51655022963,0.0723599947932677,0.773202672020497
21,9,193,73.0616017385078,0.206747871093926,0.85025041684692,0.949998698548994,0.640857004187198,0.429365520567903,0.406200555107194,0.320732536229769,79.6635873145004,0.999998197990915,0.863436137780159,5982.8227826255,0.111021748063089,0.78847740127361
21,9,194,67.7439479534083,0.196423702262593,0.832154343442359,0.950246062172398,0.762153200656139,0.48471165681881,0.299999604405232,0.332050491005644,79.8679165379456,1,0.793901509190972,5327.26151860628,0.0987983208256642,0.763004577786369
21,9,195,67.2513812747769,0.19811878108658,0.81765291815877,0.949967159111237,0.550675618434358,0.496396789958301,0.394488938821374,0.329697264078371,80.8368240503104,0.999954528000175,0.777899156418356,5225.61573758273,0.110270933865058,0.772222115534809
21,9,196,76.5933856746448,0.193529273161258,0.89753195355974,0.94999825973646,0.642939630120542,0.504865295740327,0.459479609282137,0.341083192926936,88.2293699188879,0.999997590404329,0.810601178648737,6293.51454788121,0.0981055343666887,0.774431059967036
21,9,197,76.3043426435933,0.199943765524197,0.894541969441354,0.949999986738892,0.856249886327916,0.501390576846895,0.35097464734329,0.677411219801282,86.1918649603981,0.999999981638466,0.811604259689109,6243.83982773865,0.0740820646179909,0.789518314028845
21,9,198,84.4240483112101,0.208813969286223,1.0372159857463,0.950013255046434,0.391399495259897,0.434025181751849,0.362690732334263,0.31038958604359,99.7948023994714,1,0.796568531620527,6583.66396099995,0.132544688087532,0.777344645349632
21,9,199,96.0548804285044,0.222526446968628,1.12306803612987,0.950384465215593,0.717028886945302,0.585933586485853,0.632473018340537,0.498002529378355,104.499292464192,1,0.844477769467424,7969.96985544184,0.087358677738787,0.783508445542963
21,9,200,94.3401773388104,0.289584239415909,1.0671443638867,0.94999824516202,0.677865871086495,0.786638567405684,0.839633400511681,0.802760264321891,108.924620640952,0.999997570224335,0.768619466404419,8207.36018363459,0.0731302302672572,0.77724991227904
21,9,201,95.2149415878688,0.312280763305504,1.00224520086152,0.949632696323924,0.995032498074012,0.784517975044791,0.635562084162409,0.818032855489663,107.867585526375,0.99949142567928,0.782462734110101,8376.23660866369,0.0558685148435111,0.775291492998639
21,9,202,88.5643781290998,0.292228000507906,0.966649739443682,0.94999986326369,0.845833694707619,0.531035370972408,0.51660109996107,0.652666908830046,98.0268666668687,0.999999810672802,0.827154110980364,7854.54248999316,0.0999083386494731,0.776368148308679
21,9,203,93.2362006133724,0.32123525947333,1.11740789579857,0.957902507756238,0.960861869698978,0.764576942574273,0.560312815646192,0.996298231888547,102.858498704164,1,0.797766873575233,8130.72925064272,0.0529837004037743,0.780505465628332
21,9,204,90.1893853646469,0.314467347644408,0.991161496504086,0.95033814079982,0.993454431780827,0.830584216028683,0.906514873601113,0.999999998144333,105.52569689377,1,0.747702393095054,8178.25529824249,0.0224790114664154,0.771769522896746
21,9,205,91.9031995925757,0.289122330315089,1.04763560790638,0.94989694110866,0.778379423978786,0.630293762554682,0.630125474854796,0.642885815164367,105.731564279385,0.999857303073529,0.788931096035845,7879.08556958064,0.0946493341473558,0.782220961542937
21,9,206,88.8343021178573,0.266640479583463,1.02982824556364,0.950590476822224,0.999993681858652,0.687534839143824,0.481564304380599,0.887748769979841,100.926287583387,1,0.784470132756067,8317.65710235512,0.0554601230430705,0.780024390817291
21,9,207,82.5984415260519,0.257286954943927,0.92572111273374,0.94988644500685,0.778563222657302,0.59656420173163,0.637693107857825,0.904067386535287,92.7628003563187,0.999842770009485,0.799251257432311,7185.54711349576,0.0685839152089234,0.779734965756986
21,9,208,75.9831404032013,0.221434733533964,0.915590274849031,0.950149471693565,0.819793534366167,0.439857117417571,0.318380622746844,0.538433164620196,86.7493577386424,1,0.813806171819964,6624.67383585524,0.0964599739402772,0.782431058548484
21,9,209,65.7825189221924,0.21382905004368,0.839794035482436,0.950481633216938,0.708361897693083,0.423786240420663,0.312110697598654,0.716628449239192,77.2321867055337,1,0.784750898022776,5727.03126763347,0.0928472593719792,0.782028409633387
21,9,210,72.3415253812503,0.22703821397393,0.901870905941815,0.950003340843178,0.759260494753937,0.364952222975914,0.300026431084423,0.571996245777091,81.1495141379524,1,0.832505848290406,6216.09164377547,0.105700609957287,0.77323052986501
21,9,211,81.4669427819444,0.23514429446018,1.07897350591083,0.946281026967711,0.936585221718427,0.902080670683748,0.594003592913504,0.455894283857581,91.8583855928549,0.994850652724523,0.789494266822331,6745.97686862324,0.0651458713554374,0.769248387000367
21,9,212,94.0253224843916,0.244900971603515,1.12135755946089,0.947674594490988,0.810336368054441,1,0.928830256785948,0.911214067856145,94.7426960587402,0.996780207756753,0.856721264160702,7927.46168385828,0.0300769502555992,0.767368690787228
21,9,213,97.8135778062614,0.257143337715276,1.1207560436505,0.951051927210765,0.874732486103779,0.815034293129521,0.770432376559389,0.639839225506981,104.595035701605,1,0.835047612368515,7972.04045901042,0.0599378428373519,0.782989931706803
21,9,214,95.576095173379,0.242146987575719,1.15845672141205,0.951544496844473,0.641945039077941,0.763831659268368,0.435880857362607,0.8599275835474,95.5380272803109,1,0.88689471774424,8441.36744793796,0.0814932533823584,0.78521479370564
21,9,215,91.7057245854942,0.263686168462792,1.12147933435455,0.95003428668306,0.692966098280662,0.531725228501526,0.586480121254708,0.457007302863409,104.462510946867,1,0.812407364715173,7646.38531867163,0.113438705851525,0.774175100061612
21,9,216,84.6731899100459,0.268263573121719,1.08455381725847,0.95000381096976,0.854587591155889,0.400504542437918,0.300597386783024,0.715115713297497,96.1893521792314,1,0.812844645932802,6945.80879517798,0.104597340609463,0.781571015467159
21,9,217,87.4890791513852,0.289764537905879,1.11385403014247,0.950050204773857,0.573819844179748,0.737934006163221,0.634703777385162,0.870816086796928,100.184443328771,1,0.775530398465133,7266.0657337161,0.0932143994750698,0.772200781654081
21,9,218,79.7028351782663,0.283050402013602,0.895470316407861,0.950000001010748,0.765572012949401,0.488649086258769,0.55003351480669,0.36978757219646,95.0602498684269,1,0.782824115970751,6764.00704230547,0.12500619950561,0.779637439907031
21,9,219,81.8099686116662,0.303667030204166,0.8706771018739,0.950626336065614,0.877935492628409,0.780690305681583,0.880081369109216,0.396330516411894,97.0264460349616,1,0.765233677414604,7357.64470110304,0.0841459578311159,0.784206169608044
21,9,220,83.1006323786282,0.321137417590463,0.825468871685909,0.952801468263422,0.558821605092424,0.547473847449283,0.755492758712046,0.290468624581723,96.3843378994611,1,0.804140582834383,7180.30248977259,0.154836867619069,0.766453865721658
21,9,221,81.8517713252784,0.325724451991546,0.801815213081638,0.950597798381447,0.944479219114289,0.701695852038199,0.632623669576385,0.870406850680619,87.4265188997777,1,0.834141178139262,7368.89681256304,0.0648193527029374,0.769436902245059
21,9,222,88.8123190605578,0.320735309040461,0.951852660076346,0.949999999985744,0.989937074636529,0.775208926136584,0.33588672957926,0.788227506425876,94.2830441946563,0.999999999980262,0.837449622525684,7618.03752791721,0.080103705864082,0.77635648286355
21,9,223,86.4615654585798,0.312058120246937,0.887952686791072,0.950026928750559,0.857814337804655,0.397691884186576,0.550099538093121,0.611250543185878,97.1585557621814,1,0.826704903270624,7697.68622340159,0.114009778660424,0.785690570699291
21,9,224,95.040462073157,0.307467411450926,0.940790750988794,0.949964170533462,0.976014375081914,0.711359617167084,0.63957672625348,0.419474846960044,104.314891237675,0.999950389969409,0.831016229830689,8355.42189851992,0.091491903296888,0.774682694169576
21,9,225,100.608771279352,0.272224458340777,0.993342979170788,0.950229180721945,0.835552731411956,0.665027930561051,0.506759614487112,0.505729359115904,110.650242835736,1,0.828967679605307,8645.1515070498,0.0980191131396948,0.781055253796535
21,9,226,102.509663578104,0.254354493937661,1.04934988448581,0.949998866202072,0.921222393637912,0.559539047396938,0.786228467208586,0.833417449532216,111.023890373102,0.999998430125946,0.834850433362449,8969.53030754834,0.0537336784235149,0.776865842117369
21,9,227,102.228659047879,0.244942489694168,1.20102782037211,0.950857820217595,0.85680884648031,0.29999963289799,0.701577374147329,0.88528681515701,117.015505443815,1,0.806591813556869,9145.96701987461,0.0709568838314345,0.788863319578359
21,9,228,103.466444759402,0.225945819821788,1.08305354186508,0.949999985260108,0.755952284310957,0.57870084742368,0.584667377574555,0.433572257228138,108.281935836902,0.999999979590918,0.8815775711121,8990.30883561672,0.0917168328029472,0.784214904805707
21,9,229,95.0805887738688,0.228232616969378,1.08271022942694,0.950002363116055,0.585395819422108,0.855160577335556,0.582511285642645,0.790052046562683,103.457053576253,1,0.811209124834306,8631.98072891361,0.0746702469004856,0.78590200686517
21,9,230,89.6449785257376,0.2236532739796,1.06512410431009,0.947935804666329,0.958854233583538,0.61284311529288,0.749665757723502,0.998528093339289,103.443625662887,0.997141883384147,0.770721818057824,8039.50975721217,0.034559816985208,0.781169491636941
21,9,231,80.3310421693718,0.2398633992742,1.02105943184068,0.950005457605596,0.788361568863379,0.64082845215254,0.66706462028053,0.661674027349238,93.9172252645621,1,0.774915476014611,6899.04094985042,0.0743319640731955,0.775140111272812
21,9,232,78.4462169816781,0.260056108145615,0.921540594533658,0.949999632033825,0.974284835179153,0.812131395934183,0.600732567817633,0.683957251947128,90.1792539259031,0.999999490508373,0.775131362428678,6722.43909003342,0.0576494538661793,0.775810385724199
21,9,233,75.3755599813094,0.287468312222609,0.848109199897852,0.951199670458262,0.995452453014462,0.817216934256311,0.73661502412795,0.681999854688826,84.0030984283569,1,0.799271049319706,6568.5563107145,0.0536616019790234,0.782126039895533
21,9,234,79.7217789942551,0.297363346543645,0.967294472328343,0.950864214659997,0.964304468167596,0.821226305615946,0.517306264610817,0.999570741847451,88.1745745738167,1,0.79164535017796,6898.53895590967,0.0479702871505632,0.768355727440838
21,9,235,87.4130553391796,0.315370531807886,0.995882935702952,0.950000000028,0.795309210586101,0.919623428279534,0.381923703343111,0.687211866307059,97.070717210625,1,0.794663729764786,7035.20862372885,0.09710947820763,0.782059989066977
21,9,236,93.3608319073014,0.327514384792731,0.916439301670126,0.949999999984971,0.9504276628637,0.338045271194496,0.999996786690903,0.999576585525004,100.645490903483,0.999999999979191,0.848087692945564,8346.29511774016,0.0512915907224116,0.781805184922589
21,9,237,94.4090758544718,0.3471550876437,0.97765130691409,0.953700114840031,0.690680122377595,0.781121349909348,0.824685692795886,0.798437702539845,102.568020991944,1,0.817440750790064,8081.07928933841,0.0878696566305937,0.772264793512489
21,9,238,94.0273963362266,0.351250846962612,1.021691259076,0.945586374701901,0.925823483376589,0.822449000716742,0.537499513845364,0.653831076243231,101.361650815193,0.993888826510325,0.822108309869658,7835.64052484596,0.0902585728501275,0.775037137716899
21,9,239,97.4685163941061,0.319631636394795,1.11392935740652,0.945863714658335,0.973264593895706,0.745224015623577,0.74043334063337,0.766203447150911,104.794316676297,0.994272835680771,0.825320112279747,8317.49328648902,0.059317091862965,0.767276030412782
21,9,240,87.4606069245229,0.283145488960241,0.905556187716569,0.947324745796631,0.885135058462746,0.680862479340947,0.639062789029876,0.856616611309108,94.2805358379357,0.996295801872259,0.825583770834887,7675.6977543382,0.0639004927133821,0.77188076069521
21,9,241,77.167764575138,0.280477534858835,0.901311527553316,0.951836286560562,0.82421779455633,0.503691458163748,0.503267938686239,0.622173024419795,87.2200214340349,1,0.813412403912846,6979.72408792074,0.102279629405242,0.777347885765298
21,9,242,79.3632485398524,0.264706329191748,1.03149530849903,0.950000029224587,0.723054586934509,0.580010294280254,0.425975345140112,0.715722006404347,92.0983157098009,1,0.782712701546475,7179.26294942977,0.100165793754776,0.780783821079908
21,9,243,83.3354632854266,0.25380135164679,1.01878816532518,0.951355937094633,0.799407223444945,0.685648399498191,0.602770066815932,0.518423885089892,100.048288426707,1,0.757456515510331,7875.64484390657,0.0879753592805544,0.775954115711461
21,9,244,88.8421112862522,0.266163586672297,0.994335684497774,0.950552567470463,0.914210212295585,0.378209241055862,0.443622039241513,0.79880163134662,96.806054113179,1,0.845253359622478,7842.51400818757,0.0861102940071638,0.770025214008493
21,9,245,88.3052894325298,0.27700764994468,1.00956598603208,0.95207683815872,0.968032261642073,0.620412220007279,0.345880750392006,0.884354867891973,94.2010389621353,1,0.840651961443093,7781.83711388726,0.0718141340164197,0.781907357765859
21,9,246,92.4440649717262,0.269003158577342,1.01803197680976,0.949927532375372,0.99901982554897,0.622060388761185,0.938175651945963,0.789742858242145,103.293052958581,0.999899660212054,0.806494793779551,8615.35884927433,0.0412385463234293,0.781147949881774
21,9,247,94.6028461423389,0.296592987260169,1.09470789469395,0.953895127474304,0.897643992665605,0.722267100596574,0.51999767809606,0.842103064739995,98.7087052258224,1,0.853619964866675,8601.20814239508,0.0715652845270369,0.788102286975881
21,9,248,95.2434276381127,0.319386222350568,1.13540618621711,0.948034275215245,0.925408868548271,0.825511113597151,0.348641058608652,0.672941698353041,103.156894152095,0.997278227221109,0.819976365361713,8188.67062426437,0.0924786828689076,0.777274872298595
21,9,249,103.915348582309,0.309856640448824,1.15018578754278,0.94999639744711,0.839447413657637,0.709964759086183,0.527583848553822,0.819514531416166,111.780050961967,0.999995011849845,0.829908705200777,9032.99249513942,0.0830475709718584,0.776760691324421
21,9,250,107.950361199382,0.316143570828516,1.24089696447952,0.949585372921305,0.994656523009884,0.653310139499718,0.919997221896504,0.584908670543039,117.329480763333,0.999425900967961,0.835616279410467,9260.40437615878,0.0667808178443976,0.780593178468967
21,9,251,98.7408068217539,0.348684775489019,1.16062888100087,0.957023522092852,0.79621075616401,0.849944337641765,0.507147566056737,0.630672901389578,111.09695841324,1,0.791550513893169,8260.07408797579,0.108092484551946,0.767919590380483
21,9,252,106.076348390608,0.366753524889203,1.04337923054464,0.960000525773854,0.749451408003598,0.435531357188631,0.611763627705479,0.848206567210227,113.738807795852,1,0.852149390291546,9210.56794635104,0.119155284580334,0.774119597820819
21,9,253,96.3038872867694,0.36668840839782,1.17266961614843,0.950173218760005,0.842287310809606,0.523773938144521,0.595246584098636,0.568199145426718,113.874507543232,1,0.778394627416375,8044.62184890747,0.128842056815692,0.763919504451612
21,9,254,86.7736175229247,0.338216388882216,0.903434135553104,0.950000000000713,0.911380651061988,0.432655752813473,0.735138924624047,0.564526178840498,100.164808249262,1,0.804269382672691,7382.62366960835,0.106531197603386,0.779522276361008
21,9,255,74.6334945264775,0.282874073879646,0.914800300202755,0.950034275800093,0.564170142437915,0.620422323823313,0.312267769222024,0.679597323649229,91.6362604981734,1,0.738520481989945,5959.95918117817,0.129701029249551,0.758248307625666
21,9,256,70.350117606883,0.230495583287947,0.800080461317005,0.949983511165637,0.77978088001764,0.646327871838919,0.451800557657122,0.36422856072412,84.9309752433261,0.999977169306266,0.762367662859285,5989.30948498548,0.0989564613975712,0.763023879601548
21,9,257,79.9248604564799,0.242705226900444,0.85164768139665,0.950471688175918,0.831494509007516,0.429057975379517,0.398500187037859,0.398068532959533,91.2408991527624,1,0.821132858181218,6665.20843952825,0.109831230229471,0.769208080574182
21,9,258,94.8045032673811,0.195060306462437,1.02452048327974,0.951791513612208,0.621450972882187,0.544042246894774,0.353390150184891,0.45634341295096,102.124518013545,1,0.858139830998475,7735.8161524349,0.0974912722066523,0.796410004049601
21,9,259,102.198643980485,0.177733202291597,1.13750343932215,0.94976452160516,0.870283850390001,0.76837193662487,0.345958080440141,0.649871920160849,117.56968300322,0.99967395299176,0.778771985200091,8729.2521923206,0.0578404460862601,0.780656429316923
21,9,260,105.824211805611,0.15024429856958,1.15789509181276,0.949906221859371,0.827155620025602,0.73547734033929,0.359019093680869,0.733123285220756,116.699717791659,0.999870153343745,0.811330227531728,9200.45398727174,0.0487300375871317,0.780938235393891
21,9,261,100.298027356569,0.148381125197464,1.2484949150698,0.950022242292516,0.644148643658164,0.436490733242832,0.60947140278334,0.40846047031797,113.555173715893,1,0.826895247561635,8883.05258518553,0.0724938488301816,0.789107743294359
21,9,262,87.1104497621982,0.185411257795147,1.02282636707103,0.950029652695686,0.77407207015695,0.510772958131858,0.346176521689894,0.359785188297848,101.478514451734,1,0.8002621654054,7741.64523705737,0.088618060015562,0.786650168170714
21,9,263,90.1164636250976,0.210163024125223,1.08617453677833,0.95000000000163,0.788481243985151,0.370541641217932,0.521408799307274,0.497830478719956,103.750542536029,1,0.814104738700605,7652.93994708437,0.0900747560997048,0.776725051262244
21,9,264,90.3038640266797,0.246505930598147,0.897916527367614,0.95000985226123,0.789170497064271,0.780573895010235,0.878494308806794,0.913705033275626,101.814364990458,1,0.782912965609267,8513.31314083752,0.0441644720816514,0.779588550636616
21,9,265,95.4008901886688,0.273156349394696,1.30721774297349,0.950029422308997,0.933058139319118,0.96432397425644,0.944985000568192,0.636925733070311,107.078668848297,1,0.785214541938813,8297.81813052019,0.0453472021033885,0.773647627532921
21,9,266,92.5531144735356,0.304845057320878,1.04122304363212,0.950442036362313,0.948517612836526,0.76114245173812,0.747232200972185,0.54768919624068,99.0165689573062,1,0.84287112216673,8366.25040286699,0.0745786528893422,0.766526909262546
21,9,267,88.0287555552013,0.291229991903241,0.955445822037721,0.95000000506193,0.822165250876312,0.573486326067154,0.625572138271929,0.74142114704274,95.418308312827,1,0.837291570736835,7995.90926957445,0.0869452314559081,0.779338009461565
21,9,268,88.2918592621021,0.330287845545376,0.9225436909521,0.965211943104895,0.88804822028158,0.814714970392355,0.999946804145187,0.723109504607966,94.6811842155322,1,0.829009015990479,7802.63302675238,0.053429902221744,0.771648923557305
21,9,269,84.3405782392554,0.303194795309288,0.899268245230681,0.950000174955503,0.983272544505593,0.500934059953547,0.912829880508679,0.981427751550443,95.5472712465662,1,0.795966767115369,7763.21791955914,0.0417691957827265,0.771954822871581
21,9,270,84.8918148693736,0.299450035607496,0.948005878540918,0.95031161669977,0.602185779884249,0.99254840228718,0.640221188067178,0.839421570068258,89.4331851839187,1,0.825681888469464,7278.58423062986,0.0816530279098542,0.776273360994515
21,9,271,95.8705627114184,0.258399249630019,1.05633510480316,0.950032399598851,0.920243339300158,0.640250519484729,0.40029789355759,0.644249893986351,109.18239749071,1,0.796311768984742,8029.38479331564,0.0830876806611146,0.769434772927587
21,9,272,105.50321962692,0.228851886884519,1.05430630458211,0.950002843750293,0.962828341284673,0.429163402703635,0.831950650240322,0.761007158079617,121.960613947003,1,0.794670422560583,8968.80064464147,0.05243425791387,0.784705748923825
21,9,273,114.191239082526,0.172360409460252,1.16511749397387,0.95000055483985,0.767718916548191,0.594947787876019,0.688483443125158,0.629342989896364,124.639637519892,1,0.834966204967128,9409.23169184393,0.0571147339585381,0.777708852086624
21,9,274,113.865458772976,0.159317464897814,1.15336220666314,0.950072178454755,0.706517370915951,0.549327192402315,0.806356460155935,0.657965686500273,123.670315763502,1,0.841290947572577,9130.12846889131,0.0523525007875016,0.782007399551372
21,9,275,109.65990319721,0.140357352555126,1.11096038119768,0.94999902341794,0.538620703542643,0.363036412601366,0.368363814424687,0.36799785935683,121.611589520458,0.999998647809456,0.851979686341778,8665.75624087065,0.0814723863309454,0.783290744296812
21,9,276,105.778801007291,0.160678080852276,1.08807758712645,0.948578888463972,0.817764149788476,0.639713920069057,0.399968715548484,0.669550484958961,112.998306922701,0.998032307103961,0.84614622486411,8658.77751753992,0.0564386061329461,0.788631516364112
21,9,277,86.9745732181258,0.166638686707868,1.08467920255645,0.950579448417587,0.840399766041327,0.423690296894271,0.383431930152656,0.404972886907377,110.015357333189,1,0.74115658112419,7133.28780866531,0.0752650658456195,0.778520677175466
21,9,278,91.1470490373045,0.206151489222181,0.985343603588472,0.949999913014957,0.788862919786487,0.596910691462081,0.672402425176441,0.607313461744038,102.077785771382,0.999999879559171,0.814609187598969,7862.54161650808,0.0680599252869234,0.782889357169621
21,9,279,87.6519255819407,0.232064817480185,1.0038828814478,0.950002984879577,0.756677978669709,0.390498549474077,0.436768317853477,0.513927436356896,95.3064266212449,1,0.859611016528656,7255.3260250646,0.104205792924633,0.761124985031965
21,9,280,78.1945177689847,0.256115267758047,0.919131533961798,0.950309708729233,0.820564549092319,0.433608238871932,0.726496676176704,0.604203548133648,90.4350908325387,1,0.800886930088286,6842.59860959893,0.0866700987741491,0.778974211502851
21,9,281,73.4714386333528,0.301855652794257,0.953310642376472,0.951204210002101,0.906003781193619,0.737448075502181,0.80954734469379,0.566644408686888,89.4625823238293,1,0.741374961531244,6604.47088048078,0.0744338162585206,0.779706637878885
21,9,282,83.970594320649,0.308294079682509,1.00556003584236,0.950000404347874,0.813322264296865,0.656024303941596,0.663036076603886,0.752100793824038,94.9795938114785,1,0.795955910756184,7360.3514219922,0.0852804375000234,0.768012172666194
21,9,283,97.6751660348633,0.287593286599909,1.11077710939192,0.949997225105578,0.787327967236529,0.742535704558057,0.603728722836435,0.495649092188179,105.575204433174,0.999996157838493,0.838020088030936,8535.47682607938,0.0995420089513389,0.785936305930753
21,9,284,96.5847645117465,0.304604131463374,1.08324108431338,0.94939313404624,0.886960980379211,0.570487745627173,0.787870551224762,0.682027916048876,105.951266151012,0.999159724064024,0.829557973184761,8584.81919652948,0.0788299571779189,0.786460807824349
21,9,285,107.366908681735,0.291511081150447,1.10551802326012,0.94828200950303,0.981300481992098,0.630197406950754,0.414353821549983,0.944259552801522,105.944242333299,0.997621243927272,0.902956180809414,9292.23936692112,0.0653491017771677,0.789459582455673
21,9,286,109.737068037266,0.305921110423478,1.30577619824554,0.948085824381009,0.709316722409713,0.336443233562925,0.967990635831474,0.992146045443062,121.508730421176,0.997349602989089,0.823956639428128,9863.6903470757,0.080235404814328,0.766577681977253
21,9,287,103.222148167019,0.27583812025364,1.15845091978802,0.950001264210896,0.951644428331103,0.684844089616436,0.470292035737977,0.809291275094841,110.971142642672,1,0.832709227115085,9075.65428055281,0.0684181202781023,0.777356822607084
21,9,288,85.1918365763688,0.275025555596812,1.01661948122859,0.950405096702592,0.984601793195752,0.486435283614645,0.65653067562037,0.954484654202102,108.314181783898,1,0.711200164530145,7738.58323390973,0.0544285812782129,0.761583777813504
21,9,289,69.326975031742,0.234163130065597,0.800000034682032,0.950002517312476,0.622712928656981,0.217948065441022,0.240575163864256,0.485766114970981,80.5082539188134,1,0.81937668379043,5848.53397541021,0.134237119705449,0.773195236550744
21,9,290,68.2413387886587,0.229113249950253,0.800000000000009,0.951487639210236,0.633546596984462,0.530349614345417,0.570874926140853,0.760345162724735,81.3664354909179,1,0.763379768338723,6008.42976225923,0.086727265976681,0.767534760407216
21,9,291,74.9616716167283,0.225169415519227,0.832966988114011,0.949893419765493,0.939649952308478,0.315152313453781,0.533223956251152,0.299999863758663,89.9169273271238,0.999852427367606,0.794227586892739,6488.46635323188,0.0974421418171711,0.770083830307954
21,9,292,81.3314104423707,0.215557302992949,0.916615624638764,0.950062409868399,0.776249514183188,0.426750660934659,0.405587271120554,0.506842689197235,95.4775924294396,1,0.793820785764007,6809.225720404,0.095636184575187,0.78363738921116
21,9,293,84.0025388185419,0.223428571316159,0.952475960986979,0.9498983318574,0.735228129888279,0.433475972838854,0.337433623326625,0.575440603439195,94.4393689564521,0.999859228725631,0.825106836190509,7165.59276757211,0.101279636021082,0.784348759072257
21,9,294,91.4826880169076,0.244294419159494,1.02803132459662,0.949970058952039,0.637716024119347,0.461904726828843,0.362907802865055,0.744242804571824,102.577311629974,0.999958543164362,0.817535344569703,7649.4272005108,0.106271560617584,0.782276292734237
21,9,295,91.4079047499387,0.287931746194007,1.04326957683858,0.950905251020972,0.71889003733733,0.769173160057268,0.800431702162614,0.626274148197018,101.337541646513,1,0.809348836131509,7505.69566353107,0.0844453252614719,0.766486998725942
21,9,296,102.983498332546,0.297121453227666,1.05019289856528,0.95037734694598,0.633510946799182,0.942832858995281,0.999166952903269,0.999995808084054,110.781356236224,1,0.805357394402434,8258.59009286846,0.0471617648242556,0.779958863255667
21,9,297,102.651435383135,0.280151135433092,1.13245148174563,0.957715446923255,0.984450116662023,0.835562319274631,0.656892845874476,0.849622632050528,101.882929800959,1,0.888068043953848,8935.40646821656,0.0451763357119002,0.780526949832542
21,9,298,102.107826579756,0.284581612079605,1.19827581633137,0.950800051141186,1,1,0.529659844916245,1,113.199145008328,1,0.777602944124251,8937.18333602931,0.0336685595617777,0.790397546210198
21,9,299,105.311588960053,0.314160200504717,1.22765741679419,0.95498991266954,0.824772464502704,0.68005403891364,0.51003534167829,0.696738149163711,119.232780572271,1,0.795851391490241,9075.66847570201,0.100188222357128,0.7787395439296
21,9,300,103.783752546221,0.279388150889469,1.1500004147948,0.949995408456602,0.660520227406526,0.403128755205582,0.51928792345063,0.866681081677408,112.664543850589,0.999993642478373,0.843319124236936,8587.43208844016,0.104973651227957,0.78928405611308
21,9,301,94.3214434540676,0.260108066229391,1.16510437992235,0.949378485199247,0.860219184956102,0.803325624881736,0.744752560551709,0.611931792986605,101.242907011756,0.999139441045111,0.833297188869843,8479.00365713638,0.0660265996964286,0.782852171333657
21,9,302,77.0378519948337,0.281044284049826,0.934624670308588,0.953054353755968,0.881644656900366,0.493161646525506,0.741608560792133,0.728757862975829,93.3708319377007,1,0.754842303304964,7020.66889894072,0.0764845425647176,0.762193255946733
21,9,303,74.0795421880175,0.280668991304688,0.898897813782711,0.950340693131357,0.783111641678168,0.472147818973082,0.362616101194498,0.486244332463231,84.4909428009386,1,0.814551793586935,6430.4114697076,0.125414136184361,0.777423045367213
21,9,304,71.8720542937547,0.284275870028642,0.83868073486892,0.954452007913334,0.841667139061924,0.860281680644964,0.667075668417453,0.576227902039597,85.6932400943823,1,0.748448913477499,6362.33068095442,0.0776339462157285,0.779396205721418
21,9,305,81.8724583551049,0.258589455222288,0.994564049893101,0.950000000170034,0.965692935956929,0.827412045809039,0.336261734059255,0.586554702268881,91.0433546894591,1,0.80440215496793,7202.01442346751,0.0773653832603347,0.779572058091012
21,9,306,88.228318069199,0.228561492067137,0.92083408979517,0.950000004579638,0.769059642031935,0.640969001337144,0.307045891929441,0.604176331156323,101.729086459005,1,0.788193778528503,7783.34534187002,0.092110611316862,0.782843776703114
21,9,307,97.6198003194652,0.206041995395492,1.14157460551165,0.949999998899411,0.731061534267822,0.600916760979279,0.547083345765357,0.671045672583913,113.395710642308,0.999999998476107,0.782363708017961,8299.11214477015,0.073924851231611,0.795884672637844
21,9,308,108.872065743229,0.233902672451765,1.06259131149665,0.959231457117494,0.992582282062387,0.699078540550706,0.483167700882981,0.999104270535304,113.149465462396,1,0.851611636096402,9768.47624057186,0.0421849214810788,0.780466539867476
21,9,309,111.517374649372,0.228105242068771,1.28129642479734,0.950500179270192,0.999999999999973,0.858667073460776,0.687639180231944,0.464698140068137,125.406509766569,1,0.798427131178711,9778.51990455619,0.0584240142831079,0.784349973613243
21,9,310,107.209841712157,0.253167571489294,1.14309086236418,0.949999424207951,0.952622179140269,0.885566338042052,0.919621579205729,0.538356998874658,122.101061924458,0.999999202749471,0.783365156940552,9460.04022768833,0.0477642980811381,0.783861652919417
21,9,311,93.813331757822,0.255207761254417,0.981765528411785,0.949999996150383,0.913059733097232,0.63606052587227,0.772106137681641,0.545648140628108,105.947641795616,0.999999994669761,0.807655298072581,8249.1617073358,0.0702089148433427,0.776343585884355
21,9,312,82.2408051825449,0.275583187982484,0.90570469746506,0.94999973426881,0.806506224415093,0.565963372591168,0.487931198749777,0.871901681680456,92.6879098102965,0.999999632064506,0.800143043478901,7319.03795572893,0.0827542566195626,0.779461306387401
21,9,313,87.4212418303172,0.295709796992889,1.01312962036027,0.948735527836218,0.839156923926013,0.813683574885003,0.39379016356535,0.507692822132175,102.853847276848,0.998249192388609,0.763127384022167,7202.05216782844,0.104725859664891,0.770610679716367
21,9,314,77.5446104549561,0.296589624327725,0.845417253097989,0.950001395709022,0.724953140983991,0.585354291676961,0.553946375240965,0.607797371254205,91.3052193653848,1,0.77560499572649,6415.64068468222,0.112159521746772,0.768872095667161
21,9,315,83.3607398234459,0.309855802452448,0.948060292989398,0.949949446185748,0.825962292068289,0.562715256036435,0.654070822413326,0.78267064313274,95.0300149186409,0.999930002411036,0.795066774237577,7225.91091304156,0.0877333857190064,0.782994678504158
21,9,316,93.683794341089,0.311301222304213,1.02209387319239,0.950016010275516,0.914636975980088,0.746737699186026,0.440228049448902,0.584095392686443,101.235713440162,1,0.833906788437169,8157.67016534788,0.0969375863705824,0.773226592086954
21,9,317,102.522293120162,0.334475285993792,1.25901249130878,0.954796418638705,0.827835173854614,0.610161496283822,0.807815406022731,0.999999999992659,110.779862993343,1,0.825554252086174,8680.66292971557,0.0658961673260409,0.782085190576113
21,9,318,104.072867847885,0.319926208087531,1.36086439085397,0.949999990717107,0.991808700017687,0.794983843675755,0.460980776450058,0.946087542536399,106.196114349932,0.999999987146763,0.862481486793583,8975.11378837733,0.0631948327177125,0.773562073935551
21,9,319,109.39406609863,0.329422907020521,1.21299061110474,0.944752598149778,0.985236024325672,0.537960476318265,0.999998765543119,0.939926211155101,121.451003680969,0.992734366668924,0.80542993822548,9569.44706087358,0.0422101349629262,0.787684364943223
21,9,320,109.833103082137,0.295025629918242,1.2701089617002,0.952274135211874,0.94611142572065,0.542257492318209,0.939494302149187,0.777313427976109,124.589151367886,1,0.800790914883743,9709.80611485132,0.0587706621124143,0.782036497011273
21,9,321,109.1310932829,0.285149493228765,1.29196248509974,0.95133796030234,0.777066108611265,0.920780438841287,0.540722252014106,0.955690018110798,116.170274967294,1,0.817287673409487,9146.86297202455,0.0649187729729576,0.779060380157921
21,9,322,106.131018574936,0.271680889977227,1.33109929776465,0.94999903695613,0.874657866295363,0.660414722241908,0.747693055597206,0.841732604176646,128.131358768396,0.999998666554642,0.741839448342904,9873.58427430001,0.0629452133621237,0.78076607865627
21,9,323,102.990996541886,0.276682277130741,1.27272665895158,0.949990431517437,0.878461407701171,0.620601824882235,0.794139500373473,0.556839625392689,112.427451302486,0.999986751331835,0.836219768886593,9098.69394305021,0.0813118040254342,0.789197531001241
21,9,324,104.408371818016,0.306196624811777,1.10249770850954,0.949999999970631,0.831983768549326,0.682893312927507,0.883441380343782,0.704085717585118,119.402232387227,0.999999999959336,0.787391698596711,9500.55304795943,0.0713974528657435,0.772938848608992
21,9,325,97.5945394749999,0.290016886451349,1.12961381315184,0.951639237841024,0.944005325767508,0.605278509519117,0.840681667091456,0.737435224246837,116.182683679568,1,0.760344982222029,9061.95401656409,0.0603678457517242,0.776602864425549
21,9,326,94.3071591390662,0.264949570697956,1.04014027588938,0.94975715128212,0.931101137141148,0.419572565526948,0.533976347933435,0.832116607289934,105.316037325381,0.999663747929089,0.819836959638673,8265.74157498702,0.0751839763033491,0.791082648301666
21,9,327,81.7086938663394,0.251078673057958,0.969667389871803,0.950599111236286,0.736362954379757,0.829090212233863,0.554029057367799,0.397793837903373,93.8666430086652,1,0.786496860281215,7161.33864782573,0.0961085113271225,0.783573601549311
21,9,328,80.086673956385,0.271507064476998,0.887471515238921,0.950246492719538,0.790692276252004,0.600000797297734,0.744337041075053,0.633207301149034,87.6692854807785,1,0.831981002884629,7461.47487903879,0.0836481570722414,0.774376852087217
21,9,329,83.5915561216369,0.289054721497948,0.867062051809129,0.959892805158495,0.930901374815492,0.661035339135863,0.999987035691244,0.715072266394731,93.9057199842587,1,0.802667604252785,8011.83338089989,0.0509987003463495,0.779546481695617
21,9,330,90.7822190945256,0.299965766747119,0.882346581684646,0.949406872159377,0.928738079379217,0.880273965974575,0.94286262406627,0.879124690812984,97.3506262294065,0.99917874606683,0.816780355067752,8103.33353252094,0.0324378963094829,0.782747954705061
21,9,331,94.4603953786379,0.289864405405446,1.0474141077678,0.949978041073409,0.824481545330206,0.802566565209792,0.555112784525522,0.757765663123189,109.839252954271,0.999969595332413,0.763919507140721,7948.3585361048,0.0772504596602639,0.774601987780533
21,9,332,107.356094426737,0.297744049092712,1.01770344850334,0.949813783543664,0.970996575597262,0.765245276455723,0.905846416750629,0.81438613065035,111.090236642257,0.999742161829689,0.858492799984227,9037.30264723956,0.0409818579659252,0.785488364212649
21,9,333,116.881226314252,0.305511580862265,1.23702404346246,0.950746837742642,0.9192876242802,0.789335271668662,0.708683601565057,0.970390105721713,122.232802394877,1,0.840884964353143,10023.6684198472,0.0485628712683835,0.783151859362744
21,9,334,108.547723433884,0.279449248625414,1.17704783192025,0.949819004275591,0.999654485274727,0.682715502230581,0.824909357077128,0.942285277379318,120.782330642764,0.999749390535434,0.798784828996723,8944.58124924101,0.0360765329105019,0.774306487586309
21,9,335,102.96152944738,0.268847588896505,1.17164050699671,0.964256382278311,0.945967622804596,0.837393937608464,0.999999914054738,0.998850851318218,112.090271534251,1,0.803167572847356,8826.98754294916,0.0189483961596495,0.78215120655795
21,9,336,88.7674882950822,0.257181183598089,1.05371131885761,0.950000426676516,0.762703258246692,0.417719083143323,0.50362016360828,0.520480584317943,97.8661151844179,1,0.845320807937542,7036.97123856457,0.109821572247206,0.775952889575075
21,9,337,85.4708541707891,0.241565689172872,1.03163579580286,0.949839247646371,0.816934563001226,0.688976011422533,0.432547108266833,0.641727391470831,95.6635861957638,0.999777419818052,0.806621332163074,7206.28297485067,0.0828850412594893,0.777212513280768
21,9,338,88.5563622238375,0.252191999246266,1.05942755371733,0.962828039536151,0.994310906607868,1,0.460918538509318,0.954932560743475,87.9524742866965,1,0.870016064495279,7722.07302684462,0.0355778185354265,0.770285499331708
21,9,339,80.5886854200549,0.227399513663494,1.07434955517463,0.95,0.664510389119296,0.759049863444784,0.757444806089123,0.551417351049918,89.3841054909076,1,0.812991738609746,6837.82529433931,0.077645356872195,0.77740994820188
21,9,340,80.1453247505616,0.204733150556242,1.00174014098579,0.950368553915451,0.999999999999918,0.70646535432345,0.322764587011234,0.315979268689627,88.2084165512714,1,0.833871178383386,6771.26590792373,0.0776529299119783,0.791202208665343
21,9,341,90.5537561765817,0.210289156967375,1.0128412620846,0.950026269445269,0.814939752132193,0.736263554112716,0.761079687758544,0.531794389280331,98.7515218936045,1,0.829450667982798,7802.70357720666,0.0624725160448842,0.779216662439136
21,9,342,97.3268666599497,0.201460448201563,0.992573017153688,0.950918346996179,0.855057938577807,0.338348449874339,0.37168619771062,0.414195661799404,102.759975482867,1,0.894625638259038,7961.69854957101,0.0930628097827626,0.781101454405515
21,9,343,101.049549857127,0.210517028443442,1.1090077318614,0.950000000338256,0.907465590728792,0.797812784360051,0.641079569390608,0.503690283056953,107.196253201421,1,0.84924059117113,9153.45967306122,0.0599220422010188,0.776110943106942
21,9,344,110.211209969367,0.241494120722992,1.27409097994479,0.950000000001412,0.996951782195093,0.785681440900238,0.822822383475733,0.547651080139169,122.821777972394,1,0.80736397277485,9924.4525418686,0.0533733739160845,0.794214253170016
21,9,345,118.581775638961,0.25164598181332,1.10066729079964,0.950023918901501,0.900910433540096,0.833360964090152,0.917837342778378,0.53144111852141,127.595778996983,1,0.833335904348143,11163.56881807,0.0549213899047425,0.789263693446313
21,9,346,108.894682835747,0.25824818386093,1.09440588241462,0.951994791665214,0.999999999999961,0.770437949824284,0.727147272012975,0.394158715070778,120.707890535387,1,0.819605160150304,9582.83983717858,0.0690431777127168,0.785440962848871
21,9,347,109.939528846757,0.268910594161609,1.33509030092111,0.949183966766781,0.762590366483606,0.300000007943926,0.954064660400714,0.951020987167641,129.341808616543,0.998870107830928,0.781033999365373,9486.33264652266,0.0719961356025913,0.782709101511693
21,9,348,98.3329113138213,0.247975093268192,1.14922528027522,0.952533652529992,0.702531499855532,0.593807451071981,0.367672863288715,0.56101778130842,107.698090155853,1,0.835322385804339,8735.7725017121,0.107482229172177,0.776733982408798
21,9,349,88.573977100599,0.283059925933886,0.916483773826424,0.950004225523363,0.83867423765903,0.74051625393742,0.47993107443731,0.668606978026087,94.6765196685176,1,0.839678750319622,7729.2846780619,0.0877579553007571,0.78409551139924
21,9,350,79.015554792562,0.255374783331404,0.875679571657371,0.950391422203667,0.958247284133208,0.370844836658976,0.451091349199008,0.635925997040285,93.4426207557705,1,0.786433768948399,6771.5750076847,0.0890393833280455,0.775445085625774
21,9,351,85.2144130868634,0.227076516734518,0.995002243810573,0.949999998561499,0.719539858822546,0.481652878072349,0.573875589564221,0.527580243849606,94.5998965262516,0.999999998008229,0.834201538885457,7122.0720507132,0.0941898296466635,0.785067617682994
21,9,352,87.5806927994719,0.235043521076597,1.07225967570753,0.949965617979957,0.667706274492598,0.621905041295817,0.682782143448565,0.624592015259615,98.3168766028904,0.999952394126095,0.810025741343932,7260.90297778034,0.0850047736727359,0.780219888753681
21,9,353,99.2975456913364,0.217886067950192,1.0490100190889,0.95000025543998,0.721114396371009,0.570557882396977,0.68254405410905,0.775464132725504,99.1258526386032,1,0.907708340828604,8119.38417723006,0.0685327286760115,0.785558404832001
21,9,354,95.06918341963,0.192398270447424,1.22629185772077,0.950000000017506,0.793179010042179,0.834006483522129,0.348301151219638,0.464962863229863,108.271604306526,1,0.790122619222096,7674.78081475094,0.0762432991101678,0.77449118487333
21,9,355,94.8308750349713,0.168107378989537,1.16698740479057,0.950915116040014,0.644393980606228,0.616357086629618,0.546311915366843,0.419727600501072,108.79878973986,1,0.801988841238234,7677.85456048986,0.0759592890916262,0.785567763154063
21,9,356,110.532075941702,0.179351270021849,1.38225797810711,0.95008258122455,0.802629827733477,0.715011409437549,0.642904202845469,0.641667399739806,121.928663542296,1,0.816693446817144,9211.86656027378,0.0598593022274563,0.78930635683231
21,9,357,102.293015670776,0.201014228397729,1.17546092813861,0.949889945855477,0.888389137713123,0.717921119277187,0.64451366051139,0.558296936761141,104.503842957332,0.999847617338353,0.885464846971467,8850.49933326312,0.0592042366457682,0.791879621209755
21,9,358,106.007429947725,0.224613631799296,1.35128825992867,0.947276079557428,0.966616829116815,0.994496900233932,0.604663731449507,0.765670203065657,117.033804306322,0.996228417848747,0.787826452955049,8778.53528214052,0.0432893819874749,0.780570797668335
21,9,359,100.687446822567,0.222463587628125,1.04856455087898,0.950061903260137,0.71723729607846,0.471028281989929,0.831294525014163,0.880444756930647,106.04003951216,1,0.863257961144135,8312.73061511595,0.0618030011216292,0.79133359843987
21,9,360,96.7552283073246,0.248955884293743,0.990790671744572,0.951061641221909,0.881258485182119,0.545424949893596,0.681169811978632,0.555034455006869,98.6991062766577,1,0.901144376129307,8425.23797071738,0.0792651792812905,0.777496730522683
21,9,361,89.6554701674326,0.265791216527496,1.08466613183198,0.945964866865588,0.943318765416289,0.625812141175944,0.449727260357256,0.493020111858295,102.529396982871,0.994412892583122,0.796173844680542,7411.35646368598,0.0914299901351013,0.781739676088695
21,9,362,86.4065307279804,0.252625946955426,0.908165132991785,0.948610810408259,0.740515859039507,0.287089650042232,0.80439445163837,0.861521614649464,102.607879635834,0.998076506719128,0.77793803836862,7314.03496256038,0.07904262141999,0.788128624147043
21,9,363,87.7365932006181,0.24890346488484,1.00202693588441,0.94737979292354,0.932001550439986,0.779165632370298,0.300000269490882,0.471514510422441,97.4101147851902,0.996372020971056,0.811262987895031,7518.6599296755,0.0885277348045984,0.781226773329913
21,9,364,89.0811295756952,0.26169948569946,0.955470301051789,0.950110802740251,0.746742717395504,0.694774759620873,0.737854800158798,0.863279795913839,98.7824770600339,1,0.804255332408453,7861.742315753,0.0654745114127946,0.787006168677248
21,9,365,87.6613874273311,0.267628342631117,1.07522121948226,0.94999996348587,0.794304858587892,0.699208753962616,0.299986669945346,0.768003171953843,101.20609197742,0.999999949441974,0.776134615960662,8283.79928632556,0.0921009746695595,0.787402553308226
21,9,366,102.752024088326,0.287335752550953,1.05128938041294,0.950540586646667,0.973337575961208,0.897784474474745,0.948899065420287,0.982607716145559,110.671258073637,1,0.808231400574281,9523.11007331414,0.0179007015696575,0.791517430056506
21,9,367,114.199490032276,0.283635680952886,1.26158967250676,0.949976931367101,0.782760420785851,0.669833539694579,0.661103738034132,0.692614091834649,121.221717432885,0.999968058815987,0.849803299574891,10491.1711877119,0.0879058442596812,0.780724910982388
21,9,368,114.667147611337,0.250217245899867,1.0648402101304,0.947666369429076,0.860856086115081,0.765599015842257,0.910105268158375,0.727603878669023,123.391401036738,0.99676881920949,0.826888085924337,9751.49042320181,0.0492854219659666,0.77900613195803
21,9,369,111.356173538409,0.192852531331353,1.34806639596562,0.950000000152853,0.755765675351499,0.647750717426305,0.783805284253352,0.682560577942035,118.88003287193,1,0.847143139182845,8981.58674312987,0.0611654117422499,0.795343281173124
21,9,370,107.080533918571,0.168191554726201,1.07365345910129,0.951869270017672,0.833641630516561,0.936960705539885,0.704879625555038,0.681179198345335,118.498608870645,1,0.79646591814293,9460.05179831819,0.0383984309254508,0.795298632152321
21,9,371,108.236922699743,0.14847104512919,1.19392761206657,0.950006540748608,0.66605845679603,0.679131476003487,0.407127057353746,0.457917782298306,118.959094875809,1,0.830634033004439,9154.58965029916,0.0677217534362496,0.783008090967989
21,9,372,99.9721960497302,0.130966113087504,1.16252039927318,0.950002624978061,0.37890882922585,0.505497120698956,0.300559475252557,0.300456241502298,110.613521322843,1,0.845795084268479,7510.98946348423,0.0842840907427726,0.795112745904042
21,9,373,99.1454744092673,0.132776943096697,1.14164450252358,0.950004974657581,0.550945725317526,0.387947093518859,0.322231385839063,0.324368247885609,111.015607118646,1,0.843913214453035,7764.23818260531,0.0785774188465501,0.791457346201294
21,9,374,91.4549046325691,0.15570880938571,1.14999999124971,0.950008485894589,0.55726226247339,0.532202872063983,0.436823475558644,0.359683641045821,103.990856788914,1,0.818245563871743,7182.68142547916,0.082817792059032,0.779063440721052
21,9,375,88.7492424244602,0.172810371803257,1.02511695648293,0.950009940807294,0.674841765034183,0.452646413599683,0.405509766583765,0.479192966498742,102.268913751928,1,0.807997787330185,7292.90280863844,0.083195895601384,0.783011230972597
21,9,376,90.3456769034814,0.209847791337532,1.0345490252184,0.949990400257384,0.72419814651221,0.382366215065475,0.484854715150532,0.777498263982543,105.46779287938,0.999986708048685,0.789582353923825,7142.61046947582,0.0810766291862137,0.785512594817865
21,9,377,92.0482443517348,0.204369107381964,1.01468355157594,0.949872813011456,0.872157335248214,0.413982598726514,0.656324348774441,0.468109866362748,97.9803747343081,0.99982389493894,0.878264417046307,7600.15855773848,0.0760121728465655,0.781836679913169
21,9,378,93.894274055599,0.259454083513189,1.03541979504548,0.950000220878637,0.983365440362928,0.454254020296733,0.817125477627868,0.895981878913194,106.976805616483,1,0.798507428306566,7599.27528765517,0.0484234222470279,0.786753460747144
21,9,379,94.9063060241684,0.267198134209068,1.02546430351313,0.95000017366846,0.897963085821908,0.814957876824092,0.728866471507256,0.524773617566633,106.091732141537,1,0.803758001326648,7932.36509602858,0.0700202873417948,0.780767464585978
21,9,380,106.47008854141,0.263616580887521,1.06801053329903,0.948980630296602,0.993732492958341,0.83533333291208,0.999799754582393,0.420905220495464,119.901061762188,0.998588565026064,0.799728910568893,8717.72805046719,0.0518395077153645,0.77707246501571
21,9,381,112.969675390063,0.285412637357634,1.33496926090706,0.951276111655026,0.876178234240872,0.581003128289792,0.911442430788655,0.761897136951243,131.847975091005,1,0.776233645253591,9609.05058765565,0.0662717299239855,0.782239632254307
21,9,382,107.837356171674,0.260698756013277,1.20591572337737,0.949728512596912,0.930409635486556,0.885024280384106,0.436656634032475,0.797630904983823,118.603116493147,0.999624094364955,0.799822837326785,9190.5756732623,0.0609188613637904,0.787552958746387
21,9,383,103.04541044773,0.24447010678809,1.08853048456194,0.950000081742245,0.767341067717781,0.594422553531961,0.596496875029997,0.881048721543147,106.802172916577,1,0.867410361502825,9416.48037035077,0.0696429354865241,0.775353265508496
21,9,384,94.9998147700963,0.232292778795148,0.951679072549573,0.950000978877607,0.93759302550935,0.648747609058704,0.936987283062077,0.820674839223623,103.737056751756,1,0.82197520499811,8835.60286470206,0.0377479726187048,0.786938890573854
21,9,385,84.7240845008012,0.218121231447826,0.954671186046343,0.951293932504955,0.830675202664935,0.674373807275245,0.359522313187578,0.327106803022366,96.8173676276366,1,0.8050050133659,7580.41252225243,0.0947071983359036,0.778243844823094
21,9,386,79.5108380202439,0.18584160167727,0.941277681486139,0.950000963042443,0.760654354429623,0.42125554146604,0.477392191376225,0.334510185718273,90.701385633681,1,0.825292084665952,6990.19098815131,0.0889882055497806,0.7767553619201
21,9,387,75.9090945619817,0.18191781506816,0.862688614095999,0.950025952377029,0.581439249554736,0.564159462871254,0.553387880032735,0.330669782990952,86.1867707213857,1,0.818347129021532,6627.7801041915,0.0912504376700589,0.778958870805934
21,9,388,84.3188699828409,0.17126362472904,1.04167544506756,0.95000106295358,0.863416614959778,0.416322559057832,0.41634441951323,0.416349769490626,94.8389617339643,1,0.833548771221239,7223.34663721352,0.0745869865862352,0.792261582515241
21,9,389,94.78788237571,0.198388528253276,1.24319692328702,0.950006589569417,0.901208306608941,0.802327589755759,0.511173068276981,0.554617740685175,109.523801931051,1,0.777231255630288,7887.11216175546,0.0617014749596158,0.778663324920353
21,9,390,102.010124164459,0.207249759321866,1.11452181986543,0.953653920858528,0.869789416836983,0.907576423243505,0.485742019660567,0.736576395105037,107.30020736376,1,0.837654901167788,8981.64560905802,0.0520025801304357,0.7894995897785
21,9,391,113.616122798633,0.213380213242431,1.1689667814963,0.954155235148651,0.999999999999994,0.619977476775878,0.76616672973461,0.83333918287545,121.985195033671,1,0.83758481488541,9736.94718621821,0.0382074542586842,0.785389394772084
21,9,392,120.575323214061,0.252170680230284,1.38466686836045,0.949338924294342,0.922435157446878,0.923601245915802,0.801414067550607,0.828616794354408,131.864922546037,0.99908466440755,0.79990057271955,9799.75108201059,0.0420436974640367,0.794048900463286
21,9,393,117.01254571645,0.246782967265441,1.39991958848471,0.945837394300487,0.898484316002272,0.795547307735366,0.720091780405466,0.986579219258291,121.251736494528,0.994236392108367,0.842569867085016,9825.3004846709,0.0436772694533206,0.785594665665657
21,9,394,117.834457390436,0.265700112211626,1.31939434008601,0.92818972731589,0.999999999999999,0.999999999999998,0.817492356782371,0.579681247597391,127.341784778345,0.969801160898925,0.790809842037021,9606.20358065472,0.0471670059223696,0.782855906825848
21,9,395,114.945838278574,0.281895752708597,1.39009487840072,0.949999999215659,0.999347577172896,0.823497825966647,0.996938910724081,0.358945155912233,132.955506682475,0.99999999891399,0.783181649269471,9701.15751803273,0.0660108367827682,0.785541698947921
21,9,396,105.042188516599,0.292241166773672,1.17059447004681,0.950000181261814,0.781282292517858,0.590548567616055,0.571310973548502,0.635017097906805,118.139087514504,1,0.810404443103137,8396.26487501187,0.101991511522025,0.773965501275066
21,9,397,99.0583708472143,0.2697782814721,1.14817407867854,0.948686930647187,0.899935555887815,0.728191572111069,0.80218509480533,0.38562809639563,112.726339984224,0.998181903973028,0.800353805488714,8486.29323537349,0.0801522144697791,0.776744328718217
21,9,398,92.133032097244,0.272977826004378,1.08096291945373,0.951231056815175,0.937558173462831,0.977181762189067,0.397693822040897,0.706459712968206,100.913788750219,1,0.80079197592349,7828.56507298411,0.0654623291315128,0.782148171409084
21,9,399,93.0922393444789,0.280521876593484,0.913889106866153,0.948432358813857,0.934234842791581,0.695512931962698,0.300026786386088,0.912827927932639,94.4374862059244,0.99782941989611,0.874852935150453,7719.51086576785,0.0728271646626876,0.760434102353797
21,9,400,92.2268545731196,0.230767505625205,0.902621668682332,0.949988277477803,0.908265605949324,0.820505687026819,0.761974559277718,0.662366292284228,95.9094467412645,0.999983768815419,0.857188650542543,8167.63662619188,0.0499449026262695,0.789677964347678
21,9,401,95.7242800143074,0.1955348414806,1.00958884661399,0.950124089976274,0.855737194171265,0.430881713406517,0.631028130931713,0.577025134949492,113.427071560382,1,0.783075443879317,8391.27197830459,0.0689204322281498,0.793953950990242
21,9,402,106.14273433081,0.20133077585671,1.15931731297038,0.95017847536262,0.862264806130074,0.738633696999268,0.692539593250392,0.846114952397506,123.187097932503,1,0.766152600002724,9504.95911839171,0.0435626570027377,0.790561457046253
21,9,403,109.65996054899,0.231877951983335,1.10745453239769,0.950550872545633,0.804711582785666,0.694376200230762,0.64690461584884,0.595398532241113,110.961426612722,1,0.894232178744735,9587.41732613951,0.0730723189929788,0.782729436168223
21,9,404,115.400499321541,0.23982420577781,1.33540858506819,0.953825182869772,0.672272714333769,0.823294193672578,0.533742149508447,0.746798802063683,127.652449190319,1,0.802050466761724,10373.3208802864,0.0821136534652907,0.792373136940103
21,9,405,115.751961120365,0.270062849411764,1.2490609431516,0.949913419563641,0.859983709292427,0.66576306377622,0.671650033124141,0.849248589819662,125.491406320882,0.99988011939581,0.825282506621055,10177.2296322534,0.0652732106842507,0.79142726101795
21,9,406,113.855028368048,0.290916333529265,1.22213771408863,0.949999999999959,0.749894113285037,0.910432200055602,0.822360946289436,0.347364654395999,117.069444925367,0.999999999999943,0.874679094143456,10169.6663971579,0.0955791335490986,0.764575037124326
21,9,407,101.992483390715,0.296462281994752,1.13316771198927,0.950307742267197,0.905417244822937,0.779724837932657,0.700563577282029,0.876990246829133,118.41402142505,1,0.761831923107089,9095.29132966038,0.0543691714127043,0.776171378521808
21,9,408,86.759362857116,0.27586392560564,1.05144958656067,0.950027420516966,0.9509809936369,0.662471089828353,0.870704539106089,0.476562922899066,107.872574442395,1,0.734605716612055,7916.85760634762,0.0702432913806775,0.779556238596804
21,9,409,83.1123945346237,0.266302944838903,0.958321297800889,0.950995968355006,0.802437688804693,0.929910073818008,0.664265693549915,0.300939175271818,91.302296940595,1,0.81931615924936,7167.16490293917,0.0915216813720721,0.7754691864464
21,9,410,94.1486360147181,0.286497294331333,1.09515521409131,0.949877431703605,0.808793915833969,0.55277194120893,0.838542326620266,0.753049209923638,104.06962836659,0.999830290051145,0.8219435642633,8602.81555072139,0.0749054087018828,0.766188147375674
21,9,411,102.796473622041,0.285744687433005,1.25514683898873,0.950000000031124,0.842566172894753,0.597874795677667,0.68725675270693,0.9999958587244,108.33989885821,1,0.847333310756762,8635.23495050168,0.0626447880975549,0.773941312287413
21,9,412,102.400472250986,0.276000997827118,1.06683957586238,0.950079961277953,0.834828638894381,0.745815368183275,0.831890352828004,0.876955169641431,113.021721083524,1,0.803784278194924,8442.11637413852,0.0518733793480549,0.791331441407737
21,9,413,97.2884917216236,0.249642765962724,1.31319752401131,0.951934441844022,0.938463615298804,0.782021210959519,0.683865263933385,0.91262669315521,118.965662417567,1,0.72181411870268,8669.73193830013,0.0454817405598236,0.777353012106903
21,9,414,99.6009586072059,0.247030067496746,1.08146192669253,0.949999132842601,0.984341276908551,0.799735783776564,0.512107915110393,0.60704642169799,108.426244069733,0.999998799320524,0.822830098969275,7787.5718393959,0.0635719338358971,0.773349624067542
21,9,415,105.891586233185,0.223736383298853,1.13362680264274,0.949965788266478,0.820520397749249,0.6612843157953,0.625687515866962,0.649451685138547,116.856420488307,0.999952629907431,0.819952092741235,8489.53035736623,0.0685273799516613,0.780069591449966
21,9,416,111.558165395455,0.200790055344736,1.27726684709828,0.949329596487258,0.649307401649048,0.582593866033594,0.703736659014693,0.585204728500928,119.93797522621,0.999071748982357,0.849911121458504,8406.25155156736,0.0796479455056406,0.782000554041896
21,9,417,117.479983854527,0.188591991121257,1.16371067514173,0.950363009776973,0.929627033859527,0.310416412122375,0.457394012346402,0.84824513721811,127.997216895354,1,0.84832377687193,9592.6992744832,0.0597898851265105,0.795169412516628
21,9,418,118.276907904477,0.187986001656288,1.15027824693272,0.950003002817858,0.696156074849057,0.643404963462427,0.54280913558935,0.588118753148021,122.58655921446,1,0.877427954253496,9873.24973502498,0.0723704690526283,0.784395648713733
21,9,419,110.679016917218,0.19763066462665,1.19634893670902,0.950031096366854,0.838616934128405,0.710806168556186,0.684462141874739,0.705652911563948,125.548634992245,1,0.791761465041627,9297.7345528407,0.0535769580523674,0.780333772797701
21,9,420,100.929511339527,0.202208819863551,1.1822279942306,0.950000000000157,0.61587172926656,0.535010640247068,0.338088477368869,0.331324191349073,111.130310256205,1,0.846119952305569,8214.40553780643,0.109532216805441,0.783456483763535
21,9,421,95.033747883805,0.21756822320062,1.12533162048885,0.950375884895135,0.959659007799894,0.999999999999965,0.28700352243548,0.613381002514551,112.32091332455,1,0.744272672452747,8398.23135430038,0.0594773632013393,0.783322534984331
21,9,422,92.8144472933698,0.231538964164711,1.02970864759327,0.949999400784417,0.999423543168013,0.99255789787742,0.596268496199345,0.998299234201552,100.363908408633,0.999999170316885,0.797804744695331,8557.68071307875,0.02378202237646,0.788248053720686
21,9,423,84.8060568518172,0.250785895887623,0.950396329687961,0.951816346389145,0.999952715169699,0.954520878439083,0.506487806376831,0.903694819365421,93.5063185775957,1,0.788880618481791,7792.77577162305,0.0378640371236742,0.782813352737679
21,9,424,85.7227021526542,0.250392161608812,0.948194938661405,0.950434601674035,0.803357339691493,0.823469216900992,0.357780509553457,0.650433166168514,94.0959824844253,1,0.812408970759319,7811.53064913606,0.0842409569670962,0.786727333858729
21,9,425,95.2844759451693,0.252257111819877,1.05261855773215,0.950025844415855,0.872790533863664,0.50346551703139,0.783526137262729,0.874062599689135,98.2594452039125,1,0.879336097299474,8324.81001097761,0.0576858139442175,0.778258387248391
21,9,426,100.60057611302,0.223510014936577,1.13914855856711,0.950018295533599,0.586137058930691,0.853602177664957,0.500001492023352,0.646703648977065,110.734716074098,1,0.808141858186254,8742.37528844987,0.0848281808207563,0.786712487757608
21,9,427,113.101544973103,0.232899375480852,1.15334714552402,0.949991074548059,0.998217023876289,0.880342383107859,0.629889873582415,0.940807253859386,112.557898864746,0.999987641681927,0.877966551456818,10584.6338875191,0.0305894500835885,0.794295766369412
21,9,428,114.360746545159,0.22689498628688,1.30007864994568,0.949999998083925,0.861830852729985,0.756686472290639,0.63337320932758,0.476263652608696,119.57196941205,0.999999997346974,0.866128574482045,10036.0536959061,0.0755449618298364,0.786192546975793
21,9,429,110.686500887068,0.258070798592069,1.33996537144314,0.961720001954289,0.999999999999993,0.999999999999999,0.999999999999999,0.732770403667787,114.956320638821,1,0.841683088664056,10325.0920595546,0.027151589091143,0.787908845575689
21,9,430,108.698992153336,0.249322415806412,1.22820989252321,0.949872881375914,0.882762650087574,0.61697421175467,0.548742748756741,0.685408348844331,111.330557578242,0.99982398959742,0.885175317917409,8979.95076770624,0.0764720022773836,0.780959625800808
21,9,431,110.02126286532,0.237423741101678,1.28260168276209,0.95000000000278,0.697168442022303,0.642574407593045,0.704027600892434,0.457473937532765,118.948280794408,1,0.847252400491661,9230.34633332197,0.0947596619251144,0.775196022155046
21,9,432,103.690938592786,0.221551617205577,1.13923854015427,0.949999973799448,0.740652100737906,0.810105684456403,0.648483632276445,0.74807962862287,104.742557007554,0.999999963722313,0.879264611456984,8965.77055453712,0.0616436596765609,0.789851679121451
21,9,433,92.7082791628552,0.224623721968515,1.07106383911526,0.949953236355459,0.776580321241206,0.526327144238306,0.35248453237003,0.804104065209314,112.844146837595,0.999935250338327,0.746228428853235,7739.51040294441,0.0812992045169421,0.782439920226489
21,9,434,85.1548155442649,0.177027538466216,1.05339093429078,0.949999217928,0.785990411635082,0.395931907190122,0.672430055277355,0.327993203768067,95.5049642344366,0.999998917131077,0.841734217956923,7814.9406841333,0.0773878186888978,0.787812954231711
21,9,435,83.6808602488126,0.216051372990039,0.8662752278843,0.950000934738413,0.856765279458019,0.38946126907306,0.358229693145858,0.39605808207775,86.1978418650904,1,0.913513847464448,6969.32509327146,0.0992472306971448,0.784818894636656
21,9,436,77.9264150023908,0.225899573043227,0.886859171478968,0.950113250984996,0.844663956870054,0.553559975760206,0.375912701736037,0.709548516858112,86.7072222292135,1,0.818568830370551,6592.89669336146,0.0795521498058314,0.776360858637997
21,9,437,94.8001029564275,0.21259621625862,0.997081708505508,0.950003510202829,0.753971110804462,0.654319407037029,0.584936795032738,0.360788689880319,103.128998182598,1,0.845603553111467,7708.6596311647,0.0874085275065878,0.782257909316697
21,9,438,99.1268610176637,0.197511702087135,1.02208536245264,0.950210733711843,0.792490696578568,0.64754921199394,0.796961084284132,0.327835491513451,112.97509851167,1,0.809112822541729,8468.69437416066,0.0720361338553456,0.788093319820441
21,9,439,111.976848928841,0.212734453566343,1.34824499779168,0.949478551109531,0.885424408668972,0.583080085900656,0.552003370822306,0.676310073410878,127.609172265449,0.999277993843966,0.797957555545092,9504.52720660788,0.0699824205062009,0.776674460951482
21,9,440,120.232452373871,0.214094507267504,1.33048984767326,0.947783046234829,0.716590430606437,0.895273875291354,0.716063125796502,0.858627661204247,128.737660808009,0.996930371709764,0.815977396920377,10329.5506897295,0.0537913447687787,0.786833641889657
21,9,441,121.125865067368,0.238102484120569,1.25143886721243,0.951215849289594,0.653034060652393,0.797544875297646,0.475426871050348,0.828830205426772,129.81686438602,1,0.826086601617467,10405.8632989017,0.0800590631904425,0.773729384689683
21,9,442,119.794125236213,0.261760602563814,1.39749617271148,0.950005066084601,0.549822408451635,0.968408227965372,0.724506185818278,0.99321166070389,121.426611118609,1,0.853102026561126,10585.2871527873,0.0690216034754058,0.781195837518843
21,9,443,108.654669317427,0.283352897629808,1.14180913707793,0.95659560595789,0.991147678627445,0.743869550011609,0.377221086028707,0.852672792169604,115.195593704668,1,0.838009163868651,9837.97643084333,0.0653381684841723,0.773669563533845
21,9,444,103.690397731711,0.311094808761762,1.2767301367253,0.949999260932379,0.720134233691843,0.840914095305772,0.668269845184082,0.92243200506044,111.985426942479,0.999998976675601,0.812617446676432,9388.02569548048,0.0754438248504681,0.780978108749442
21,9,445,94.4494814928029,0.31489340206314,1.18047405840153,0.949999946496553,0.999921360999452,0.672016884425705,0.678276238157619,0.999850173332831,104.658956037423,0.999999925918304,0.800617318843915,8984.96435221836,0.0459322687874455,0.78797281122764
21,9,446,80.6957778172766,0.280373810618939,0.962496948056069,0.950255477623737,0.930765085018751,0.301095079303664,0.699995836533592,0.827049729692744,95.5445426074699,1,0.782219711685619,7561.90007930688,0.0766187342853913,0.778028119208093
21,9,447,78.9049290358994,0.268480413723023,0.948307808247333,0.950008619976195,0.847509381848737,0.753042598678589,0.55798331732003,0.48845175753832,88.3962874154854,1,0.80809161589907,7055.77878642901,0.0897031846237069,0.765692891377711
21,9,448,94.7190397295813,0.23360105876968,1.04670761346707,0.95969836070256,0.959563488271784,0.771800102026933,0.69135575414045,0.673392403443144,104.22126855421,1,0.813206664420814,8717.69774139066,0.0510674127714689,0.783077387660325
21,9,449,100.255791907507,0.225436679468383,1.28692148553977,0.950000004170242,0.827394599555646,0.718810634717567,0.441042181040385,0.569070694841046,118.556086306869,1,0.764575811017981,8636.76073552815,0.082449834914921,0.776616989225482
21,9,450,112.338557431489,0.199853309324462,1.24791646050633,0.949178567345593,0.749334320193729,0.724935904729487,0.480464034966791,0.375371094159306,127.869001440965,0.998862631709282,0.801399241766337,9768.55201956266,0.0858484850912151,0.789712398985879
21,9,451,117.035016342944,0.194013214917783,1.20913541644632,0.948775576212385,0.96376600653496,0.822179411441918,0.903467557170659,0.761556837147861,114.921337241515,0.998304643986379,0.901370360533886,9872.6967465396,0.0293400184531407,0.774588949518848
21,9,452,118.709890411871,0.197616812877995,1.17114862850308,0.949698754256627,0.820746583772442,0.755682934858656,0.761714271859902,0.73724699871493,130.632171831847,0.999582890509175,0.811173771979102,9658.76128134829,0.0479688377104523,0.779803868852493
21,9,453,117.160457544462,0.198693400210402,1.10338720010924,0.949974378890544,0.707769651507111,0.579934806030795,0.552566106042752,0.62177238882406,131.277489934213,0.999964524617676,0.8147837706556,9785.04352273167,0.0758881701469728,0.772524373398794
21,9,454,110.642916407327,0.193789151061275,1.02411481984886,0.948610961886786,0.999999999989251,0.892750589709707,0.739401117759625,0.299999955854323,118.669670462492,0.998076716458627,0.840412079477492,9081.31156437375,0.051630212818748,0.792129998051157
21,9,455,110.157725776602,0.221493569502328,1.17616968822835,0.949941683385912,0.808151757993247,0.956046029592913,0.712457177859807,0.358687448123467,115.571455447252,0.999919253918955,0.853153562020816,9070.58295816009,0.0699585394758769,0.783799599105453
21,9,456,100.581432025997,0.245164333128635,1.11960222228146,0.950170698173029,0.746395939398654,0.55210175219021,0.95864376160917,0.47175369024674,119.033303765798,1,0.779855680673079,8239.35295209669,0.0808345863290059,0.78314447924939
21,9,457,98.1150752328304,0.255911479331106,1.0560257609068,0.95000011359065,0.916416787358374,0.470064993446308,0.311327847060347,0.773632741587968,104.499253365741,1,0.858684784215898,8244.96699928542,0.0867459739900912,0.767987204110362
21,9,458,96.3592200686865,0.271407513081388,1.16472683949372,0.950000855158534,0.862871629028839,0.573767130420574,0.872380586624765,0.690710892549811,110.131236412422,1,0.796262853658605,8043.76265822897,0.0675586307501028,0.77050871149899
21,9,459,93.7613798643354,0.322892358897518,1.11445296705082,0.953113991025433,0.973154379112776,0.729926825607909,0.557178371192016,0.729874227004925,101.164225259693,1,0.829903134887325,7767.63859848947,0.0755906858804425,0.783380699233509
21,9,460,95.6491432781555,0.301922193591545,1.10406913427591,0.949092263168025,0.930207021056227,0.473182055019239,0.600084738759631,0.648215588305073,104.864729070555,0.998743133617265,0.838670175375156,8351.16911140173,0.0927456453472313,0.783183037502248
21,9,461,99.7966434275073,0.324074639274953,1.14974863695065,0.955301093906682,0.999995670853203,0.98366110551345,0.771686181636791,0.528820469884938,106.356359140816,1,0.830304494775555,9193.72358910476,0.0604075653939317,0.778895901485673
21,9,462,108.477863270029,0.297611111561589,1.32584192138268,0.955065843864435,1,0.395797033105913,0.996483284985804,0.517261442959075,115.581495555343,1,0.876636058578362,9607.06484731778,0.0788418355828384,0.776633771322113
21,9,463,116.291576771272,0.290794950190932,1.33434591270452,0.950000000000885,0.999976460203789,0.999767288485825,0.950301844029465,0.999872066060865,126.101818929971,1,0.795024487153041,10333.8886789629,0.0133388186941275,0.782332052850536
21,9,464,120.131965847143,0.290890365994766,1.39985223867647,0.95022224295247,0.970093040070039,0.73620994699214,0.978340434541472,0.642772741549814,125.696395448859,1,0.859325709880401,10688.8192940113,0.0561597106536596,0.774766874199627
21,9,465,117.044499710244,0.274224887858323,1.19064586012119,0.954805926220005,0.998555575494807,0.612429679651836,0.448356240199152,0.801781714314728,122.209310937577,1,0.863332672872581,10177.0440422652,0.0696139216609294,0.789791330538348
21,9,466,114.692572665175,0.240625612929992,1.34797984605267,0.949999999667347,0.786558197849554,0.525618276532072,0.650800038593079,0.845139241088825,127.743946597071,0.999999999539404,0.813791377845398,10162.4499079823,0.0744057239161748,0.768214301431326
21,9,467,116.285527449391,0.222353511632978,1.32697515055899,0.949035095780068,0.955038033823197,0.927653101857696,0.623403479506526,0.549525356691161,122.864061369192,0.998663978772402,0.839621033948572,9849.51909009415,0.0570548089757169,0.776494787440447
21,9,468,113.382209451174,0.216557654099232,1.32119862765135,0.953981543424789,0.99736779253009,1,0.36025574284446,1,123.207868310596,1,0.793320145457193,9799.79512822139,0.0365189305200555,0.787756301902233
21,9,469,100.757055813703,0.21149689251209,1.06039588834136,0.949997781108065,0.938995180196577,0.677301633050053,0.722534035240223,0.515397619081705,112.519975592156,0.99999692768809,0.815048693782797,8715.73340669337,0.0583903118971936,0.793945183590364
21,9,470,99.8109704883585,0.204705279506422,1.06084125721038,0.949992033741577,0.797805699629382,0.754438755078552,0.743927653049345,0.486141237998168,111.373945266851,0.999988969796029,0.811297222874616,8165.41049180516,0.0644101454971671,0.784577192253669
21,9,471,96.4273736259916,0.217399881755105,0.956280733911299,0.950128655406829,0.603229352517607,0.467625973003871,0.380857820406546,0.376403761290328,104.399125794543,1,0.863743699765851,8065.89734056016,0.116183833340967,0.781222646039774
21,9,472,89.2345417907261,0.229543053363825,0.991623836536354,0.950014295821389,0.98399381606029,0.7960962699,0.462864465601988,0.483478438996772,98.5169245591711,1,0.817033936404742,7651.80564943042,0.0686017724355703,0.778989202047761
21,9,473,87.5557560209177,0.283997050302194,0.935135592377119,0.95230093509603,0.764264720284967,0.558083837081752,0.559796870860271,0.647939574149449,97.9509285627991,1,0.816558067160967,7330.70507492484,0.10170161271223,0.775732477309973
21,9,474,99.6032109114202,0.311835292603155,0.972390111433409,0.950000000000003,0.951284445076981,0.654122151697336,0.999797285970172,0.773628173677433,107.038642761567,1,0.836940133650295,8014.31230707475,0.0486282055732109,0.779288100912682
21,9,475,112.471558944424,0.32637149033466,1.17503804962499,0.950002730160593,0.997730918609528,0.543049833851654,0.927584296310606,0.979805377296257,123.492705416582,1,0.818219525129048,9317.04881106162,0.0406315909803036,0.774254114889318
21,9,476,120.223479278437,0.335614178047961,1.34492041188909,0.951335535116703,0.841382082689866,0.701666214649449,0.844808209489962,0.671954133192644,139.058798518256,1,0.778535759234147,9627.51730993125,0.0861809742355827,0.774840624887849
21,9,477,123.657834587475,0.352867885563911,1.2478200726778,0.949999999987774,0.999548846138848,0.974630576302563,0.704667954728198,0.681483885510978,127.570478519076,0.999999999983072,0.851519980727351,9943.53414595125,0.0601111144383551,0.786643694944385
21,9,478,127.597639869031,0.340187469422281,1.2731131730672,0.951116956139273,0.897775963413749,0.961168654712533,0.853111376064245,0.698930193755914,128.504217147495,1,0.872494898886385,10835.0028353008,0.0600297128321705,0.775199262212509
21,9,479,120.57359085007,0.284872922526187,1.26015342616277,0.950297487771703,0.508420033042655,0.721512076848333,0.762253413587828,0.91015417875436,121.343869929137,1,0.881866318512879,9582.49107748828,0.0916887654867439,0.780870555410234
21,9,480,108.908361158797,0.244128855292326,1.17101970930245,0.949549895801736,0.876917013688927,0.613837015891254,0.574041938587664,0.813540494391777,111.63231471073,0.999376778802403,0.878214973237655,8802.88637508541,0.065071909943003,0.780587194499946
21,9,481,97.04032972312,0.214419779406809,1.16382976204887,0.950696891113909,0.75882402645596,0.692874533858363,0.512681326220374,0.380661238352584,106.408741111839,1,0.835029394091451,8271.98201211392,0.0886851064205107,0.781687340280238
21,9,482,89.1340936655629,0.190632244107048,1.06840901396813,0.950082667037259,0.812694624722449,0.582226289742898,0.300003236925703,0.437537557493239,92.2996226474242,1,0.890480532830012,7817.27136373839,0.0841395656475028,0.78599404972165
21,9,483,90.5040426927705,0.167140415097302,1.10163939080044,0.949996784416689,0.642311081793588,0.420815668131825,0.591454716981562,0.419384059272147,104.470132167424,0.999995547653877,0.81172688606563,8073.51167380653,0.0796102070052241,0.788605701060589
21,9,484,106.444188013921,0.161321294803265,1.14999344360296,0.949998629452582,0.551537737363209,0.646039888609304,0.362029677122669,0.388335462116699,116.918835009357,0.99999810231896,0.836846934880799,8993.44496490034,0.0840782085454595,0.798143390316218
21,9,485,110.704317486268,0.16046908048952,1.16845273991983,0.949999967375529,0.656062520606632,0.744219918321825,0.368764965269691,0.428274488497959,115.295630299006,0.999999954827655,0.872794977881085,9223.56380863374,0.0735705368928038,0.778195190226114
21,9,486,114.086712055478,0.163673159108353,1.31917931347533,0.950000026983984,0.778030759931182,0.890753762891232,0.858564472064072,0.834741014110588,129.044886399947,1,0.776085554033941,10183.9342946625,0.0348290652015502,0.783556497189128
21,9,487,115.714278712067,0.183746575049395,1.26823961398572,0.951491958687791,0.931530332111701,0.999614522417037,0.693277348782677,0.671615105777138,126.556899963849,1,0.801858726526917,10559.4466987812,0.0374037919563822,0.786689169092698
21,9,488,117.936837677122,0.226921339022691,1.30315028066415,0.950209795083618,0.807922183583695,0.611820207091423,0.707190892840099,0.758157142424985,134.424179046956,1,0.792781267785128,10334.3074656989,0.0664867614646251,0.789000103661005
21,9,489,128.018760999164,0.252448977601278,1.36671555818102,0.950662337892138,0.997630774955924,0.723280941591593,0.845219382303094,0.947916110126827,139.767847511067,1,0.811137156756816,11278.2043858276,0.0343525191936295,0.78883952096156
21,9,490,124.158334643639,0.30736811645427,1.23307739153219,0.96284272413647,0.971159862729833,0.485884699379632,0.966504209037876,0.787693637994718,139.185328641441,1,0.814012872157638,10353.8903234548,0.0581441222244459,0.778769886390319
21,9,491,125.667232467296,0.304892789486518,1.32086970250659,0.950011863585218,0.995868900202534,0.915534615842648,0.557128934457901,0.876950177400074,136.349226577264,1,0.805524281796141,10844.5918568966,0.0518308476538278,0.790805001299599
21,9,492,112.936015577342,0.30730773449263,1.29326728998214,0.951732543390547,0.846659235333785,0.801003897970351,0.638464629435652,0.640920611296376,131.986099941308,1,0.764974007491879,9144.08817138744,0.0870358569141969,0.768330532364101
21,9,493,101.404476994116,0.313855042968076,1.06624645022492,0.946449831638943,0.999999999999995,0.927941135331989,0.394428072619582,0.618217556901877,119.16587604829,0.995084382269306,0.749428238777085,8643.34714580078,0.0783164346397546,0.772166824333171
21,9,494,87.8540504488202,0.277052175654615,1.07313271743658,0.948284970354014,0.880980632205417,0.642742266272302,0.829438001267917,0.844701796544613,101.621501586576,0.997625343567096,0.77354537779821,7210.89593768089,0.0551057113744283,0.767180802407637
21,9,495,86.5214116678194,0.239476376448215,1.04368570225889,0.950715408124997,0.547241032035894,0.593542541391076,0.401004188584965,0.608097284937194,100.949285039941,1,0.782119590500658,6904.26833658787,0.112410886999505,0.763499449446851
21,9,496,96.2921518963041,0.2179480425137,1.05572401560408,0.949999724017764,0.829197473928912,0.646947117541523,0.607077240590791,0.733368351745152,100.910438302356,0.99999961787075,0.860680244738696,8102.83263911017,0.0628938914662462,0.780610094690202
21,9,497,107.077631921763,0.197483774613458,1.27200185134343,0.950000002940274,0.79177255197116,0.594332563872308,0.559345665338133,0.377743231324184,117.769946653885,1,0.840229151891225,8609.48159249378,0.0839383743214036,0.776293810224509
21,9,498,99.3399771414917,0.176862061104545,1.24253444828092,0.950020079811967,0.776911644720937,0.442478293154315,0.515559757545923,0.550122862914808,113.040927042593,1,0.815773786072879,8297.09652357893,0.0744363238948341,0.788021882160626
21,9,499,106.759151663577,0.144672960973119,1.30915760081381,0.950165665250983,0.687867954571333,0.666240903282565,0.655172489920612,0.412449010211172,114.105952719321,1,0.857283353650874,9151.75656455677,0.0625969665239566,0.785860350509582
21,9,500,122.212812754965,0.150926694343086,1.39178088856442,0.949945656527441,0.590337817209711,0.581522906406076,0.486166860851366,0.842907488819668,129.902758766678,0.999924755191841,0.8484791286164,10110.6119222351,0.0635094681397915,0.780655350694699
21,9,501,126.000461947727,0.160056133191282,1.39653887721486,0.918549933614215,0.543237570223992,0.712083048888763,0.808056363548881,0.386492199702395,130.33798790191,0.956453754235067,0.844869972772697,9946.01672827076,0.073991206916955,0.782374354764113
21,9,502,116.785793354282,0.175070181916076,1.31618133354468,0.950000162048139,0.641514201583045,0.594953828137482,0.446168657263856,0.807815831223245,122.477173739431,1,0.860615332965621,10103.9636536512,0.0701893692476945,0.785020464430484
21,9,503,111.366073410288,0.181828092040932,1.29011023306814,0.950000061319983,0.859967720987277,0.457026090573797,0.739687172712775,0.687556541449794,131.818773926422,1,0.777255268876668,9845.06940969926,0.0574911586332934,0.785052604542635
21,9,504,103.874945063012,0.22998469720972,1.04999638708129,0.953820048408296,0.906411936517791,0.668774485373395,0.415260241500486,0.549687051217278,111.871952906761,1,0.84421430011016,8879.19665690696,0.078632366798002,0.786435501728648
21,9,505,101.393326204771,0.263833371024926,1.199940100207,0.950155399350559,0.793438331001873,0.682034933786594,0.84765396119572,0.502842534383023,116.275517702764,1,0.793909185041055,9003.00397778917,0.0815300609040763,0.773935394191661
21,9,506,91.30967567392,0.30133889982015,0.943491949884891,0.949745253174138,0.999999999999991,0.717011480307838,0.634792144691695,0.740421093356787,96.3046706379693,0.99964727362573,0.849186047169025,8451.89035539907,0.0629419310507943,0.776374781129729
21,9,507,88.0412144576894,0.30026688049907,0.895594377219083,0.950215815462076,0.791867331130023,0.588857820573976,0.378199254818507,0.793632023993259,96.66274739671,1,0.823140590607393,7780.4814840162,0.102932738579571,0.780365984272595
21,9,508,97.8206706462748,0.28815038991955,1.05837208167891,0.949992994197643,0.816149559403913,0.75377619775515,0.69715746964665,0.607397325017548,108.480251664966,0.999990299658274,0.811037036494498,8411.38013176163,0.0828107087924162,0.775446672666992
21,9,509,102.715811405249,0.305056129649312,1.00700636913987,0.949999999956636,0.998687016424921,0.821139045209872,0.999719789472184,0.997811134550793,110.621154480304,0.999999999939957,0.813091906723185,9220.72456006458,0.016246610587527,0.78224267242968
21,9,510,122.16140845311,0.295692630182805,1.35700313447006,0.949796254669821,0.613865183732741,0.736814591141297,0.705856371396029,0.765767781993408,137.580900909237,0.999717891081291,0.79282946050475,10284.2193494228,0.0997693209964094,0.77458233378974
21,9,511,124.04592944246,0.245482343564119,1.27070680004448,0.951517510470144,0.973718981604181,0.736176994703515,0.698873000843998,0.850219409375092,135.37978683696,1,0.814739352541178,10591.6158461728,0.0458192459950046,0.773343842763944
21,9,512,122.735916308675,0.218473796266032,1.33071420004971,0.950160051000848,0.82945237179844,0.725406644408271,0.687200928961857,0.449549536302306,127.221874162111,1,0.877423496456256,9524.01704761243,0.0764592888759861,0.785649099186527
21,9,513,119.37036448905,0.204124835212868,1.26005022555583,0.950242846380002,0.890028347086131,0.945934501886966,0.60729478418101,0.778148663049489,128.237709383601,1,0.815619610925708,9981.1316423809,0.0440305526315446,0.791229980293527
21,9,514,124.718094677914,0.154501256434139,1.3850296822135,0.949576848738401,0.753208884908489,0.523542930215117,0.598635013429159,0.585407744028881,138.736993483035,0.999414098253171,0.826155650960023,9953.44015097343,0.063977519181456,0.78955651927698
21,9,515,118.632988572621,0.159467719383608,1.39999862408329,0.950209578567846,0.983483486712162,0.829979730508891,0.648710131435934,0.563527968192853,119.123277051507,1,0.891722408976648,9590.08004384712,0.0438461404776191,0.781536082100221
21,9,516,116.724589444027,0.191632797447358,1.36241762343569,0.946062904501557,0.988430218191761,0.999792213142965,0.88651638758826,0.991643740097397,125.771482169951,0.994548637002156,0.796056234024342,9977.00211009791,0.0146760360809738,0.786974682655099
21,9,517,103.780965279599,0.211644351085266,1.26028099951063,0.950000000000325,0.839578262689203,0.682725029366873,0.892823793097329,0.380044602599183,116.226937578812,1,0.81838231307854,8181.02785762344,0.0682993002301205,0.773802096723064
21,9,518,108.224143059471,0.236298270226874,1.33720787281764,0.94999823476636,0.88135567951913,0.736057093590762,0.646141334553303,0.889994192185213,113.751428569423,0.999997555830345,0.844190096063724,9144.20656603418,0.0536668179561571,0.782246842496903
21,9,519,102.430830437351,0.267319125902174,1.14202194162722,0.950000000056252,0.804322541682052,0.649372284980049,0.605734084220452,0.796412256568849,111.258070866246,1,0.827394267747352,8560.9870339067,0.0752102943825155,0.768108500227388
21,9,520,101.277846809433,0.25782781691258,1.15037668649027,0.950000502610887,0.715078133941734,0.828539267533793,0.546948756927876,0.879364569980421,107.034035678188,1,0.833222774953688,8487.09759502006,0.0699722047733365,0.783619333532635
21,9,521,102.831422398849,0.300448458109632,1.06835220745814,0.9503221414661,0.882849491903385,0.640572550201039,0.770956594186106,0.918325540921684,106.682150151341,1,0.861277595437887,9448.87574802033,0.0576641456003631,0.776790602208441
21,9,522,97.8772704929899,0.290146939139521,1.1023627710301,0.950056733995243,0.997606596442826,0.790600346381571,0.866378704690409,0.998996926199305,112.572188846923,1,0.763355909691489,8240.55063546378,0.0248089143390796,0.78149721519252
21,9,523,104.658331658346,0.289859631798062,1.21827702181258,0.950002259691512,0.992243255301386,0.571143757603038,0.792393421269919,0.916086448596228,124.774360711904,1,0.754245268545208,9436.49130565338,0.0487826480129676,0.792031685461317
21,9,524,112.35198434371,0.307526773347668,1.2033210952488,0.949889154299232,0.867560288632591,0.943514083409242,0.673820796881046,0.893089108112079,127.911189414556,0.999846521337399,0.765046069821671,9805.97589256235,0.0531466535116779,0.782063256263748
21,9,525,118.942052485121,0.259816413563116,1.20773532846215,0.949954073126685,0.780786717819253,0.682750975392266,0.583759509951241,0.700690373352974,130.392210108828,0.999936408944641,0.821503394426683,10263.1687779001,0.0824814159327034,0.78624144362161
21,9,526,122.774438853791,0.251271108831856,1.24042888566179,0.950125799784529,0.844208858760878,0.907455892219984,0.489043961003125,0.732422470622572,134.257031778845,1,0.805922591892742,10658.7146682048,0.0676591614269463,0.791440374988451
21,9,527,125.107570531699,0.2437105550822,1.15824419151688,0.94929236624739,0.989499344138123,0.894102104348843,0.995397279592587,0.590130449532935,134.819552583802,0.999020199419463,0.824181205003634,11272.3731195485,0.035818256634248,0.79309234029241
21,9,528,114.451653884374,0.214137213176041,1.02804333520676,0.950061934611868,0.709608145562465,0.419053448763607,0.328888927214838,0.639289065607988,116.858065232722,1,0.906638182114709,10278.2073801183,0.0964918292391639,0.786741469964111
21,9,529,105.424505926902,0.205924021584401,1.10873176132173,0.949442428166348,0.951846928379659,0.911776054360798,0.40298255136492,0.999121646373088,114.647738708188,0.999227977461097,0.798211934194066,9138.35257901176,0.0354924390546816,0.779374110001963
21,9,530,102.877794592104,0.214017783815167,1.06822352510983,0.953310116205606,0.868663948073239,0.666299008079509,0.896569609757295,0.589294826828527,113.669533364459,1,0.821298187867371,9095.45217723044,0.0533752151805094,0.785651173041617
21,9,531,104.951707981314,0.21527992617335,1.10883123367984,0.950004137462254,0.700818712371002,0.556319160844668,0.59602656748842,0.738649381509405,115.965431932478,1,0.822787470606114,9191.00614214239,0.0755004661556349,0.772511111308384
21,9,532,106.681475026004,0.218481221370026,1.19532823818717,0.949999909121562,0.976712287241457,0.645232019656907,0.81728912431875,0.702193840645722,112.60168334677,0.999999874168316,0.856114572042252,9150.31769184084,0.0454854730651158,0.780247217280617
21,9,533,109.610423201532,0.219164770922203,1.29865401706194,0.949989386287986,0.872860883655748,0.836110441979841,0.807636036577298,0.63780058877046,123.710693022816,0.999985304091058,0.78975463394438,9254.19595899103,0.0525947968853061,0.786000909552872
21,9,534,116.632313353538,0.224181898000937,1.35139995998342,0.949994277570839,0.786120741992246,0.77400006412399,0.571758314382965,0.475286207711748,122.152785702159,0.999992076636546,0.863355119996172,9779.13430734527,0.084028744526389,0.773530816988432
21,9,535,122.939883434487,0.220487398448135,1.4,0.949650765481629,0.999999999999995,1,0.999999999999998,0.999999999999999,121.999245384038,0.999516444513025,0.868295613664295,10440.5069932985,0.0106597479689632,0.769630186259268
21,9,536,124.815081974349,0.228433966715652,1.34982593384199,0.950075848802135,0.917602033242715,0.969456821746236,0.678744116722217,0.617140528822381,137.916900050097,1,0.798080020502603,10243.7003627117,0.0539497566779945,0.792177357754461
21,9,537,119.78468793681,0.220093504364295,1.3818385152423,0.945594413619115,0.591186540611188,0.805868469162343,0.666021208447647,0.944706519409678,117.793366039854,0.993899957318775,0.88870956284367,9391.24048034443,0.0671244708946716,0.773893924669462
21,9,538,125.584276127069,0.231672613718377,1.4,0.949469436168122,0.940361157788623,0.553534088722739,0.76175518260307,0.746536319649398,129.546718084441,0.999265373155861,0.88052061542821,10579.5385037731,0.0600565071992878,0.776145606854714
21,9,539,125.872998704245,0.264464784615518,1.32688273946881,0.94759884132485,0.900127253180526,0.815756240265135,0.891945392527648,0.534592283779454,129.516308982186,0.996675318757485,0.869786472545773,10314.5545192335,0.0642128458236818,0.773334831162431
21,9,540,117.062169085378,0.251950606931887,1.28234498681606,0.950008154420867,0.932199313633236,0.63368215592391,0.559056268422304,0.653503299068123,125.369519152317,1,0.846866827190564,9825.34595654178,0.07498362748699,0.780663883705275
21,9,541,111.547405313688,0.268784947322084,1.30690076762152,0.95000000381077,0.949719716299764,0.964943892384819,0.541446413818208,0.782949470731104,121.691551483794,1,0.801629616591681,9582.36366511972,0.0549598211261244,0.77837037640138
21,9,542,103.825163139092,0.254877328829742,1.05948605023693,0.951463961503539,0.893691930467503,0.416065302491149,0.464352101689482,0.911465221665767,107.184691782594,1,0.883573426145774,8425.99412076041,0.0743169643747074,0.792627711515681
21,9,543,105.555546912091,0.234490882038267,1.07623188849903,0.949885682466787,0.802698859377846,0.569628132415397,0.68578785482096,0.739934828665565,116.622434500593,0.999841714184782,0.821677400523858,9203.77762351062,0.0690296737704726,0.781392927889234
21,9,544,103.006965935144,0.224470661636186,1.10761727919793,0.950223740521916,0.916993198047286,0.932417618822181,0.564466653417745,0.720652615767142,118.605007093326,1,0.764190127822509,9400.71082743561,0.0489706822097324,0.775186986887683
21,9,545,106.922635446849,0.179159487760868,1.22627332488771,0.949965524546155,0.729837909776356,0.744731398020451,0.73932862381476,0.37197965715893,117.839698714895,0.999952264756215,0.827242917499734,9243.38712047951,0.0681321418042482,0.781795866013887
21,9,546,110.506747532518,0.181501946333913,1.34127693801146,0.949093894631501,0.930969519230747,0.829432929884527,0.656661546876713,0.833178945325278,118.717516626949,0.998745392566693,0.820586108306106,9780.11549681287,0.0384025626565819,0.786107459549293
21,9,547,116.783179234016,0.197344507938719,1.24205864267091,0.950000000000076,0.997631135061563,0.413047741574918,0.886345038007716,0.999385280062813,132.291708665799,1,0.801594431007295,10242.0320783165,0.0317778643382728,0.773440796684967
21,9,548,116.415256903464,0.170171607834749,1.35368091586283,0.949723963235324,0.616159324256861,0.60220848113382,0.56296659007733,0.619069516841846,129.033466943506,0.99961779524891,0.821845916156714,10075.7230624963,0.0746217616131295,0.789610063137902
21,9,549,120.051009320174,0.17524600141685,1.29902621983777,0.950571584464578,0.720211042054099,0.879821512347833,0.560386512435641,0.559989771377395,126.233522905313,1,0.847930508403495,10539.571373878,0.0628682925216898,0.780442865942307
21,9,550,111.23273557947,0.194038369331875,1.23259649773575,0.948812872085432,0.70130269313909,0.693080637769914,0.590919085015481,0.586883613505557,117.251766000364,0.998356284425983,0.8574815265193,9508.65584384478,0.0728665683415438,0.773477720057074
21,9,551,109.612341629199,0.20713354073601,1.15737985552002,0.949999998742608,0.720027277131532,0.633948613170964,0.662377321329825,0.77727093795878,119.512368819315,0.999999998258995,0.82624995106584,8862.41650976691,0.0637924112483957,0.773408169668462
21,9,552,108.17024201247,0.206549099900714,1.19691458740767,0.949999292872252,0.788820710865369,0.808860673562097,0.613259266632962,0.612543303370054,112.088235635763,0.999999020900041,0.863467359146833,8795.3618702543,0.0636601950230403,0.789411311168273
21,9,553,113.991796531691,0.2444092309339,1.302717829222,0.949999902812695,0.907545431286782,0.379899530608962,0.839561933452405,0.847869875112848,123.853798466048,0.999999865432963,0.845261930941635,9059.58308792393,0.0610334936481423,0.777947789538663
21,9,554,104.755059436543,0.244033660003315,1.27188431946738,0.948233327875743,0.82276778023057,0.472423174682136,0.781519285693732,0.602105687453615,120.30609718987,0.997553838597183,0.80176565024902,8297.20898705469,0.0811781023955502,0.773977691808292
21,9,555,101.101370973613,0.267255080802712,1.17628364975694,0.950481411403642,0.990069772873204,0.991204696946433,0.442069084378714,0.56816073094974,109.995491445065,1,0.811094989538012,8676.93500492311,0.0660289493089642,0.773324168223388
21,9,556,100.694562936642,0.305298552645632,1.02583228597678,0.951163691640288,0.900368350421218,0.893767062453,0.77986443815653,0.899634773242548,107.536395725288,1,0.818972894948052,8798.25099024534,0.0436917109711771,0.78534911999881
21,9,557,96.6978335047032,0.309139751604305,1.13256906134694,0.950375078343957,0.806175718795109,0.481609407263555,0.413511861040584,0.96107053195839,103.329632834637,1,0.84626306359623,7772.30897177488,0.0952703176559175,0.771946193999481
21,9,558,108.862047875523,0.309452263381463,1.07098572318064,0.971195763162944,0.949036881344783,0.934389263178395,0.959537711436715,0.561188402686435,108.748762236402,1,0.888148906657975,9663.00019291752,0.0518154238477843,0.780350253349341
21,9,559,117.739108036928,0.297859082769233,1.3137490367926,0.950000037354468,0.621727141702265,0.464146261742584,0.766923498253069,0.877927358412571,124.782233489723,1,0.858488781476346,9665.3172413985,0.10119061429271,0.773014516108435
21,9,560,129.16436218087,0.266412871221744,1.22027934069177,0.950000021888819,0.866054584314061,0.729487842048786,0.613398266249642,0.844186156841634,128.865934781522,1,0.892057528300266,11246.5687034792,0.0635239795552445,0.782623645867681
21,9,561,131.846542272292,0.240625243510475,1.24188239267667,0.950068452488685,0.999972485558042,0.83244234179462,0.744980873399053,0.925582103291632,145.316533461916,1,0.796735566413508,11356.9710738232,0.0311187443536519,0.787153451602149
21,9,562,130.352239106003,0.209744395139089,1.4,0.950062714367364,0.80017854501703,0.782697399893544,0.431471699319174,0.956986139264369,142.70272276075,1,0.804316266188178,11902.1837768714,0.0594225328723724,0.783410825694788
21,9,563,128.059410174042,0.180262555797232,1.29673606945456,0.949171290764803,0.525136654887512,0.650049530534609,0.627883760142335,0.725576299269565,127.182078296007,0.998852556443574,0.907268390603514,10531.8885767884,0.074371419129268,0.774587447957
21,9,564,117.728133048598,0.143432224913401,1.16201479867534,0.951433680819976,0.906835013500208,0.749255326080769,0.426974057699351,0.648743190419366,127.270779434767,1,0.830471619688127,10031.4924773429,0.0433531554791087,0.774819349452044
21,9,565,108.75248153207,0.145081368951871,1.21005711196692,0.950003022718868,0.399341575857803,0.461950905492039,0.336137557379415,0.328247616364151,116.366797925306,1,0.876794314904576,9045.99637803455,0.0925820415375521,0.795031025401362
21,9,566,109.06239331819,0.153271054234016,1.2565220001178,0.950021525098633,0.715036440500954,0.607423142668396,0.324229753181143,0.317354543209235,122.602103710109,1,0.823835267793262,8883.05164437813,0.0787186751215429,0.800034778392594
21,9,567,110.589708685609,0.174583018367224,1.29050283199783,0.950119143640476,0.802366445403238,0.446314384043892,0.698787972445166,0.849793187505111,127.969938471875,1,0.788764191285929,9487.65159970256,0.0535531727943414,0.781361957538858
21,9,568,106.90615159149,0.191632676620502,1.27967897648169,0.949998692589367,0.80078025795175,0.585990386854909,0.541365641778174,0.626177063493894,117.192143159433,0.999998189739124,0.832196021042511,9324.66470370258,0.0702044193498612,0.781369718408842
21,9,569,105.406718052623,0.226231155920081,1.16787573639023,0.954914802773157,0.901933166886188,0.572921899699102,0.798929996027191,0.685482956006198,116.386114550214,1,0.824514367844223,9068.60257010809,0.0570138925852295,0.785466625849338
21,9,570,110.953917955327,0.253054185741794,1.34654474615981,0.949999962952144,0.923963629240564,0.910512483210822,0.627619159697924,0.689870336312201,121.629505710323,0.999999948702969,0.805540067527087,9644.23873974009,0.0592517078006286,0.772467264913865
21,9,571,125.616979814088,0.2914686712822,1.39999999964444,0.949995834419722,0.932423986107531,0.859234884759435,0.987001672506368,0.998236261395971,123.061794787463,0.999994232273461,0.89085512902393,10356.7903609177,0.0272444667435929,0.784626051881503
21,9,572,126.628728064963,0.32269444003261,1.4,0.899391827390055,0.978324523132131,0.776284471606818,0.999999999999999,0.854683210615995,123.112659116812,0.929927145616999,0.847265170416762,10125.9216370477,0.0405910156800719,0.770187863872028
21,9,573,127.315337621336,0.302943109823929,1.39944369907565,0.94868099947719,0.81524970242344,0.992497833621901,0.892551591298468,0.968492935124997,134.230676202065,0.998173691583801,0.818025494656398,11041.3808177319,0.0411894994639676,0.777943825557588
21,9,574,122.119962086313,0.279583213374563,1.29620259882522,0.950466649626668,0.787551580357338,0.624548697627532,0.848761935503259,0.771191825402733,126.569073932086,1,0.870231255940353,9932.4533032552,0.0733797180534469,0.776992492644821
21,9,575,115.969625124229,0.262306413410446,1.34470344337036,0.950016697988449,0.944636675986159,0.517071414951519,0.454383723971558,0.792269388766031,128.279409799314,1,0.822419636188885,9974.2190548902,0.0802440138909642,0.776762441160201
21,9,576,122.914663908847,0.249077221380586,1.39105566620445,0.959302809877997,0.888023961570402,0.950610550508338,0.3557986574437,0.856428611447756,131.661748241734,1,0.814310781270044,9666.02077982995,0.0640152626097421,0.777555881564716
21,9,577,119.896569202931,0.233394531649729,1.39889879758278,0.942342798197777,0.998966016853928,0.965008596695081,0.421705329366317,0.994616498421763,116.925983910097,0.989397720581537,0.877489611713633,10237.5283364511,0.039753131789293,0.779066785545426
21,9,578,108.640307105522,0.226332392976074,1.21965569312159,0.950684437023509,0.66559675020765,0.813758130394388,0.403521823022455,0.610843360364216,122.360572705912,1,0.794140635748874,8918.27725856443,0.0893658581452508,0.768508961281179
21,9,579,102.805414269864,0.228840189715074,1.10817090358867,0.949807418145829,0.72930459446764,0.772896772895965,0.450835743926669,0.69709374903253,115.150216086584,0.999733348201917,0.797554877322457,8658.17651491378,0.0780760132760619,0.778938975300477
21,9,580,108.291029159242,0.201807641601046,1.10283164822675,0.956855843988299,0.999999999999987,0.770530039695881,0.923421146647982,0.518651721347747,125.186735989417,1,0.780597130028423,9650.62443535479,0.0397475150875088,0.781564098021924
21,9,581,115.028409691282,0.181932565351181,1.23142881514818,0.950883292627585,0.703746110615204,0.992035915769662,0.486658263074595,0.672721618440323,125.602614239815,1,0.803649381813021,9775.5147296823,0.0583639236524557,0.772812547600739
21,9,582,111.723932679724,0.199507663055829,1.321523288839,0.950017155820712,0.914106171015427,0.300095780649991,0.597765499881139,0.954679593204326,138.054575408849,1,0.744303180536917,10040.6655200713,0.0577207435299048,0.784515277961114
21,9,583,117.368210756793,0.212428102864602,1.15365982478676,0.950527325974381,0.961416659426212,0.813945208686466,0.714885108785804,0.994589632950248,114.197344064132,1,0.900704290591614,10670.3922930215,0.0267235222534846,0.793053186128536
21,9,584,118.981850117249,0.245830915428229,1.27790011354981,0.949999998628141,0.806481381711897,0.558686969864032,0.686362816930993,0.677680555089709,130.701426369707,0.999999998100502,0.830194893550656,10760.9845719374,0.0795218955573317,0.772766992927421
21,9,585,132.897675962883,0.285730166479368,1.36199797576063,0.950000000009679,0.574185451862744,0.984571747334014,0.935597564989833,0.940148281240703,141.657143283811,1,0.812357668304148,11051.3924924537,0.0623475755118231,0.774626489321725
21,9,586,131.304028054751,0.296265793900207,1.38751594757523,0.934049169947966,0.995360580472178,0.523591056348759,0.888860436358454,0.990138511203445,133.77376443676,0.977914235312569,0.863363983352127,11234.9528352923,0.0450659269929544,0.773920842168387
21,9,587,121.650149932802,0.299191796748874,1.32946930622042,0.949783121117216,0.811235175223064,0.536727882981803,0.754162718150107,0.682147186802735,129.29252771176,0.999699706162299,0.859315608804515,10392.3401159873,0.0936720163281157,0.777168227130206
21,9,588,117.804594008108,0.321491819945967,1.32222295434828,0.950004670939861,0.835605512308809,0.390383751723077,0.779947192488108,0.673192136506764,131.212202550237,1,0.831751429759103,10040.2527628102,0.10492657321946,0.780424577597553
21,9,589,113.041629384864,0.333152742214676,1.39177966948017,0.950000084588656,0.994372175786505,0.867139531894753,0.544018255343638,0.99982297890756,118.52388067494,1,0.831728286545346,9890.87028567985,0.0517281371182255,0.77471522263253
21,9,590,117.846881006817,0.303012561373819,1.38801840423165,0.950000000087896,0.999503054495902,0.998641366752378,0.745631627820597,0.980223313698465,124.737845911224,1,0.815374764058783,10095.7177177085,0.0290510260082904,0.783235992837763
21,9,591,116.322465808765,0.301364447341147,1.4,0.955375573394079,0.958662989235295,0.999999999999996,0.947386055563602,0.999299997319458,130.751474915697,1,0.766963575217265,10637.0594224085,0.0198613492759096,0.780362276395232
21,9,592,112.371109445159,0.322087598340965,1.33225573604092,0.952785664114529,0.857648187872549,0.614932587419202,0.888038781231885,0.635521822510034,120.385387507832,1,0.848860762324563,9311.12299464089,0.0859308771005896,0.780885984251144
21,9,593,112.146194701819,0.302344712785267,1.23205972397818,0.950000787908244,0.778753729513172,0.988876211858074,0.983883781703341,0.507478524454166,121.433508288142,1,0.817754041720299,10032.510089332,0.0703185374220546,0.764806932624625
21,9,594,112.364971668735,0.268521124403813,1.22416416919829,0.950118814364775,0.81918270303091,0.687848525909922,0.484149136294668,0.602971055452662,127.637136830414,1,0.796720719900935,10059.3870859685,0.093661672188163,0.790069753564666
21,9,595,117.684725124566,0.247080667923959,1.39819686761908,0.93301250978198,0.804051754746705,0.582429276347227,0.804676109991182,0.958453977810975,126.695558887458,0.976478859698127,0.812932695477838,8791.10929549456,0.0588815069734556,0.770357326768741
21,9,596,117.831724216011,0.249342659021964,1.32018464095045,0.953447997500993,0.890713669937564,0.536702853408596,0.999999999999998,0.999999999999999,129.487674654925,1,0.817103684358445,10337.6255700786,0.0395724332912927,0.788608732875033
21,9,597,133.240464709849,0.240638090083947,1.20912219491709,0.954951242934194,0.974672348498636,0.97967399868467,1,0.862127932455319,128.43949424419,1,0.902308151218807,11610.7321136207,0.017598731440737,0.788944465612418
21,9,598,130.741751565877,0.242856276565846,1.36502116698984,0.947011371242075,0.615474856565781,0.884598975886032,0.653046757740654,0.766647099531942,145.393373658565,0.995861898642873,0.789369065333117,10760.8461929929,0.0789815892991623,0.778979241672249
21,9,599,126.476042500402,0.25814615331675,1.4,0.965701025515739,1,1,0.810132334362694,0.810089281467317,141.10784924499,1,0.780344292022452,10988.1468878543,0.0334718249367433,0.782485015929587
21,9,600,119.000410832254,0.301204890067993,1.17532657273673,0.949966603066379,0.940017356369338,0.990471056290128,0.632434571286081,0.981704770252945,133.00497802656,0.99995375809191,0.772628818388073,9852.77682830294,0.0370175187486086,0.773952882596597
21,9,601,113.690933821606,0.319780475117411,1.2240795329826,0.951630124928168,0.961812807645311,0.531066032276573,0.690201622891636,0.861531626027803,118.339490409124,1,0.869587048135681,9920.3660457318,0.0703970612153835,0.776171610926419
21,9,602,107.418015539898,0.330976681088461,1.08988379778861,0.950380197344823,0.765036769979373,0.653484203758649,0.503993696105464,0.82392276389328,107.872360130021,1,0.893256737460353,9505.37874155397,0.101884731670383,0.765490952325261
21,9,603,103.26472288984,0.35580616888713,1.17507269664526,0.954315827464947,0.736994629450915,0.655567826046323,0.686127128281579,0.98181467801819,110.876624128141,1,0.82825828949295,9316.66078577051,0.0865079572889023,0.777843418708125
21,9,604,98.990335866443,0.384510660847445,1.18520869934895,0.950803865575335,1,1,0.769784924799111,0.897816943891115,112.779012977031,1,0.760690506821788,8996.37531652724,0.0360970794491399,0.768218214488268
21,9,605,109.381289393253,0.381373293630187,1.25259702524253,0.946865981249944,0.84607800239838,0.809172322605434,0.63893566044034,0.505645511190714,116.994323954842,0.995660589422999,0.837674816193883,9701.81416933989,0.11851124377373,0.772371238039449
21,9,606,121.260563465331,0.378033427202706,1.39275716948356,0.948437704548138,0.999999999999998,0.577693600075738,1,0.999999999999997,126.26259328728,0.997836821682037,0.857338254287824,10769.4879328924,0.0423658662058845,0.77570520223375
21,9,607,123.888723100534,0.326147530868324,1.37067523330129,0.947185128251061,0.850411725630582,0.829490997596859,0.744073172475399,1,121.965208387927,0.9961024852707,0.885264295062153,10641.9436550446,0.0558195544647037,0.778479603440385
21,9,608,124.545302270206,0.297637075367587,1.4,0.943508273034617,1,1,1,1,137.430739075785,0.991011454971009,0.774219586727159,10936.8755903356,0.0122027415073518,0.788635142319552
21,9,609,122.519455463706,0.283946232518813,1.39999999999928,0.951718174993824,0.99998671608716,0.944206057292375,0.620638524071317,0.831621940113825,126.531007583351,1,0.846177341183699,10490.9180368686,0.0482781224969876,0.772781898398109
21,9,610,129.389703331507,0.237254276073944,1.39999885254713,0.946706273554579,0.960982753196604,0.902935879721277,0.856319118443696,0.507454406085412,131.849689907539,0.995439455690955,0.871626152076715,10587.1296377449,0.0544126256141879,0.770520975506082
21,9,611,127.403057154712,0.209382173567242,1.39893681015057,0.950000668280181,0.464827030311342,0.66900648876504,0.708315307108303,0.494152210871609,123.501739858635,1,0.940759084616634,10288.8799082543,0.100798889336544,0.773926062365482
21,9,612,123.325666961952,0.208845662382241,1.27367661037209,0.950000197596483,0.840705571314405,0.826641260177885,0.392208800535121,0.898435600070101,126.21319441327,1,0.85971088495345,10492.1259683576,0.0561192831479158,0.776666123583761
21,9,613,111.237823258346,0.202745221112223,1.26185075105332,0.950381674292251,0.736109655915305,0.588268396590496,0.544457358194266,0.63215159891434,129.085583316307,1,0.785714461742401,9204.90494633208,0.0777195361311181,0.778849463372804
21,9,614,103.222444042362,0.224267112245271,1.04328942650672,0.95516050940712,0.988169706494433,0.9522673650503,0.822869664016484,0.900076933924545,115.47217971502,1,0.777838272749619,8704.03028457784,0.0208880842547084,0.781347220401314
21,9,615,105.763176044653,0.235509708231467,1.06616327502178,0.955103497863826,0.952936204192227,0.830357542214022,0.637021032435336,0.652263300214279,117.151736913264,1,0.804500831544617,8573.48499556412,0.053351884009935,0.782114086209594
21,9,616,105.879085333071,0.255683103340903,1.11376650065783,0.952764308197521,0.653708103900915,0.603052684640799,0.75395513317185,0.984427624891754,121.347287882445,1,0.779481987880638,8583.41193650391,0.0679489985791238,0.773008898013439
21,9,617,106.026659408939,0.25606805947727,1.16491742041008,0.949589883106181,0.907651254917458,0.346750099089213,0.826452171349464,0.918521716881803,117.889569005235,0.999432145839327,0.824805718320515,8939.04292864166,0.0579847098918555,0.772606159027986
21,9,618,112.387340545123,0.270035790017769,1.07842389636821,0.955105761223016,0.950268156109714,0.492838372955889,0.859608005641867,0.666008119663162,127.69462787724,1,0.80801507226165,9248.07388016662,0.0648819332651422,0.770926945919578
21,9,619,117.731100239705,0.247543096942857,1.20390845064312,0.95113005780724,0.999999999999998,0.975603895815275,0.80843762119657,0.748040020300613,126.766166044567,1,0.812930439443412,10407.7845198591,0.032462336219376,0.783028565180577
21,9,620,131.91822670613,0.242293837365678,1.39998487239121,0.948602442484583,0.827206669956526,0.756160571685025,0.653214031940065,0.778009486521169,135.596144253774,0.998064920363269,0.865184237173497,10931.7885040031,0.0666349604829947,0.785882696938232
21,9,621,135.192479244115,0.258344744808,1.3663857315307,0.939882803817893,0.999999999999992,0.751577409060535,0.321256028447289,0.792440756688936,140.630450894713,0.985991574517083,0.844269353782182,11512.8515470231,0.0706041464999572,0.782704347029529
21,9,622,125.896403820257,0.265308838492848,1.30928937632934,0.950000340631853,0.989590031610717,0.936271852737879,0.967526393923946,0.898236285942045,130.370041817736,1,0.841539955790998,10947.1683739922,0.021771246463424,0.782515882713999
21,9,623,118.885936472855,0.252461848162886,1.24372316903072,0.950003706811424,0.999133711910973,0.851793159172355,0.758298578932018,0.99067754239064,123.50186258026,1,0.840999345029367,10763.236560073,0.0269963146741098,0.773817745592087
21,9,624,118.784923491101,0.264959043151299,1.39780352254854,0.95212132997943,0.890435906563901,0.575909651692545,0.591032929520564,0.796317970310787,132.341765580001,1,0.812001267950582,10464.5027608907,0.0770445047827586,0.782874752875429
21,9,625,113.727054225687,0.226574793138673,1.32582623385598,0.953955474887035,0.852831883871059,0.712706934272827,0.686016975088851,0.831783946337092,128.011600562215,1,0.792391849172278,10128.7671405678,0.0560710698458507,0.785500782319615
21,9,626,107.754699684331,0.199660258007529,1.13812311158754,0.949998273740377,0.721107955769764,0.73661290612044,0.646801953419263,0.566027994558305,112.007249020053,0.999997609794369,0.868554547160518,9208.18040348913,0.068713976874509,0.789562593842873
21,9,627,104.596757523005,0.201349284256883,1.23215937733614,0.952056892415833,0.846547176752657,0.641064894873564,0.67867654414632,0.73705122261941,117.414733994502,1,0.803760585649894,9345.72226582242,0.056079761136165,0.780530388958802
21,9,628,105.80035595312,0.194244871987154,1.25891933714184,0.950948698481455,0.763134111652981,0.833389290454577,0.452598981750167,0.467999268594127,113.437206540342,1,0.839177504945335,9001.56221842183,0.0756373366302084,0.775754982261581
21,9,629,113.173257175655,0.191008192697892,1.4,0.953487586860607,0.640757727605,0.877555371523375,0.8299395884606,0.746630302644425,125.297185760454,1,0.797524121861431,9823.20494192797,0.0568918751307107,0.783520567384992
21,9,630,111.710533025264,0.214976352374936,1.12114379708602,0.950098784036516,0.882703313312657,0.798603421841669,0.561467374822778,0.49022487427205,117.613342680964,1,0.856246406388316,9328.43427511373,0.0671705503072046,0.786126127730583
21,9,631,124.222533828729,0.242846935263348,1.3280442116964,0.953874879974324,1,0.999999999999975,0.677793688217445,0.999999999999986,133.441208955938,1,0.802513646792748,10843.4203176511,0.0249574070654589,0.786437758458051
21,9,632,121.085138571721,0.28564485555453,1.4,0.949057391950291,0.992375612531655,0.806514993335526,0.275658678117467,0.497735000669227,126.453040467792,0.99869485039271,0.861131972277829,9738.5719953103,0.0999216177498327,0.772168353075285
21,9,633,130.503344955852,0.33666700547676,1.25686196880275,0.949999963348895,0.759598102355382,0.70914769199444,0.763294742105921,0.903097563786139,131.053236073535,0.999999949252316,0.885079958289424,10583.254799898,0.0794520757064786,0.779932830589279
21,9,634,142.844428878308,0.320307881797499,1.39974816423916,0.949966052377627,0.99630395328939,0.761367872916192,0.662011935683029,0.918251171493194,149.004356121246,0.999952995599791,0.847407494236951,11609.1508354703,0.0550208991778041,0.784597058764898
21,9,635,133.143541839136,0.328053897669061,1.33914362886004,0.949999429003883,0.767648305210866,0.838233433012675,0.883171576765134,0.299663066879352,142.57594598887,0.999999209389992,0.847558141202268,10548.4617568905,0.112622562936232,0.766936180902117
21,9,636,124.636391878223,0.331505244154169,1.16837740820965,0.949997748507851,0.999594574014411,0.999622591255828,0.726728655744525,0.909718613434536,132.221275438765,0.999996882549332,0.816452956015009,10667.062098809,0.0327594657320024,0.784438966838603
21,9,637,115.662546296933,0.286848181313564,1.19376556947481,0.950093888934583,0.708922900236152,0.776020181051855,0.613794166490341,0.789207752430673,121.967839377011,1,0.842970676761942,9316.67660789313,0.0848918387768626,0.766537168521853
21,9,638,110.980116844204,0.265254126345778,1.26686823475118,0.949999647553624,0.895884618580929,0.921382611202255,0.700821256699671,0.526826094969623,109.544599303747,0.999999511997326,0.901540268404516,9404.39888928032,0.0688959080365991,0.781028278001181
21,9,639,102.401744304153,0.276926576544111,1.31204419512192,0.950670677187459,0.980764318472823,0.830615701051227,0.868374291025814,0.491077790678355,122.553777942927,1,0.751052660119428,9168.50874299766,0.0624209566184523,0.779866877177564
21,9,640,97.5010947379831,0.254119636733133,1.14623282953566,0.949852715783199,0.795400371199523,0.580812403115372,0.636193710889247,0.664855140545519,111.589830116875,0.999796068007507,0.795618399094891,8779.23156582885,0.082235937768144,0.773664680717638
21,10,13,77.1930958213268,0.327739436729435,0.866988435175657,0.949795533045841,0.908478452263455,0.621927622620435,0.711868162242156,0.325778181980913,87.0824663967951,0.999716891909626,0.819222927745945,6536.71077108697,0.113485479911055,0.768044105218267
21,10,14,75.353228004378,0.343529855966409,0.902306156026869,0.949592347555541,0.898524277815856,0.510579806220389,0.9109868048542,0.830175521764441,83.6891716933008,0.999435558153826,0.817432572157614,6588.21587030239,0.0700357396186068,0.775789903052172
21,10,15,69.490378037383,0.340647892125049,0.800039437970347,0.943629147139904,0.998289808323195,0.719894334563705,0.808024472112588,0.303593068886201,78.6120909787242,0.99117881911679,0.803672601114435,5647.82037620672,0.0965785913386968,0.767019496785445
21,10,16,71.7048192356613,0.307201879899336,0.869098929398558,0.949776250137525,0.829354397690656,0.660969247141342,0.475986866370703,0.837535280495994,84.2766991061266,0.999690192498111,0.761914530004873,6329.48832473497,0.0879120550298272,0.771109689246271
21,10,17,77.263820797543,0.27666148578785,0.915632484629517,0.950002351732518,0.714997575396344,0.453164350754563,0.577793438637971,0.434042812058176,85.9253053152186,1,0.839305507565669,6671.13354799827,0.122868651119748,0.780896380292811
21,10,18,84.4678992720845,0.257896847160413,0.918200840461103,0.950261676838443,0.857408134822709,0.364522286992397,0.402515929558634,0.750652571435467,90.0581271622623,1,0.867252816057973,7188.9953754419,0.0944229505744233,0.771554477642937
21,10,19,88.8708828342064,0.237809969266701,1.00000911039261,0.950440905428976,0.925359184757403,0.754977409653316,0.885929188997258,0.3647390345863,103.217286033995,1,0.784601607473857,7424.04936456585,0.0646504843974417,0.775310072905745
21,10,20,96.821285695514,0.234790203228365,1.04207332532168,0.950879003020782,1,0.615526806528235,0.731068632275163,0.587571151105848,107.477925153691,1,0.82133698168442,8312.04655035188,0.0577815545349582,0.7811977854351
21,10,21,96.9367783021503,0.226013518254078,1.05164776518925,0.95006934651108,0.871431444934019,0.693595723447896,0.336825900385657,0.664892083420081,102.592090277721,1,0.851812587057124,8509.13619827395,0.0760679150169522,0.784881220871612
21,10,22,90.5531162421691,0.248882228187179,0.965079216892062,0.95125456857351,0.787502890270651,0.608994727371547,0.503485941694362,0.60794224448132,106.45438858197,1,0.77514753413005,7966.27615623749,0.0901133329188234,0.774058527961404
21,10,23,84.2817278457073,0.253442888308279,0.909068630019328,0.950000072944239,0.729644477880837,0.654058018467012,0.552456676314613,0.361882994363865,96.0472081905626,1,0.807182403679337,7544.57420941158,0.107949412368728,0.769180017140127
21,10,24,77.2833240839585,0.264305121545843,0.8,0.950500887853954,0.787934617636078,0.793262545871224,0.726514747416414,0.766892718735465,87.0078297150004,1,0.78930303343833,7362.8250325978,0.0645986816538598,0.777207694886135
21,10,25,66.6136157126765,0.280818691751756,0.800996873845138,0.950961990066426,0.752312215844921,0.302484354867179,0.263716139950482,0.299209879304624,82.1640658548842,1,0.773457587041121,5765.57413546788,0.155769522521927,0.762873325747369
21,10,26,64.0925858103138,0.27445651560401,0.826344826904978,0.950206068931939,0.641795567174783,0.59711756500365,0.299993416710838,0.525129936611891,81.7565941363136,1,0.718410817769517,5950.97789152353,0.130808506455282,0.760477809922036
21,10,27,66.7742943000478,0.319903406881054,0.903076672828273,0.950000796107875,0.999705715679343,0.999793168131322,0.531727300562795,0.99743539618665,74.2343387885456,1,0.775553624120954,6477.87978111045,0.0366084407061576,0.776237957876625
21,10,28,74.2615014862649,0.319807166924652,0.909721534975891,0.949991150807873,0.947551500453283,0.618524323925515,0.722649895840362,0.459113165510314,86.188808543281,0.999987747272439,0.790897980397605,6613.23254981337,0.0952111751474586,0.762789813573708
21,10,29,82.2200538286676,0.295378968943167,1.00300533688691,0.949444064246757,0.939369164913486,0.512229301190675,0.738042717750443,0.824935366037499,89.5921992480708,0.999230242803202,0.833099062234614,7587.10213162164,0.066512589377037,0.765929768699288
21,10,30,87.3303557194433,0.290752386736729,1.13668833518143,0.950263250891628,0.898363890436953,0.464969176970113,0.717837288390117,0.751560087901147,105.722109234122,1,0.756727738306585,7790.27724694169,0.0786254659365122,0.763641776880855
21,10,31,92.269672690678,0.272196014815038,1.10658878727037,0.950001187776484,0.951669335396985,0.75408923826537,0.762833622516319,0.868875871504455,105.160668916481,1,0.778167545303858,8073.42850658279,0.0439307974481611,0.765066970842635
21,10,32,93.4412474554543,0.242224550578277,1.04733468328887,0.948229760417488,0.99999999999999,0.58400256221278,0.871400068889931,0.706382201484582,100.999147914013,0.997548899039599,0.838403964612484,8059.71957372708,0.0469925255706186,0.782746260016788
21,10,33,93.5551546327365,0.232038633415874,1.12093067370327,0.950004723698736,0.730991126766387,0.731213393339941,0.497630709199233,0.525204368945115,105.558918657524,1,0.802332784573057,8004.56809487677,0.0885708775581061,0.787243055267417
21,10,34,88.0573991616079,0.196528395274695,1.05017635576666,0.949998228288499,0.865241746975345,0.494047819191803,0.592996702546711,0.666549990853644,95.324387833778,0.999997546860999,0.847957873978037,7444.3430322246,0.0634786604482903,0.785418162914551
21,10,35,86.272321410927,0.203862071129579,1.02514040303496,0.950916674338274,0.783621761256463,0.305426249986955,0.437419040945878,0.666387503016564,102.470144900625,1,0.786460590352676,7230.68609879442,0.0849442233137492,0.77495675231724
21,10,36,81.0096400167904,0.20853120693087,0.887732793863643,0.950445507711891,0.878850780994428,0.770674518065233,0.545495733190506,0.43849735017851,88.0324287298738,1,0.834007538992029,7074.3431583313,0.0698490561320618,0.784653238732282
21,10,37,79.9887465379253,0.224923836968641,0.902915657658321,0.95010407161512,0.700987273411852,0.577779101291749,0.360431890937132,0.311867484221189,92.1573582759992,1,0.806285576469716,6264.85405244382,0.112597090249753,0.779753303715867
21,10,38,75.0069878414618,0.236485214717489,0.84756970437429,0.949822511413301,0.728912027787922,0.440257766300299,0.456764539953575,0.703305905407936,88.7740905304965,0.999754246572263,0.77765918242571,6281.11862367465,0.0942287181215416,0.78318685828217
21,10,39,78.3358173446489,0.244231834706755,0.876236083135172,0.954306669584825,0.856442554207107,0.476750518050017,0.300793905960469,0.302405182522189,88.9827131432761,1,0.825983039615165,6562.66766755529,0.116906436677467,0.781441094474251
21,10,40,83.3963828955336,0.253654611675663,0.918242046764931,0.950788606569728,0.877888933839596,0.810782818580368,0.719749023715402,0.336183642502847,96.0231197872274,1,0.788652631988619,7396.49154622776,0.0808656610374169,0.772323419137086
21,10,41,84.3105506033374,0.285866903444085,0.90445167867742,0.950008061233616,0.797301058532575,0.629200771279333,0.758948211837023,0.53799292202799,95.3087718896898,1,0.807710548677915,7409.83369517108,0.091877799378051,0.772938119028301
21,10,42,92.5730445210526,0.287138584796567,1.04008973994983,0.951421260060005,0.854621736557756,0.596014714905617,0.309230324710501,0.681678168722852,100.840303760256,1,0.834179478767408,8140.66576026832,0.103752972564287,0.785782492717814
21,10,43,96.2311370257783,0.290549628978172,1.04064416244681,0.94999670762332,0.810121345823272,0.683008485688666,0.357345537824573,0.619100518516616,108.821385560705,0.999995441324597,0.799947541601896,8309.76051130855,0.106710674864257,0.776617670376845
21,10,44,100.725562061242,0.271973780754807,1.22944217717531,0.960254464891298,0.73646259784303,0.729476109580736,0.319854163043451,0.841678291746157,110.454075904385,1,0.811717404926985,8761.93056561986,0.0935166506045157,0.777928825500472
21,10,45,95.0106423726148,0.265100547206081,1.10864807484552,0.950356138855498,0.889283153397947,0.574976300546633,0.921693305574851,0.870764861535988,107.840210140321,1,0.793905682457573,8776.92891334362,0.0485731235046016,0.777207900716349
21,10,46,89.483625500918,0.224588660129938,1.04383511853019,0.950013627110527,0.730080993766346,0.655996104752142,0.563224805233533,0.781178897812086,99.2097892199066,1,0.810775472569824,7619.22339160333,0.0715208579819951,0.781615305407191
21,10,47,80.2775939883185,0.195316706350027,0.95777064256867,0.949999954011754,0.678793192688332,0.611730361382378,0.35092617163638,0.763732920111946,86.6906797824084,0.999999936323968,0.836518332752674,6827.36064532397,0.0764064214992203,0.779903902024447
21,10,48,75.2652704012678,0.17346668890473,1.08927654608402,0.949999105743103,0.805026785930798,0.48613976607834,0.385909783209702,0.831654004133575,90.2949198592567,0.999998761798143,0.758796790146147,6899.54879853285,0.0599570279757746,0.771841862166355
21,10,49,78.6198960716569,0.187034842581229,1.01441105375212,0.950015706305776,0.469370894877865,0.574985208627216,0.484098279614835,0.301706311218989,85.4652036104855,1,0.855247822277354,6814.39479599563,0.104735138131481,0.78051530082437
21,10,50,76.7822759813695,0.178169575843416,1.02461255684956,0.950017426139455,0.789869392174423,0.642044554178885,0.31726912832745,0.433631531701984,87.3009566733305,1,0.806727568651353,6646.43725169649,0.0777025999583276,0.784441691571986
21,10,51,76.7657037162644,0.184005875526203,1.00811439664275,0.949999981651715,0.64486328451583,0.721021211303481,0.58787112956456,0.596188582280101,88.9241297025931,0.999999974594682,0.779215264775791,6794.31968623,0.0695344699241798,0.78244430146941
21,10,52,79.6558356600924,0.196237880664447,1.08103597156054,0.950740765666938,0.71758727322649,0.733694785900867,0.564166136156153,0.708813621453638,91.5775376062629,1,0.779478286861284,6810.62349075997,0.0641193068064576,0.777062005788583
21,10,53,85.8799030652847,0.22970826256465,0.915410780076335,0.949993822840355,0.981600390476268,0.485342025565557,0.512726297143129,0.506767796739714,97.5992849304976,0.999991447009722,0.815537230915791,7234.84847393307,0.0780643063590714,0.781080181520981
21,10,54,90.4879350887419,0.214352250527753,1.14975099244503,0.950140804057267,0.66353198821931,0.600751314150155,0.52965740746228,0.673637034218251,107.545330287757,1,0.764560216916745,7502.31013087839,0.0825873129318318,0.773384833739515
21,10,55,93.7873694083833,0.264442994844706,1.09719167466333,0.9500000002839,0.763759411590938,0.799299673029135,0.568818203884154,0.741748829965332,99.8821699025841,1,0.835068439858793,7642.00801437472,0.0765851814423585,0.780682680743789
21,10,56,100.442639416652,0.289299436368626,1.06334932117416,0.949999265692294,0.926148513737896,0.439821417986709,0.515429578429835,0.935931024577944,107.845159972069,0.999998983266253,0.846583595391533,8685.17389866487,0.0751054586354969,0.786843936914882
21,10,57,99.6340626558642,0.299474712239606,1.0604960890333,0.948515645307166,0.892385587946586,0.623377178526393,0.818120310358256,0.999999999999954,112.637042707334,0.997944739656076,0.786519573121452,8449.45526918188,0.0484649180622812,0.790256864779293
21,10,58,96.9365535383955,0.286037766373344,1.08324844631439,0.950126561463157,0.93965542074155,0.76595533739629,0.756330022019411,0.580299357766183,106.288104970899,1,0.820591936321391,8521.98507787184,0.067764577423171,0.784298524196604
21,10,59,91.6017480850015,0.291264886623212,1.01864550230375,0.950000219235062,0.691346872148764,0.447243307463836,0.641885462926254,0.615361007246555,109.192435797661,1,0.775579037765746,7884.63321703659,0.115139181064085,0.770950157142364
21,10,60,84.9277092556871,0.289139133223553,0.810032512071934,0.949999615838386,0.998531386692363,0.471160669632774,0.859409601884541,0.906889429455295,95.9037185204002,0.99999946808392,0.803928872912593,7681.24303109915,0.0483153852099407,0.779032525916176
21,10,61,77.4647440659211,0.279428087607701,0.886204241610575,0.948598174056857,0.96575268553164,0.952009289528578,0.355845213277646,0.551484531955568,83.3959459995618,0.998059010232571,0.821664703503074,6782.53123718901,0.0786826776587722,0.773089419941552
21,10,62,74.1678785072174,0.310833011592886,0.83742250111753,0.955086137604901,0.997798657990971,0.401934097733175,0.943950813381885,0.922000966994497,83.7546189504563,1,0.808331249417391,6895.36492426492,0.049463456323279,0.773219932259487
21,10,63,70.7184802483417,0.292709226113133,0.85900408473475,0.95006575682493,0.755330100867189,0.484798209753608,0.415451086038913,0.497797472783259,76.7162399594171,1,0.854843878590559,6276.36713550408,0.129035359848487,0.770896148707079
21,10,64,76.8891812706304,0.299526822068341,0.992947108281396,0.950000000025503,0.779903651835819,0.615643573170061,0.520690529286162,0.668969204097933,87.3564229252838,1,0.79892508135525,6784.13678558917,0.103288072059874,0.7786579525764
21,10,65,81.8607133942339,0.265651093615121,1.15002102789937,0.949984838815251,0.941184529522179,0.832029039282123,0.445432705555915,0.548983984859072,92.7901577099857,0.999979007590348,0.79039660586249,7600.42542121536,0.078231492047991,0.770302434691062
21,10,66,85.8323943514077,0.266244734093679,0.945374831010107,0.952573228085307,0.968284128312326,0.339704310264501,0.593854280036968,0.793902677212041,94.2548550330661,1,0.841935798000475,7758.66064581008,0.0752693176496583,0.772823747186202
21,10,67,94.4781461576108,0.23690070431181,1.2352268315386,0.950000077531985,0.705188304992933,0.93382002421978,0.700544992666186,0.82271377445474,104.108021259947,1,0.794141526249974,8532.59282147512,0.0588231525107779,0.78574811814588
21,10,68,94.5102026301555,0.25698133531721,1.14833918266719,0.949634880755019,0.793174433373943,0.624312334239278,0.37636703874097,0.353774024006334,105.73795754684,0.99949445027618,0.824396336009744,8122.88717443501,0.114689694332606,0.784498231573604
21,10,69,97.3261804942119,0.282758971610344,1.25782419064111,0.950221033962171,0.789743672591983,0.527873528347398,0.688545488255178,0.619008445405365,107.600676687323,1,0.82988310624685,8379.49833059858,0.0977340819558317,0.781718174912414
21,10,70,95.4624724237176,0.314425911954682,1.04605930652504,0.950814897833299,0.916502915667283,0.548626662014551,0.875661914998128,0.68980600832546,106.131746749112,1,0.820497671684019,8105.55891074259,0.0732258001988224,0.766987244948412
21,10,71,82.17256367124,0.300079950717927,1.00166368365486,0.94956871454747,0.857826238552189,0.693347481574981,0.518599282482379,0.638240668670818,94.029275049757,0.999402835527266,0.788514954529296,7046.20734037082,0.0935283927472596,0.771554652272405
21,10,72,75.7839616275075,0.333677992570585,0.914648938290604,0.950475849423963,0.997552715914608,0.299932135966063,0.745361693400428,0.93413503386184,87.0592220260196,1,0.801523343629277,6567.04975851246,0.0714947368778092,0.765116282406624
21,10,73,72.4845035532392,0.333222306017481,0.892390335656437,0.951247059744842,0.875331557961041,0.402946503752949,0.284124437221662,0.299999999999875,82.5165563997143,1,0.830037038821959,6012.48199332348,0.163038575564215,0.763972883597459
21,10,74,74.777266215063,0.317247174141721,0.90269943289427,0.952583779447949,0.9917978712947,0.449528562083359,0.338182492539218,0.694188737380387,92.2788126817194,1,0.745755069337316,6387.79120108343,0.104936457228678,0.766064203151413
21,10,75,74.937357859781,0.315702433892708,0.813295720858974,0.951205215746738,0.830774595865186,0.609519917578269,0.68814120963909,0.828424259710235,81.4710239766693,1,0.828161560803908,6723.98534301807,0.0804349816289476,0.773646590572787
21,10,76,73.038993188108,0.308040685118835,0.804615153471498,0.949268914404198,0.78260134524888,0.884720819311378,0.497403673294032,0.759451652278779,81.3647979560235,0.998987727636582,0.790770247963642,6210.36821762365,0.0854800992223558,0.767367140857934
21,10,77,80.5367390154685,0.292731493056681,1.02741289092295,0.950273697124618,0.919353032258997,0.498050701842863,0.510595382139365,0.705137372133181,92.4653439310731,1,0.797530590958931,6960.46796347385,0.0907976667806406,0.77517569300086
21,10,78,84.8692062649535,0.314695572640041,0.921924195460763,0.950765671413222,0.878454199042406,0.902038900387709,0.966963909403863,0.417503174154501,98.5101152575903,1,0.772494671374753,7392.22325538887,0.0731369670680314,0.772734672430331
21,10,79,91.8313911358609,0.270909759869121,1.01326755756355,0.949998314244717,0.854470994597209,0.610733305302374,0.727909114677985,0.789854845561952,106.407291343738,0.9999976658773,0.778568673113639,8049.84620332679,0.0671741399991191,0.781927786318866
21,10,80,98.6567974927976,0.295091701155213,0.988202423481367,0.950071249483731,0.727350436724428,0.55489137189957,0.595748935518196,0.513014031930992,110.624194590101,1,0.820992358045133,8399.72989761577,0.117488873738381,0.778378188642835
21,10,81,98.7101712566559,0.279379587616027,1.01489799482765,0.953397767966959,0.999999999999995,0.693959320344892,0.704646645143692,0.778637245859747,107.282749965025,1,0.824372294403767,8582.41365697513,0.0529420635874262,0.786328318910705
21,10,82,97.4612803233617,0.256519985354111,1.12394344163048,0.94998276798281,0.771815631586706,0.758867864352138,0.676791768952842,0.485484139839068,109.498019805088,0.999976140283891,0.805465574034141,8466.64236599177,0.0863289600122846,0.783252359094007
21,10,83,92.7380146943575,0.251012921118003,1.16965241149678,0.951288270869214,0.789082880896885,0.401899340526469,0.697534757896663,0.861365041912194,105.732921407923,1,0.803296543782389,8468.04941975794,0.0749494985720805,0.7725833477676
21,10,84,83.9895333464033,0.277729939605199,1.01714104781998,0.950957245919434,0.852450777305087,0.5909384428881,0.768473434147999,0.72580182454848,98.5514968793985,1,0.772907338036086,7467.4470952612,0.0722453796263384,0.773578700165869
21,10,85,80.200629794585,0.235286328066233,1.01103468324813,0.950484583165317,0.938803744536091,0.541574937705082,0.67885886392795,0.609340680941644,92.304288768585,1,0.796605763319627,7370.99337736509,0.0672514811893209,0.777603565435407
21,10,86,75.6915079366307,0.236117415648394,0.876000220767409,0.950000016164057,0.747226492487734,0.531296187365573,0.384063393219439,0.608108566584039,86.5051378723141,1,0.803029925751943,6775.33803644731,0.0977520418886955,0.785086499336963
21,10,87,74.8585355663017,0.207424170241146,1.00959953354511,0.949991807937266,0.962853023134373,0.621997934807388,0.425282693378035,0.616132824428522,84.4926292063477,0.999988657143907,0.806034430633773,7162.93249105603,0.064706399037237,0.779647631161466
21,10,88,80.9292169750403,0.218467698106097,0.925348233810629,0.950000175229651,0.797277004543143,0.302373503145132,0.391597447231059,0.342918164671273,88.2225849768708,1,0.872972080153876,6699.79151905676,0.10977494705783,0.768391487790529
21,10,89,85.6784944212349,0.24044501359678,1.08041311155477,0.949077225811825,0.854500197026265,0.577830008853475,0.734491467606287,0.702677802726038,97.9112689593965,0.998722312662527,0.794535772621917,7582.71556872881,0.0659655569533397,0.775903441892716
21,10,90,87.8095622478369,0.268402771899115,1.05657175272716,0.949979803053877,0.99628544811294,0.463169971114289,0.876768914699219,0.501694365548921,105.458540969123,0.999972034997676,0.773511350604094,7783.56591812385,0.0717043706091465,0.779415346976122
21,10,91,93.2098079692934,0.27543213761015,1.03056206089373,0.949013058400954,0.988343395065699,0.714638449010763,0.870421302362406,0.999960006628608,101.23166374299,0.998633465478244,0.812665072309929,8270.86268503511,0.027920728974503,0.777197395279996
21,10,92,93.8698363519014,0.308256085626707,1.04999559603513,0.9499851336318,0.757001095446607,0.603532799507142,0.895521366442861,0.497554526684952,107.635051747404,0.999979415797877,0.799934834942455,7817.28582683283,0.0995423041559807,0.77835628258244
21,10,93,97.887258065386,0.327525855799592,1.03887900827845,0.957252213034664,0.918880441916421,0.868334395660414,0.591709464465116,0.783751044901487,110.185916900913,1,0.783503990372301,8469.95479595666,0.0680638031427992,0.789358820196055
21,10,94,96.8170178921913,0.318774625070218,1.05413615429688,0.952428532959142,0.839121179677291,0.925600474663957,0.664828624248981,0.786944220299575,113.771794865969,1,0.746616042128763,8013.86869901911,0.0669419450160564,0.78365696737455
21,10,95,94.355387009693,0.319566518376849,1.01043659283409,0.949802127545161,0.856321483472939,0.631577990620827,0.516021014090208,0.705659584446721,105.897330930735,0.999726022754838,0.805758633707697,7688.8331692777,0.0981019178622393,0.77553141371398
21,10,96,90.3434957892099,0.289904391787844,0.855600156789718,0.951107014817648,0.992516988273021,0.443682975130955,0.483530909546796,0.535973159703415,95.9033338011665,1,0.875061116771193,7467.12522372023,0.0991637241317894,0.769521057994426
21,10,97,82.9137665576923,0.234582650588891,0.966941336293585,0.951897471971316,0.878443835680584,0.9870937888989,0.972565382148453,0.494527202716397,97.9274416829031,1,0.750354457059843,7057.58915304715,0.0461477789384836,0.775752185938443
21,10,98,75.8201660914769,0.202675910093211,0.89691769365213,0.950000921082361,0.489946724491577,0.400459289385894,0.305250901382358,0.506576089462584,91.0908753048067,1,0.777584018853708,6290.05074734417,0.115270256186587,0.775557676603115
21,10,99,71.5304538570039,0.204477690515576,0.841326930551207,0.950000000178258,0.630187875256615,0.515039321158596,0.401948240735707,0.315907933103223,84.6929989499207,1,0.78899394720415,5929.72716565367,0.107833464149039,0.775969116529662
21,10,100,77.2171745335164,0.192481781075763,0.984824083704332,0.950302891127341,0.601235641102055,0.399555845895324,0.444821528150847,0.377207825811275,90.093893964055,1,0.80659145915377,6434.34533118496,0.102858647318699,0.773655298770885
21,10,101,81.9597741208565,0.198296862882792,0.961128753564551,0.950001972468477,0.581819529087262,0.342417870737898,0.371072873575563,0.877794965217911,94.0414869198622,1,0.801840313005342,6842.94398897854,0.087461732867448,0.776018673689937
21,10,102,88.5956831749123,0.191792107989645,1.0670764672363,0.950000007540199,0.914866149049475,0.643803536722159,0.334935326573759,0.446488677977127,99.6272829406946,1,0.814970685569821,7569.58219055393,0.0738980700610605,0.774076734490698
21,10,103,95.3984886469192,0.225333255848557,1.18602757457703,0.950116485275741,0.774762223054168,0.401238386590604,0.603822065059893,0.550998353614243,107.30195577221,1,0.828437544364648,8558.3014711969,0.0906050272474003,0.785758082473334
21,10,104,107.457605374249,0.248315205159928,1.24184249529392,0.949998562287456,0.78620568155344,0.522605450651279,0.835145919372691,0.573580328086422,123.175554751618,0.999998009321094,0.802808469033652,9447.24553156348,0.0818400551348493,0.781113702130793
21,10,105,112.123761841821,0.291060547439744,1.21058991686035,0.948621450738655,0.783347201992665,0.936833213140392,0.611819574786707,0.834706361378768,115.249105260819,0.998091239484292,0.848971814106395,9958.8039768062,0.0673404179389837,0.785802582818241
21,10,106,113.31074786039,0.286938970276705,1.35616597454084,0.949989382689286,0.613120459036445,0.854777569623671,0.857371774096179,0.595969520288693,130.496953276524,0.999985299108242,0.77440356486088,9613.16242124432,0.0944154518967038,0.768854797478003
21,10,107,101.410990716249,0.297297836099356,1.12338978121346,0.951356533940193,0.958128423499434,0.705129117695854,0.600519945671464,0.880266438697967,104.021287893038,1,0.867872380776839,9285.50061554253,0.0587345207597054,0.775790625962373
21,10,108,91.3182526093555,0.318172009982626,1.06272573025682,0.950000000000002,0.889113667105283,0.773748673972629,0.53566208644736,0.981236510383226,101.799225857669,1,0.789477179774777,8222.62345835386,0.0627097655995588,0.778383684164468
21,10,109,81.482160984272,0.354000004044255,0.899695488841979,0.953957204142087,0.870330505942658,0.69736432234306,0.86216705373252,0.568061692674522,95.6703185678884,1,0.771590739906171,7193.35257921836,0.0904151095209901,0.772841357993346
21,10,110,75.1726254198241,0.345322517610107,0.830021778420012,0.950494579323157,0.740806457773142,0.653171778326464,0.342977936413088,0.606585563168536,83.6442233940632,1,0.815747144807399,6884.77201933186,0.139132114260646,0.771248312493495
21,10,111,74.1810866909839,0.321649914950125,0.803058921236806,0.951765342801085,0.724865701139309,0.299777175471881,0.752787173611126,0.831943477837276,92.5297863727467,1,0.74238702375341,6484.32792591207,0.107364750222578,0.770056271535328
21,10,112,80.0636856755088,0.265348128531356,0.845703209713359,0.950800488571866,0.764262812372155,0.347875759557309,0.700669065021316,0.6072968358719,90.0394287656127,1,0.830083901846311,6951.73163251632,0.100283643635342,0.774261146760715
21,10,113,84.9567462503826,0.234299889256934,0.921686355647307,0.950958623824153,0.858215366549072,0.44603620580764,0.440975621460315,0.419902255395822,91.1501299724296,1,0.871242186456951,7179.92998782013,0.0998509784958849,0.778373718959964
21,10,114,97.8134913585982,0.224114679837779,1.0242256707712,0.950104839819232,0.683929003320314,0.518195321307894,0.301702978004961,0.637238982645056,104.018989733434,1,0.862657034103854,8277.96326238059,0.10033599643061,0.779675534075773
21,10,115,106.200936685987,0.204850907236337,1.04999084020863,0.95021118183096,0.998540301008374,0.604372089687822,0.547696293901176,0.795230254087169,115.385120048245,1,0.830576403590208,8891.92378342502,0.0478075098850047,0.782756525328858
21,10,116,102.17970224572,0.168238530710349,1.17234712776107,0.949679255197272,0.933486521432809,0.630851378696522,0.447234417360113,0.665727273339602,108.178945791584,0.999555891811608,0.85593764885839,8599.73217983999,0.0516775801622578,0.793413101912459
21,10,117,106.17844340127,0.175314814735811,1.17885198879073,0.950050311033546,0.794195366961234,0.74298463810074,0.500824528421899,0.649299062701474,118.00451410675,1,0.808244075234925,8928.0049811094,0.0578396930306509,0.792858663761611
21,10,118,100.032664310835,0.200372872226754,1.15034636575113,0.950013732845802,0.831373981539634,0.671676811125707,0.60318587991768,0.52156476244203,107.726489153308,1,0.845345925080714,8314.68989628507,0.0675521330105963,0.782827760162292
21,10,119,90.5446345951056,0.202766630874743,1.198613938437,0.9514834232371,0.73069774344726,0.73128874712955,0.418772812038271,0.838132998546421,102.444815331867,1,0.786741032112261,7846.66391745923,0.0659660339601537,0.778833445053271
21,10,120,84.8863173367585,0.245187539819917,0.993734388185722,0.950000956704226,0.794470575967575,0.6048436169804,0.565114830887638,0.772085389694678,95.9136073492854,1,0.799621743825409,7466.21597150418,0.0752772660827068,0.777959544080314
21,10,121,87.5907071762117,0.280242398169382,1.01600852637337,0.950014269910419,0.845204739184165,0.875125664793355,0.470049813134858,0.528573474642945,90.2294803124825,1,0.867344058798891,7842.62368632292,0.0898183584865083,0.778249324172314
21,10,122,89.4815105393904,0.310827686741055,1.16975704327385,0.949893749447526,0.981837012175784,0.45540713993238,0.802261173302273,0.713497041353657,106.434456562232,0.99985288385042,0.772357499153327,7942.6418367562,0.0737116460283539,0.771155914482117
21,10,123,84.1028411205283,0.327861013596193,1.07643895763487,0.948758903661793,0.986924321244762,0.69775316835653,0.632379854461761,0.612958903495441,93.0573110812465,0.998281558916329,0.81534432906942,7740.4005454277,0.0817243478454237,0.777564572554576
21,10,124,82.1205580663823,0.33986818966856,0.899690657495727,0.961545928934578,0.964833872110063,0.782078899831109,0.723732185165517,0.932491467701108,89.2206899415887,1,0.811545721335049,7863.72805385049,0.0488270407197284,0.780570575389839
21,10,125,88.9153874942328,0.320850568707387,1.05096919203567,0.949996577787316,0.808549554915654,0.63979275837579,0.597536713479382,0.669183191084693,96.7163562869663,0.999995261551669,0.832634929584772,8157.61454896767,0.101081346730139,0.779720523479794
21,10,126,90.1262390658591,0.313241284598123,1.02825731598893,0.947684865252289,0.845534274378476,0.761702909549775,0.704076752018695,0.756247360685931,98.6446266757191,0.996794428810861,0.812019880396286,7966.6603824312,0.0742630212488914,0.782402118197512
21,10,127,97.3006124412925,0.266430283319481,1.07108066218032,0.949988125065504,0.730876410508652,0.619249395176194,0.589011509903212,0.728204112678381,109.117254673997,0.999983557783006,0.806510862769466,8916.14147040495,0.0886879898956945,0.778389490021835
21,10,128,103.236452538379,0.228750838234972,1.12848729516049,0.949999926336986,0.880083251137302,0.520518529571304,0.414463599398429,0.67806101484866,111.802589786114,0.999999898005058,0.845018285660586,9000.43663727418,0.0791179502115408,0.781908270482792
21,10,129,102.643662087438,0.227117198741668,1.21375169873401,0.949763339781174,0.664759274749413,1,1,0.935056293342968,119.939594587923,0.999672316620087,0.739998019372307,9094.67075131918,0.0364722216742085,0.770171974861328
21,10,130,106.46580963638,0.208417249620066,1.15636353804863,0.950281198252274,0.795539273096811,0.595552491531109,0.516834925341889,0.745432118961322,111.782328312069,1,0.86249649848843,9191.66086746811,0.0678189955843911,0.771519602442529
21,10,131,106.016157375938,0.170247407751922,1.16566844715766,0.950000126317787,0.757236015042035,0.6776975188244,0.393694731371713,0.721095035472339,118.918813045695,1,0.802404905882195,8691.88971792787,0.060654039041939,0.779330097829962
21,10,132,100.76452735662,0.18128196318968,1.07772703877543,0.949938758054524,0.799641688967249,0.564097629633895,0.638153481089595,0.702228488783415,114.303477559484,0.999915203460111,0.802405972516357,8970.24345577942,0.0571763342924102,0.785362982547145
21,10,133,86.1895383425474,0.187138693077718,1.00312922746074,0.950000319208365,0.803201673760042,0.555844416883558,0.504979384672549,0.440150932729616,102.4309199183,1,0.777676240425012,7122.07335063264,0.0763140004666903,0.775627654369827
21,10,134,79.0235346165297,0.181706421934193,0.884566249140759,0.950252023821164,0.557298947863373,0.340668454086185,0.300021380624974,0.536659766309129,90.3581569424459,1,0.820206771559936,6279.71831390829,0.0998396526639567,0.787626303516546
21,10,135,79.8846345000941,0.207099189417285,0.920030342405979,0.950058747253842,0.658164354005175,0.526632366884535,0.312562562474733,0.550011779686458,92.5462572753446,1,0.7950766114755,6609.28016970428,0.0983375693046651,0.773892364153843
21,10,136,77.193561444422,0.242569759215564,0.914767648827584,0.954009468545,0.996832418523997,0.574458439372877,0.561866362930591,0.501782509497392,83.2735718525486,1,0.852360933440492,6361.13902765721,0.0751692718491264,0.767309348835066
21,10,137,80.4817054208622,0.268386225272444,1.05000015501588,0.949999991697085,0.604893593379938,0.332097586217998,0.405263542089775,0.405286030604586,91.7110592436424,0.999999988503657,0.82982024204738,6519.85011166906,0.146575234792397,0.776038930568922
21,10,138,92.7397445883961,0.290979103464046,1.09226856951299,0.948610228410946,0.991512375792788,0.416232684073701,0.81394208064312,0.526327700828652,107.662092153174,0.998075700876695,0.801096276206997,8053.09967495774,0.0825444993082056,0.788712685759179
21,10,139,100.223284293128,0.311081006753201,1.23160458287091,0.950000965729811,0.99317352589623,0.887468753750151,0.358797767762761,0.988903550403723,111.886278285392,1,0.780223881381866,8498.5134930821,0.0560622708324365,0.785611171957482
21,10,140,99.5812720591521,0.292245764142423,1.08814517153177,0.9510908296166,0.636203078304478,0.932929307376631,0.675291958954336,0.601493993293732,109.660534403859,1,0.804055877106736,8322.48811977944,0.0946787892377283,0.779131263935781
21,10,141,99.9540269324751,0.265203740803983,1.19978530317419,0.949983523858965,0.73733026460138,0.760227679332271,0.65121844193224,0.858741499563561,109.412552015761,0.999977186881644,0.810193000362676,8899.01680741962,0.0702411945611802,0.770116723844945
21,10,142,98.208220021066,0.230322070946928,1.2201449194433,0.950156283563002,0.744186292694115,0.427969104368495,0.856927957388528,0.495506016391985,111.737469401417,1,0.819484350670876,8443.07241216594,0.0863367002961145,0.778764768272658
21,10,143,93.5467298070863,0.202956450753305,1.1084195030154,0.950000000000001,0.712291346875737,0.642108026346316,0.618735641309496,0.550576790660487,105.061046044046,1,0.811489896022685,8323.78838607462,0.0758503578180471,0.786884695970536
21,10,144,90.0130774191148,0.206902807499242,0.973422831907412,0.949999956829338,0.679319115769433,0.724575592757257,0.379288117620785,0.559363586321307,98.0417153681061,0.999999940225237,0.830102932349277,7645.6856942414,0.0860956064423404,0.78804241761576
21,10,145,86.8358703490868,0.19480178263149,1.00575754682662,0.949585024601773,0.789953292198798,0.301929296239599,0.44039439272763,0.323404682708325,99.2893630904497,0.999425418679377,0.832768251273834,7766.0675595323,0.0974474538478157,0.79543329152818
21,10,146,80.1882889891216,0.203053951902532,0.854190012807327,0.950248489553093,0.730176709132935,0.604531217530687,0.363886226446151,0.596219057508527,90.0267912492801,1,0.81252919060796,7158.18223380285,0.084021800951227,0.776251866941883
21,10,147,79.6093864905729,0.195231925287895,0.90456643541355,0.950170978715498,0.820628605641361,0.439489012767121,0.299999994433863,0.418131937521117,89.5442723405539,1,0.831636999614844,6871.98104378675,0.0915909067733459,0.780146601136036
21,10,148,80.0450585258803,0.1913167933121,0.944102379356479,0.950000000204696,0.841750411212478,0.404620847551974,0.325593833085834,0.403535924280477,94.1311317183826,1,0.798701499718868,7405.59890816688,0.089259396287805,0.790207415619376
21,10,149,89.7895858756912,0.219423643470897,0.927469047533932,0.951281851209189,0.728144106523361,0.76947544302635,0.904543947943372,0.751018486238399,104.413137644903,1,0.766433740771294,8444.50525980783,0.0522185641448671,0.779738595979388
21,10,150,93.8036871914379,0.226949653805855,0.98794931899117,0.949999884104456,0.822410965116152,0.421404362435858,0.793743212701706,0.310778972231123,108.471951488931,0.999999839529246,0.815218686991467,7798.87075476912,0.0907480866128626,0.778548714795444
21,10,151,97.1124926961737,0.248082690942061,1.17241388318472,0.950000094732449,0.725593953733909,0.638049596449285,0.396947063501444,0.636784697137462,113.896660457835,1,0.773709218552007,7930.57262409321,0.0979594974302815,0.772749814674485
21,10,152,105.75313430533,0.296996764011349,1.22159367066426,0.94999999976356,0.922862486200299,0.421362549457986,0.76231853111608,0.894948829292997,111.830862928709,0.999999999672622,0.86295296194146,9300.67877879741,0.0685998451667802,0.774280323146491
21,10,153,109.795292592328,0.326685387006698,1.06670438543472,0.950861187865013,1,0.739617478005806,0.809735997222392,1,115.165883017259,1,0.840739542210436,9742.37026106588,0.0342763713104448,0.793212268816814
21,10,154,104.495153880367,0.344716765742229,1.27820429020839,0.949999999999998,0.697789467021676,0.385953728897432,0.927333950654379,0.977320255394045,116.348320694451,0.999999999999998,0.81853365583334,9427.00053963219,0.0916267368759308,0.771385862892532
21,10,155,96.2422112206365,0.380676062949313,1.22171755541499,0.952459437462105,0.769850723002492,0.81123042445786,0.741525475356699,0.576433183169458,102.471382445123,1,0.841806060123184,8246.0092181259,0.112995032902172,0.783199493300218
21,10,156,91.8822553436742,0.368267090989062,0.954494368249009,0.949999786925431,0.801069874027849,0.556257425205266,0.493893660226545,0.925159242891998,96.463530034029,0.999999704973674,0.85723801928229,7760.27494839356,0.106587788963401,0.774420539425737
21,10,157,85.8174612967172,0.345799186480215,1.07025245250191,0.952153808361538,0.931406117672178,0.512074303688569,0.833628113937436,0.766676007567524,89.5322367858222,1,0.873589220225975,7608.14018390611,0.0772653216324731,0.781870430169328
21,10,158,82.1060195818676,0.35129901793789,1.0170721130006,0.951241042039921,0.892528195631744,0.477409473026335,0.597118052973828,0.586015180605124,97.3456906468006,1,0.778877519060815,7580.5343473752,0.117950057718863,0.779556762194311
21,10,159,81.2027507825595,0.318566400853784,1.08667311165248,0.949999592110884,0.71449364856768,0.753247645256191,0.704484195126535,0.761233404716497,88.6608125060818,0.999999435230454,0.817021816822329,7233.21374227481,0.090198080512129,0.780269188670515
21,10,160,84.9043801907193,0.337003796323521,1.05366816062215,0.950000036707676,0.743328514364365,0.662020538625164,0.743348388891682,0.463761495172133,94.4422812741673,1,0.821741634309301,7490.4959967481,0.119994000201949,0.775774985148665
21,10,161,86.1814100361116,0.329277109694517,1.04885105850583,0.949612618677067,0.987363169667232,0.558425190454672,0.299839227424966,0.842647263881182,96.4889773999162,0.999463625860555,0.806845137288301,7743.93633574258,0.0932765313336842,0.775236455578579
21,10,162,95.1007697890173,0.355757429812284,1.10095859784931,0.96154037990414,0.975523441760172,0.394582924148305,0.996621551408669,0.865223554769349,111.764789399715,1,0.779661946647889,9068.39285078538,0.0611588538964122,0.770904680148175
21,10,163,100.300331203515,0.330736584035419,1.18102594247011,0.95162416017788,0.80233355892801,0.867189018451452,0.681017392781661,0.803063513751408,107.607606493015,1,0.82129799293687,9432.9146054325,0.0755617632907938,0.782530001727995
21,10,164,105.669420057439,0.310073659044916,1.10680632225393,0.961112037752004,0.929392991547255,0.952389751285432,0.999326952635613,0.635140170396218,113.497705278603,1,0.821484164159238,9690.55027253716,0.0448465314712917,0.77911470502024
21,10,165,106.782145971783,0.305746203491732,1.21452455050088,0.950685106961481,0.827298416679494,0.348782120091995,0.697433747260085,0.883244486390202,123.770764771861,1,0.793053378128546,9416.91972432147,0.0894744529041217,0.780711809496764
21,10,166,103.698222958077,0.314569786972262,1.14666879372463,0.951643262285519,0.848456636404074,0.765496350784809,0.818641386677873,0.844115102372619,117.032626369627,1,0.786076323013304,9474.26988231596,0.0599235881680321,0.774235216122194
21,10,167,91.5076422714472,0.32439585059506,1.0178193603437,0.952162136226757,0.779759871333007,0.459287987617789,0.698774297622614,0.750709110244929,97.6072709786298,1,0.859333715482858,7801.61715855779,0.102827019486585,0.768200784581105
21,10,168,86.4735405823864,0.350677069794794,0.919904466027861,0.950856818299495,0.89299042827492,0.829462320052013,0.299999909874897,0.793086959653551,93.5443335580943,1,0.817679496092133,7651.29465238291,0.0981469409301535,0.771654565159704
21,10,169,84.7024260271356,0.350804276019392,0.88356440279449,0.948079881608219,0.999999999999999,0.891878689077029,0.938702768017304,0.598268217648684,90.9702468542217,0.997341374534457,0.825382731551932,7886.91850761131,0.0533763537794658,0.798140564968715
21,10,170,83.6679988832376,0.347241466629261,0.889049672930376,0.950003517521352,0.840032337018561,0.446277491407775,0.754401744830716,0.810293227987237,91.6538723944288,1,0.835008559324896,7418.58033361745,0.0945208903791841,0.767264925562008
21,10,171,79.7150781068283,0.3240794640585,0.941019379698289,0.951941488165741,0.991514992805932,0.949331993819988,0.598813953285286,0.923395817399258,93.9837953130744,1,0.737330887956273,7289.31543997772,0.0426094003492394,0.783207974679804
21,10,172,80.7833516167745,0.334784841095343,1.02086152476747,0.955888187672577,0.982339584468891,0.91820070965188,0.970160326058029,0.588200888326619,85.5512676854419,1,0.837776737024541,7327.57221347594,0.0501583789912052,0.77805430826727
21,10,173,86.7825314630678,0.339486678458299,1.08485781174158,0.956451123989465,0.796135973903839,0.803395132074745,0.426252428318546,0.771368851372623,94.1722303344436,1,0.817958684400913,7394.79649176782,0.101387216777104,0.772697491592088
21,10,174,93.9986915979083,0.343399564884259,1.11409919295755,0.949999781450099,0.994637021137606,0.901736855304382,0.9496216759052,0.999910653836951,113.369480037717,0.999999697392445,0.720881896513831,8346.44735984371,0.017054049987429,0.774324523847923
21,10,175,103.53645826134,0.322187696685253,1.15445045531458,0.948415461736319,0.794027725796539,0.972175281006867,0.709602992014327,0.876173737128796,108.638249779241,0.997806023942595,0.827063609105149,9348.76296484895,0.0600815757424311,0.787534807222254
21,10,176,105.145575864774,0.302356555624676,1.39999996115784,0.950000777387111,0.999998912056388,0.6690331063581,0.372988996903305,0.980392016815346,119.773268477317,1,0.779826672240064,8796.07207413085,0.0697081750822066,0.76469799191627
21,10,177,101.355842578057,0.268328461890369,1.12543767761537,0.949980450313726,0.720500601727076,0.627697054421278,0.662827709866493,0.841492907086,102.382126937213,0.999972931203621,0.889235026049418,8813.95254044003,0.0783252258358453,0.779317053955927
21,10,178,98.6946018651926,0.269399256059696,1.22785269306189,0.950059734425213,0.804494270295974,0.583188386373682,0.435964765776854,0.781112418709498,112.627177921379,1,0.79289373434727,8134.8159074348,0.0911126321372878,0.772788480884661
21,10,179,95.2055536071985,0.270462484897133,1.07199367556003,0.950420664317723,0.762286524128329,0.694801085067699,0.632473821646999,0.614218402769357,110.45038700029,1,0.7791284994027,8175.35745974045,0.088734997071924,0.782851340105811
